TESTSUITENAME,QCT_Simple_Customer_order_Enhancements_W_MAIN_ Test Plan
PRINTOUTPUTHEADING,
STARTPOINT,
SALOGIN,$SA1,$SA1,TRUE,TRUE,Comment


COMMENT, Test Cases:23

COMMENT, Test Environment Setup
SELECTCLASSESANDPRODUCTS,$SA1,$SESSION1,7,1,CLASS,2,PRODUCT,$HYBRIDCLASSLIST1,TRUE,TRUE,Comment
VERIFYSESSIONSTATE,$SA1,$SESSION1,2,TRUE,TRUE,Comment

COMMENT, User Setup
CREATEUSER,$SA1,$MM1,$MM1EXCHANGE,$MM1EXECFIRM,M,1,Automated API $MM1 User,FALSE,TRUE,TRUE,New User for Clearing Firm "671" and Exchange "CBOE" !
VERIFYUSEREXISTENCE,$SA1,$MM1EXCHANGE,$MM1,M,TRUE,TRUE,TRUE,Comment
CREATEUSER,$SA1,$CUST1,$CUST1EXCHANGE,$CUST1EXECFIRM,X,1,Automated API $CUST1 User,FALSE,TRUE,TRUE,New User for Clearing Firm "671" and Exchange "CBOE" !
VERIFYUSEREXISTENCE,$SA1,$CUST1EXCHANGE,$CUST1,X,TRUE,TRUE,TRUE,Comment
CREATEUSER,$SA1,$HOMT1,$HOMT1EXCHANGE,$HOMT1EXECFIRM,A,1,Automated API $HOMT1 User,FALSE,TRUE,TRUE,New User for Clearing Firm "671" and Exchange "CBOE" !
VERIFYUSEREXISTENCE,$SA1,$HOMT1EXCHANGE,$HOMT1,A,TRUE,TRUE,TRUE,Comment
TRADERLOGIN,$MM1,$MM1,$CASANDPORT,TRUE,TRUE,Comment
TRADERLOGIN,$CUST1,$CUST1,$CASANDPORT,TRUE,TRUE,Comment
OMTLOGIN,$HOMT1,$HOMT1,$CASANDPORT,TRUE,TRUE,Comment


COMMENT, Trading Property Setup
SETALLOWMARKETORDER,$SA1,$SESSION1,$CLASS1,TRUE,TRUE,TRUE,Comment
PAUSE,2000
VERIFYALLOWMARKETORDER,$SA1,$SESSION1,$CLASS1,TRUE,TRUE,TRUE,Comment
SETINDEXHYBRIDINDICATOR,$SA1,$SESSION1,$CLASS1,FALSE,TRUE,TRUE,Comment
PAUSE,2000
VERIFYINDEXHYBRIDINDICATOR,$SA1,$SESSION1,$CLASS1,FALSE,TRUE,TRUE,Comment
SETEXCHANGEPRESCRIBEDWIDTH,$SA1,$SESSION1,$CLASS1,0.0-3.0:0.5;3.0-10:1.0;10-99999:2.0,TRUE,TRUE,Comment
PAUSE,2000
VERIFYEXCHANGEPRESCRIBEDWIDTH,$SA1,$SESSION1,$CLASS1,0.0-3.0:0.5;3.0-10:1.0;10-99999:2.0,TRUE,TRUE,Comment
SETAUCTIONENABLED,$SA1,$SESSION1,$CLASS1,-8:false;5:false;1:false,TRUE,TRUE,Comment
PAUSE,2000
VERIFYAUCTIONENABLED,$SA1,$SESSION1,$CLASS1,-8:false;5:false;1:false,TRUE,TRUE,Comment
SETAUCTIONTIMETOLIVE,$SA1,$SESSION1,$CLASS1,-8:60000-60000;5:60000-60000;1:60000-60000,TRUE,TRUE,Comment
PAUSE,2000
VERIFYAUCTIONTIMETOLIVE,$SA1,$SESSION1,$CLASS1,-8:60000-60000;5:60000-60000;1:60000-60000,TRUE,TRUE,Comment
SETQCCMINVALUE,$SA1,$SESSION1,$CLASS1,500,TRUE,TRUE,Comment
PAUSE,2000
VERIFYQCCMINVALUE,$SA1,$SESSION1,$CLASS1,500,TRUE,TRUE,Comment

COMMENT, Routing Property Setup
SETFIRMVOLUMELIMIT,$SA1,$SESSION1,$MM1EXCHANGE,$MM1EXECFIRM,$CLASS1,49999,TRUE,TRUE,Comment
PAUSE,2000
VERIFYFIRMVOLUMELIMIT,$SA1,$SESSION1,$MM1EXCHANGE,$MM1EXECFIRM,$CLASS1,49999,TRUE,TRUE,Comment
SETVOLUMEDEVIATION,$SA1,$SESSION1,$MM1EXCHANGE,$MM1EXECFIRM,$CLASS1,*,1,49999,All,$TE,SIMPLE,TRUE,TRUE,Comment
PAUSE,2000
VERIFYVOLUMEDEVIATION,$SA1,$SESSION1,$MM1EXCHANGE,$MM1EXECFIRM,$CLASS1,*,1,49999,All,$TE,SIMPLE,TRUE,TRUE,Comment
SETHELPDESKDEFAULTDESTINATION,$SA1,$SESSION1,$MM1EXCHANGE,$MM1EXECFIRM,$CLASS1,$HOMT1,TRUE,TRUE,Comment
PAUSE,2000
VERIFYHELPDESKDEFAULTDESTINATION,$SA1,$SESSION1,$MM1EXCHANGE,$MM1EXECFIRM,$CLASS1,$HOMT1:7,TRUE,TRUE,Comment
SETCOAELIGIBLE,$SA1,$SESSION1,$MM1EXCHANGE,$MM1EXECFIRM,$CLASS1,*,1,TRUE,TRUE,Comment
PAUSE,2000
VERIFYCOAELIGIBLE,$SA1,$SESSION1,$MM1EXCHANGE,$MM1EXECFIRM,$CLASS1,*,1,TRUE,TRUE,Comment


COMMENT, Pre-Test Settings
SETPRODUCTSTATEBYPRODUCT,$SA1,$SESSION1,$CLASS1PRODUCT1,$CLASS1,1,TRUE,TRUE,Comment
SETPRODUCTSTATEBYPRODUCT,$SA1,$SESSION1,$CLASS1PRODUCT1,$CLASS1,2,TRUE,TRUE,Comment
SETPRODUCTSTATEBYPRODUCT,$SA1,$SESSION1,$CLASS1PRODUCT1,$CLASS1,3,TRUE,TRUE,Comment
SETPRODUCTSTATEBYPRODUCT,$SA1,$SESSION1,$CLASS1PRODUCT1,$CLASS1,4,TRUE,TRUE,Comment
SUBSCRIBECURRENTMARKET,$MM1,$SESSION1,$CLASS1,$CLASS1PRODUCT1,TRUE,TRUE,Comment
SUBSCRIBERECAP,$MM1,$SESSION1,$CLASS1PRODUCT1,TRUE,TRUE,Comment
SUBSCRIBEAUCTION,$MM1,$SESSION1,$CLASS1,-8,TRUE,TRUE,Comment
SUBSCRIBEAUCTION,$MM1,$SESSION1,$CLASS1,5,TRUE,TRUE,Comment
SUBSCRIBEAUCTION,$MM1,$SESSION1,$CLASS1,1,TRUE,TRUE,Comment
SUBSCRIBECURRENTMARKETV4,$MM1,$CLASS1,$CLASS1PRODUCT1,0,TRUE,TRUE,Comment

COMMENT, Test Case 1:If a QCT trade price occurs better than the TOB;QCT order is traded
CLEARALLCALLBACKS,$MM1
SETPRODUCTSTATEBYPRODUCT,$SA1,$SESSION1,$CLASS1PRODUCT1,$CLASS1,1,TRUE,TRUE,Comment
PRODUCTSTATEQUERY,$SA1,$SESSION1,$CLASS1PRODUCT1,1,TRUE,TRUE,Comment
SETPRODUCTSTATEBYPRODUCT,$SA1,$SESSION1,$CLASS1PRODUCT1,$CLASS1,2,TRUE,TRUE,Comment
PRODUCTSTATEQUERY,$SA1,$SESSION1,$CLASS1PRODUCT1,2,TRUE,TRUE,Comment
SETPRODUCTSTATEBYPRODUCT,$SA1,$SESSION1,$CLASS1PRODUCT1,$CLASS1,3,TRUE,TRUE,Comment
PRODUCTSTATEQUERY,$SA1,$SESSION1,$CLASS1PRODUCT1,3,TRUE,TRUE,Comment
SETPRODUCTSTATEBYPRODUCT,$SA1,$SESSION1,$CLASS1PRODUCT1,$CLASS1,4,TRUE,TRUE,Comment
PRODUCTSTATEQUERY,$SA1,$SESSION1,$CLASS1PRODUCT1,4,TRUE,TRUE,Comment
UPDATEBOTR,$SA1,$SESSION1,$CLASS1,$CLASS1PRODUCT1,B,9.90,NYSE=100,TRUE,TRUE,Comment
UPDATEBOTR,$SA1,$SESSION1,$CLASS1,$CLASS1PRODUCT1,S,10.30,NYSE=100,TRUE,TRUE,Comment
TOPOFBOOKVERIFICATION,$MM1,$SESSION1,$CLASS1PRODUCT1,0,1,0,00,0,1,0,00,TRUE,TRUE,Comment
QUOTE,$MM1,2,10,00,100,2,10,20,100,$CLASS1PRODUCT1,$SESSION1,User Assigned Id..,TRUE,TRUE,Comment
CURRENTMARKETV4BESTMARKETQUERY,$MM1,CBOE,$CLASS1PRODUCT1,100,2,10,00,100,2,10,20,TRUE,TRUE,Comment
ORDER,$MM1,$MM1EXCHANGE,$MM1EXECFIRM,HTN,3517,ABC,*,$MM1EXCHANGE,$MM1,100,$CLASS1PRODUCT1,B,2,10,05,D,21/12/2003 6:00:00.0,1,1,0,00,0,-,-,-,$MM1,$MM1,C,FALSE,M,U,0,-,-,$SESSION1,TRUE,TRUE,Comment
CURRENTMARKETV4BESTMARKETQUERY,$MM1,CBOE,$CLASS1PRODUCT1,100,2,10,05,100,2,10,20,TRUE,TRUE,Comment
ORDER,$MM1,$MM1EXCHANGE,$MM1EXECFIRM,CGK,6958,ABC,*,$MM1EXCHANGE,$MM1,100,$CLASS1PRODUCT1,S,2,10,15,D,21/12/2003 6:00:00.0,1,1,0,00,0,-,-,-,$MM1,$MM1,C,FALSE,F,U,0,-,-,$SESSION1,TRUE,TRUE,Comment
CURRENTMARKETV4BESTMARKETQUERY,$MM1,CBOE,$CLASS1PRODUCT1,100,2,10,05,100,2,10,15,TRUE,TRUE,Comment
PAUSE,1000
TOPOFBOOKVERIFICATION,$MM1,$SESSION1,$CLASS1PRODUCT1,100,2,10,05,100,2,10,15,TRUE,TRUE,Comment
INTERNALIZEDORDER,$CUST1,2,$CUST1EXCHANGE,$CUST1EXECFIRM,FUG,8754,ABC,*,$CUST1EXCHANGE,$CUST1,500,$CLASS1PRODUCT1,B,2,10,10,D,21/12/2003 6:00:00.0,1,1,0,00,0,-,-,-,$CUST1,$CUST1,C,FALSE,M,U,0,A:AIQ;,-,$SESSION1,$CUST1EXCHANGE,$CUST1EXECFIRM,FUG,87541,ABC,*,$CUST1EXCHANGE,$CUST1,500,$CLASS1PRODUCT1,S,2,10,10,D,21/12/2003 6:00:00.0,1,1,0,00,0,-,-,-,$CUST1,$CUST1,C,FALSE,M,U,0,A:RE;,-,$SESSION1,TRUE,TRUE,Comment
PAUSE,1000
LASTSALEQUERY,$MM1,$SESSION1,$CLASS1PRODUCT1,2,10,10,500,TRUE,TRUE,Comment
ORDERFILLVERIFICATION,$CUST1,$CUST1EXCHANGE,$CUST1EXECFIRM,FUG,8754,ABC,*,0,0,3,500,1,2,10,10,TRUE,TRUE,Comment
ORDERFILLVERIFICATION,$CUST1,$CUST1EXCHANGE,$CUST1EXECFIRM,FUG,87541,ABC,*,0,0,3,500,1,2,10,10,TRUE,TRUE,Comment
CURRENTMARKETV4BESTMARKETQUERY,$MM1,CBOE,$CLASS1PRODUCT1,100,2,10,05,100,2,10,15,TRUE,TRUE,Comment
TOPOFBOOKVERIFICATION,$MM1,$SESSION1,$CLASS1PRODUCT1,100,2,10,05,100,2,10,15,TRUE,TRUE,Comment
INTERNALIZEDORDER,$CUST1,2,$CUST1EXCHANGE,$CUST1EXECFIRM,MUY,9033,ABC,*,$CUST1EXCHANGE,$CUST1,500,$CLASS1PRODUCT1,B,2,10,15,D,21/12/2003 6:00:00.0,1,1,0,00,0,-,-,-,$CUST1,$CUST1,C,FALSE,M,U,0,A:AIQ;,-,$SESSION1,$CUST1EXCHANGE,$CUST1EXECFIRM,MUY,90331,ABC,*,$CUST1EXCHANGE,$CUST1,500,$CLASS1PRODUCT1,S,2,10,10,D,21/12/2003 6:00:00.0,1,1,0,00,0,-,-,-,$CUST1,$CUST1,C,FALSE,M,U,0,A:RE;,-,$SESSION1,TRUE,TRUE,Comment
PAUSE,1000
LASTSALEQUERY,$MM1,$SESSION1,$CLASS1PRODUCT1,2,10,10,500,TRUE,TRUE,Comment
ORDERFILLVERIFICATION,$CUST1,$CUST1EXCHANGE,$CUST1EXECFIRM,MUY,9033,ABC,*,0,0,3,500,1,2,10,10,TRUE,TRUE,Comment
ORDERFILLVERIFICATION,$CUST1,$CUST1EXCHANGE,$CUST1EXECFIRM,MUY,90331,ABC,*,0,0,3,500,1,2,10,10,TRUE,TRUE,Comment
CURRENTMARKETV4BESTMARKETQUERY,$MM1,CBOE,$CLASS1PRODUCT1,100,2,10,05,100,2,10,15,TRUE,TRUE,Comment
TOPOFBOOKVERIFICATION,$MM1,$SESSION1,$CLASS1PRODUCT1,100,2,10,05,100,2,10,15,TRUE,TRUE,Comment
INTERNALIZEDORDER,$CUST1,2,$CUST1EXCHANGE,$CUST1EXECFIRM,NAC,186,ABC,*,$CUST1EXCHANGE,$CUST1,500,$CLASS1PRODUCT1,B,2,10,14,D,21/12/2003 6:00:00.0,1,1,0,00,0,-,-,-,$CUST1,$CUST1,C,FALSE,M,U,0,A:AIQ;,-,$SESSION1,$CUST1EXCHANGE,$CUST1EXECFIRM,NAC,1861,ABC,*,$CUST1EXCHANGE,$CUST1,500,$CLASS1PRODUCT1,S,2,10,12,D,21/12/2003 6:00:00.0,1,1,0,00,0,-,-,-,$CUST1,$CUST1,C,FALSE,M,U,0,A:RE;,-,$SESSION1,TRUE,TRUE,Comment
PAUSE,1000
LASTSALEQUERY,$MM1,$SESSION1,$CLASS1PRODUCT1,2,10,12,500,TRUE,TRUE,Comment
ORDERFILLVERIFICATION,$CUST1,$CUST1EXCHANGE,$CUST1EXECFIRM,NAC,186,ABC,*,0,0,3,500,1,2,10,12,TRUE,TRUE,Comment
ORDERFILLVERIFICATION,$CUST1,$CUST1EXCHANGE,$CUST1EXECFIRM,NAC,1861,ABC,*,0,0,3,500,1,2,10,12,TRUE,TRUE,Comment
CURRENTMARKETV4BESTMARKETQUERY,$MM1,CBOE,$CLASS1PRODUCT1,100,2,10,05,100,2,10,15,TRUE,TRUE,Comment
TOPOFBOOKVERIFICATION,$MM1,$SESSION1,$CLASS1PRODUCT1,100,2,10,05,100,2,10,15,TRUE,TRUE,Comment
ORDERCANCELBYIDNOWAIT,$MM1,$MM1EXCHANGE,$MM1EXECFIRM,HTN,3517,ABC,*,100,$SESSION1,1,TRUE,TRUE,Comment
ORDERCANCELVERIFICATION,$MM1,$MM1EXCHANGE,$MM1EXECFIRM,HTN,3517,ABC,*,$SESSION1,$CLASS1PRODUCT1,2,100,TRUE,TRUE,Comment
ORDERCANCELBYIDNOWAIT,$MM1,$MM1EXCHANGE,$MM1EXECFIRM,CGK,6958,ABC,*,100,$SESSION1,1,TRUE,TRUE,Comment
ORDERCANCELVERIFICATION,$MM1,$MM1EXCHANGE,$MM1EXECFIRM,CGK,6958,ABC,*,$SESSION1,$CLASS1PRODUCT1,2,100,TRUE,TRUE,Comment
QUOTECANCEL,$MM1,$SESSION1,$CLASS1PRODUCT1,2,TRUE,TRUE,Comment
QUOTECANCELVERIFICATION,$MM1,$SESSION1,$CLASS1PRODUCT1,2,TRUE,TRUE,Comment

COMMENT, Test Case 2:If a QCT trade price occurs equal TOB for PO and MO on Bid side;QCT order is canceled
CLEARALLCALLBACKS,$MM1
SETPRODUCTSTATEBYPRODUCT,$SA1,$SESSION1,$CLASS1PRODUCT1,$CLASS1,1,TRUE,TRUE,Comment
PRODUCTSTATEQUERY,$SA1,$SESSION1,$CLASS1PRODUCT1,1,TRUE,TRUE,Comment
SETPRODUCTSTATEBYPRODUCT,$SA1,$SESSION1,$CLASS1PRODUCT1,$CLASS1,2,TRUE,TRUE,Comment
PRODUCTSTATEQUERY,$SA1,$SESSION1,$CLASS1PRODUCT1,2,TRUE,TRUE,Comment
SETPRODUCTSTATEBYPRODUCT,$SA1,$SESSION1,$CLASS1PRODUCT1,$CLASS1,3,TRUE,TRUE,Comment
PRODUCTSTATEQUERY,$SA1,$SESSION1,$CLASS1PRODUCT1,3,TRUE,TRUE,Comment
SETPRODUCTSTATEBYPRODUCT,$SA1,$SESSION1,$CLASS1PRODUCT1,$CLASS1,4,TRUE,TRUE,Comment
PRODUCTSTATEQUERY,$SA1,$SESSION1,$CLASS1PRODUCT1,4,TRUE,TRUE,Comment
UPDATEBOTR,$SA1,$SESSION1,$CLASS1,$CLASS1PRODUCT1,B,9.90,NYSE=100,TRUE,TRUE,Comment
UPDATEBOTR,$SA1,$SESSION1,$CLASS1,$CLASS1PRODUCT1,S,10.30,NYSE=100,TRUE,TRUE,Comment
TOPOFBOOKVERIFICATION,$MM1,$SESSION1,$CLASS1PRODUCT1,0,1,0,00,0,1,0,00,TRUE,TRUE,Comment
QUOTE,$MM1,2,10,00,100,2,10,20,100,$CLASS1PRODUCT1,$SESSION1,User Assigned Id..,TRUE,TRUE,Comment
CURRENTMARKETV4BESTMARKETQUERY,$MM1,CBOE,$CLASS1PRODUCT1,100,2,10,00,100,2,10,20,TRUE,TRUE,Comment
ORDER,$MM1,$MM1EXCHANGE,$MM1EXECFIRM,EAA,9746,ABC,*,$MM1EXCHANGE,$MM1,100,$CLASS1PRODUCT1,B,2,10,05,D,21/12/2003 6:00:00.0,1,1,0,00,0,-,-,-,$MM1,$MM1,C,FALSE,C,U,0,-,-,$SESSION1,TRUE,TRUE,Comment
CURRENTMARKETV4BESTMARKETQUERY,$MM1,CBOE,$CLASS1PRODUCT1,100,2,10,05,100,2,10,20,TRUE,TRUE,Comment
ORDER,$MM1,$MM1EXCHANGE,$MM1EXECFIRM,CLY,7245,ABC,*,$MM1EXCHANGE,$MM1,100,$CLASS1PRODUCT1,S,2,10,15,D,21/12/2003 6:00:00.0,1,1,0,00,0,-,-,-,$MM1,$MM1,C,FALSE,C,U,0,-,-,$SESSION1,TRUE,TRUE,Comment
CURRENTMARKETV4BESTMARKETQUERY,$MM1,CBOE,$CLASS1PRODUCT1,100,2,10,05,100,2,10,15,TRUE,TRUE,Comment
PAUSE,1000
TOPOFBOOKVERIFICATION,$MM1,$SESSION1,$CLASS1PRODUCT1,100,2,10,05,100,2,10,15,TRUE,TRUE,Comment
INTERNALIZEDORDER,$CUST1,2,$CUST1EXCHANGE,$CUST1EXECFIRM,IHJ,172,ABC,*,$CUST1EXCHANGE,$CUST1,500,$CLASS1PRODUCT1,B,2,10,05,D,21/12/2003 6:00:00.0,1,1,0,00,0,-,-,-,$CUST1,$CUST1,C,FALSE,M,U,0,A:AIQ;,-,$SESSION1,$CUST1EXCHANGE,$CUST1EXECFIRM,IHJ,1721,ABC,*,$CUST1EXCHANGE,$CUST1,500,$CLASS1PRODUCT1,S,2,10,05,D,21/12/2003 6:00:00.0,1,1,0,00,0,-,-,-,$CUST1,$CUST1,C,FALSE,M,U,0,A:RE;,-,$SESSION1,TRUE,TRUE,Comment
PAUSE,1000
LASTSALEQUERY,$MM1,$SESSION1,$CLASS1PRODUCT1,2,10,05,500,FALSE,TRUE,Comment
ORDERCANCELVERIFICATION,$CUST1,$CUST1EXCHANGE,$CUST1EXECFIRM,IHJ,172,ABC,*,$SESSION1,$CLASS1PRODUCT1,3,500,TRUE,TRUE,Comment
ORDERCANCELVERIFICATION,$CUST1,$CUST1EXCHANGE,$CUST1EXECFIRM,IHJ,1721,ABC,*,$SESSION1,$CLASS1PRODUCT1,3,500,TRUE,TRUE,Comment
CURRENTMARKETV4BESTMARKETQUERY,$MM1,CBOE,$CLASS1PRODUCT1,100,2,10,05,100,2,10,15,TRUE,TRUE,Comment
TOPOFBOOKVERIFICATION,$MM1,$SESSION1,$CLASS1PRODUCT1,100,2,10,05,100,2,10,15,TRUE,TRUE,Comment
ORDERCANCELBYIDNOWAIT,$MM1,$MM1EXCHANGE,$MM1EXECFIRM,EAA,9746,ABC,*,100,$SESSION1,1,TRUE,TRUE,Comment
ORDERCANCELVERIFICATION,$MM1,$MM1EXCHANGE,$MM1EXECFIRM,EAA,9746,ABC,*,$SESSION1,$CLASS1PRODUCT1,2,100,TRUE,TRUE,Comment
ORDERCANCELBYIDNOWAIT,$MM1,$MM1EXCHANGE,$MM1EXECFIRM,CLY,7245,ABC,*,100,$SESSION1,1,TRUE,TRUE,Comment
ORDERCANCELVERIFICATION,$MM1,$MM1EXCHANGE,$MM1EXECFIRM,CLY,7245,ABC,*,$SESSION1,$CLASS1PRODUCT1,2,100,TRUE,TRUE,Comment
QUOTECANCEL,$MM1,$SESSION1,$CLASS1PRODUCT1,2,TRUE,TRUE,Comment
QUOTECANCELVERIFICATION,$MM1,$SESSION1,$CLASS1PRODUCT1,2,TRUE,TRUE,Comment

COMMENT, Test Case 3:If a QCT trade price occurs equal TOB for PO and MO on Ask side;QCT order is canceled
CLEARALLCALLBACKS,$MM1
SETPRODUCTSTATEBYPRODUCT,$SA1,$SESSION1,$CLASS1PRODUCT1,$CLASS1,1,TRUE,TRUE,Comment
PRODUCTSTATEQUERY,$SA1,$SESSION1,$CLASS1PRODUCT1,1,TRUE,TRUE,Comment
SETPRODUCTSTATEBYPRODUCT,$SA1,$SESSION1,$CLASS1PRODUCT1,$CLASS1,2,TRUE,TRUE,Comment
PRODUCTSTATEQUERY,$SA1,$SESSION1,$CLASS1PRODUCT1,2,TRUE,TRUE,Comment
SETPRODUCTSTATEBYPRODUCT,$SA1,$SESSION1,$CLASS1PRODUCT1,$CLASS1,3,TRUE,TRUE,Comment
PRODUCTSTATEQUERY,$SA1,$SESSION1,$CLASS1PRODUCT1,3,TRUE,TRUE,Comment
SETPRODUCTSTATEBYPRODUCT,$SA1,$SESSION1,$CLASS1PRODUCT1,$CLASS1,4,TRUE,TRUE,Comment
PRODUCTSTATEQUERY,$SA1,$SESSION1,$CLASS1PRODUCT1,4,TRUE,TRUE,Comment
UPDATEBOTR,$SA1,$SESSION1,$CLASS1,$CLASS1PRODUCT1,B,9.90,NYSE=100,TRUE,TRUE,Comment
UPDATEBOTR,$SA1,$SESSION1,$CLASS1,$CLASS1PRODUCT1,S,10.30,NYSE=100,TRUE,TRUE,Comment
TOPOFBOOKVERIFICATION,$MM1,$SESSION1,$CLASS1PRODUCT1,0,1,0,00,0,1,0,00,TRUE,TRUE,Comment
QUOTE,$MM1,2,10,00,100,2,10,20,100,$CLASS1PRODUCT1,$SESSION1,User Assigned Id..,TRUE,TRUE,Comment
CURRENTMARKETV4BESTMARKETQUERY,$MM1,CBOE,$CLASS1PRODUCT1,100,2,10,00,100,2,10,20,TRUE,TRUE,Comment
ORDER,$MM1,$MM1EXCHANGE,$MM1EXECFIRM,GXH,3083,ABC,*,$MM1EXCHANGE,$MM1,100,$CLASS1PRODUCT1,B,2,10,05,D,21/12/2003 6:00:00.0,1,1,0,00,0,-,-,-,$MM1,$MM1,C,FALSE,C,U,0,-,-,$SESSION1,TRUE,TRUE,Comment
CURRENTMARKETV4BESTMARKETQUERY,$MM1,CBOE,$CLASS1PRODUCT1,100,2,10,05,100,2,10,20,TRUE,TRUE,Comment
ORDER,$MM1,$MM1EXCHANGE,$MM1EXECFIRM,IJK,4094,ABC,*,$MM1EXCHANGE,$MM1,100,$CLASS1PRODUCT1,S,2,10,15,D,21/12/2003 6:00:00.0,1,1,0,00,0,-,-,-,$MM1,$MM1,C,FALSE,C,U,0,-,-,$SESSION1,TRUE,TRUE,Comment
CURRENTMARKETV4BESTMARKETQUERY,$MM1,CBOE,$CLASS1PRODUCT1,100,2,10,05,100,2,10,15,TRUE,TRUE,Comment
PAUSE,1000
TOPOFBOOKVERIFICATION,$MM1,$SESSION1,$CLASS1PRODUCT1,100,2,10,05,100,2,10,15,TRUE,TRUE,Comment
INTERNALIZEDORDER,$CUST1,2,$CUST1EXCHANGE,$CUST1EXECFIRM,VJR,5607,ABC,*,$CUST1EXCHANGE,$CUST1,500,$CLASS1PRODUCT1,B,2,10,15,D,21/12/2003 6:00:00.0,1,1,0,00,0,-,-,-,$CUST1,$CUST1,C,FALSE,M,U,0,A:AIQ;,-,$SESSION1,$CUST1EXCHANGE,$CUST1EXECFIRM,VJR,56071,ABC,*,$CUST1EXCHANGE,$CUST1,500,$CLASS1PRODUCT1,S,2,10,15,D,21/12/2003 6:00:00.0,1,1,0,00,0,-,-,-,$CUST1,$CUST1,C,FALSE,M,U,0,A:RE;,-,$SESSION1,TRUE,TRUE,Comment
ORDERCANCELVERIFICATION,$CUST1,$CUST1EXCHANGE,$CUST1EXECFIRM,VJR,5607,ABC,*,$SESSION1,$CLASS1PRODUCT1,3,500,TRUE,TRUE,Comment
ORDERCANCELVERIFICATION,$CUST1,$CUST1EXCHANGE,$CUST1EXECFIRM,VJR,56071,ABC,*,$SESSION1,$CLASS1PRODUCT1,3,500,TRUE,TRUE,Comment
CURRENTMARKETV4BESTMARKETQUERY,$MM1,CBOE,$CLASS1PRODUCT1,100,2,10,05,100,2,10,15,TRUE,TRUE,Comment
TOPOFBOOKVERIFICATION,$MM1,$SESSION1,$CLASS1PRODUCT1,100,2,10,05,100,2,10,15,TRUE,TRUE,Comment
ORDERCANCELBYIDNOWAIT,$MM1,$MM1EXCHANGE,$MM1EXECFIRM,GXH,3083,ABC,*,100,$SESSION1,1,TRUE,TRUE,Comment
ORDERCANCELVERIFICATION,$MM1,$MM1EXCHANGE,$MM1EXECFIRM,GXH,3083,ABC,*,$SESSION1,$CLASS1PRODUCT1,2,100,TRUE,TRUE,Comment
ORDERCANCELBYIDNOWAIT,$MM1,$MM1EXCHANGE,$MM1EXECFIRM,IJK,4094,ABC,*,100,$SESSION1,1,TRUE,TRUE,Comment
ORDERCANCELVERIFICATION,$MM1,$MM1EXCHANGE,$MM1EXECFIRM,IJK,4094,ABC,*,$SESSION1,$CLASS1PRODUCT1,2,100,TRUE,TRUE,Comment
QUOTECANCEL,$MM1,$SESSION1,$CLASS1PRODUCT1,2,TRUE,TRUE,Comment
QUOTECANCELVERIFICATION,$MM1,$SESSION1,$CLASS1PRODUCT1,2,TRUE,TRUE,Comment

COMMENT, Test Case 4:If a QCT trade price occurs equal TOB for PO on Ask side and MO on Bid side;QCT order is canceled
CLEARALLCALLBACKS,$MM1
SETPRODUCTSTATEBYPRODUCT,$SA1,$SESSION1,$CLASS1PRODUCT1,$CLASS1,1,TRUE,TRUE,Comment
PRODUCTSTATEQUERY,$SA1,$SESSION1,$CLASS1PRODUCT1,1,TRUE,TRUE,Comment
SETPRODUCTSTATEBYPRODUCT,$SA1,$SESSION1,$CLASS1PRODUCT1,$CLASS1,2,TRUE,TRUE,Comment
PRODUCTSTATEQUERY,$SA1,$SESSION1,$CLASS1PRODUCT1,2,TRUE,TRUE,Comment
SETPRODUCTSTATEBYPRODUCT,$SA1,$SESSION1,$CLASS1PRODUCT1,$CLASS1,3,TRUE,TRUE,Comment
PRODUCTSTATEQUERY,$SA1,$SESSION1,$CLASS1PRODUCT1,3,TRUE,TRUE,Comment
SETPRODUCTSTATEBYPRODUCT,$SA1,$SESSION1,$CLASS1PRODUCT1,$CLASS1,4,TRUE,TRUE,Comment
PRODUCTSTATEQUERY,$SA1,$SESSION1,$CLASS1PRODUCT1,4,TRUE,TRUE,Comment
UPDATEBOTR,$SA1,$SESSION1,$CLASS1,$CLASS1PRODUCT1,B,9.90,NYSE=100,TRUE,TRUE,Comment
UPDATEBOTR,$SA1,$SESSION1,$CLASS1,$CLASS1PRODUCT1,S,10.30,NYSE=100,TRUE,TRUE,Comment
TOPOFBOOKVERIFICATION,$MM1,$SESSION1,$CLASS1PRODUCT1,0,1,0,00,0,1,0,00,TRUE,TRUE,Comment
QUOTE,$MM1,2,10,00,100,2,10,20,100,$CLASS1PRODUCT1,$SESSION1,User Assigned Id..,TRUE,TRUE,Comment
CURRENTMARKETV4BESTMARKETQUERY,$MM1,CBOE,$CLASS1PRODUCT1,100,2,10,00,100,2,10,20,TRUE,TRUE,Comment
ORDER,$MM1,$MM1EXCHANGE,$MM1EXECFIRM,YDV,9687,ABC,*,$MM1EXCHANGE,$MM1,100,$CLASS1PRODUCT1,B,2,10,05,D,21/12/2003 6:00:00.0,1,1,0,00,0,-,-,-,$MM1,$MM1,C,FALSE,C,U,0,-,-,$SESSION1,TRUE,TRUE,Comment
CURRENTMARKETV4BESTMARKETQUERY,$MM1,CBOE,$CLASS1PRODUCT1,100,2,10,05,100,2,10,20,TRUE,TRUE,Comment
ORDER,$MM1,$MM1EXCHANGE,$MM1EXECFIRM,PQI,9987,ABC,*,$MM1EXCHANGE,$MM1,100,$CLASS1PRODUCT1,S,2,10,15,D,21/12/2003 6:00:00.0,1,1,0,00,0,-,-,-,$MM1,$MM1,C,FALSE,C,U,0,-,-,$SESSION1,TRUE,TRUE,Comment
CURRENTMARKETV4BESTMARKETQUERY,$MM1,CBOE,$CLASS1PRODUCT1,100,2,10,05,100,2,10,15,TRUE,TRUE,Comment
PAUSE,1000
TOPOFBOOKVERIFICATION,$MM1,$SESSION1,$CLASS1PRODUCT1,100,2,10,05,100,2,10,15,TRUE,TRUE,Comment
INTERNALIZEDORDER,$CUST1,2,$CUST1EXCHANGE,$CUST1EXECFIRM,WOM,280,ABC,*,$CUST1EXCHANGE,$CUST1,500,$CLASS1PRODUCT1,B,2,10,15,D,21/12/2003 6:00:00.0,1,1,0,00,0,-,-,-,$CUST1,$CUST1,C,FALSE,M,U,0,A:AIQ;,-,$SESSION1,$CUST1EXCHANGE,$CUST1EXECFIRM,WOM,2801,ABC,*,$CUST1EXCHANGE,$CUST1,500,$CLASS1PRODUCT1,S,2,10,05,D,21/12/2003 6:00:00.0,1,1,0,00,0,-,-,-,$CUST1,$CUST1,C,FALSE,M,U,0,A:RE;,-,$SESSION1,TRUE,TRUE,Comment
ORDERCANCELVERIFICATION,$CUST1,$CUST1EXCHANGE,$CUST1EXECFIRM,WOM,280,ABC,*,$SESSION1,$CLASS1PRODUCT1,3,500,TRUE,TRUE,Comment
ORDERCANCELVERIFICATION,$CUST1,$CUST1EXCHANGE,$CUST1EXECFIRM,WOM,2801,ABC,*,$SESSION1,$CLASS1PRODUCT1,3,500,TRUE,TRUE,Comment
CURRENTMARKETV4BESTMARKETQUERY,$MM1,CBOE,$CLASS1PRODUCT1,100,2,10,05,100,2,10,15,TRUE,TRUE,Comment
TOPOFBOOKVERIFICATION,$MM1,$SESSION1,$CLASS1PRODUCT1,100,2,10,05,100,2,10,15,TRUE,TRUE,Comment
ORDERCANCELBYIDNOWAIT,$MM1,$MM1EXCHANGE,$MM1EXECFIRM,YDV,9687,ABC,*,100,$SESSION1,1,TRUE,TRUE,Comment
ORDERCANCELVERIFICATION,$MM1,$MM1EXCHANGE,$MM1EXECFIRM,YDV,9687,ABC,*,$SESSION1,$CLASS1PRODUCT1,2,100,TRUE,TRUE,Comment
ORDERCANCELBYIDNOWAIT,$MM1,$MM1EXCHANGE,$MM1EXECFIRM,PQI,9987,ABC,*,100,$SESSION1,1,TRUE,TRUE,Comment
ORDERCANCELVERIFICATION,$MM1,$MM1EXCHANGE,$MM1EXECFIRM,PQI,9987,ABC,*,$SESSION1,$CLASS1PRODUCT1,2,100,TRUE,TRUE,Comment
QUOTECANCEL,$MM1,$SESSION1,$CLASS1PRODUCT1,2,TRUE,TRUE,Comment
QUOTECANCELVERIFICATION,$MM1,$SESSION1,$CLASS1PRODUCT1,2,TRUE,TRUE,Comment

COMMENT, Test Case 5:If a QCT trade price occurs equal TOB only for MO on Ask side and PO is better than the TOB;QCT order is rejected
CLEARALLCALLBACKS,$MM1
SETPRODUCTSTATEBYPRODUCT,$SA1,$SESSION1,$CLASS1PRODUCT1,$CLASS1,1,TRUE,TRUE,Comment
PRODUCTSTATEQUERY,$SA1,$SESSION1,$CLASS1PRODUCT1,1,TRUE,TRUE,Comment
SETPRODUCTSTATEBYPRODUCT,$SA1,$SESSION1,$CLASS1PRODUCT1,$CLASS1,2,TRUE,TRUE,Comment
PRODUCTSTATEQUERY,$SA1,$SESSION1,$CLASS1PRODUCT1,2,TRUE,TRUE,Comment
SETPRODUCTSTATEBYPRODUCT,$SA1,$SESSION1,$CLASS1PRODUCT1,$CLASS1,3,TRUE,TRUE,Comment
PRODUCTSTATEQUERY,$SA1,$SESSION1,$CLASS1PRODUCT1,3,TRUE,TRUE,Comment
SETPRODUCTSTATEBYPRODUCT,$SA1,$SESSION1,$CLASS1PRODUCT1,$CLASS1,4,TRUE,TRUE,Comment
PRODUCTSTATEQUERY,$SA1,$SESSION1,$CLASS1PRODUCT1,4,TRUE,TRUE,Comment
UPDATEBOTR,$SA1,$SESSION1,$CLASS1,$CLASS1PRODUCT1,B,9.90,NYSE=100,TRUE,TRUE,Comment
UPDATEBOTR,$SA1,$SESSION1,$CLASS1,$CLASS1PRODUCT1,S,10.30,NYSE=100,TRUE,TRUE,Comment
TOPOFBOOKVERIFICATION,$MM1,$SESSION1,$CLASS1PRODUCT1,0,1,0,00,0,1,0,00,TRUE,TRUE,Comment
QUOTE,$MM1,2,10,00,100,2,10,20,100,$CLASS1PRODUCT1,$SESSION1,User Assigned Id..,TRUE,TRUE,Comment
CURRENTMARKETV4BESTMARKETQUERY,$MM1,CBOE,$CLASS1PRODUCT1,100,2,10,00,100,2,10,20,TRUE,TRUE,Comment
ORDER,$MM1,$MM1EXCHANGE,$MM1EXECFIRM,IXH,3745,ABC,*,$MM1EXCHANGE,$MM1,100,$CLASS1PRODUCT1,B,2,10,05,D,21/12/2003 6:00:00.0,1,1,0,00,0,-,-,-,$MM1,$MM1,C,FALSE,C,U,0,-,-,$SESSION1,TRUE,TRUE,Comment
CURRENTMARKETV4BESTMARKETQUERY,$MM1,CBOE,$CLASS1PRODUCT1,100,2,10,05,100,2,10,20,TRUE,TRUE,Comment
ORDER,$MM1,$MM1EXCHANGE,$MM1EXECFIRM,WPJ,674,ABC,*,$MM1EXCHANGE,$MM1,100,$CLASS1PRODUCT1,S,2,10,15,D,21/12/2003 6:00:00.0,1,1,0,00,0,-,-,-,$MM1,$MM1,C,FALSE,C,U,0,-,-,$SESSION1,TRUE,TRUE,Comment
CURRENTMARKETV4BESTMARKETQUERY,$MM1,CBOE,$CLASS1PRODUCT1,100,2,10,05,100,2,10,15,TRUE,TRUE,Comment
PAUSE,1000
TOPOFBOOKVERIFICATION,$MM1,$SESSION1,$CLASS1PRODUCT1,100,2,10,05,100,2,10,15,TRUE,TRUE,Comment
INTERNALIZEDORDER,$CUST1,2,$CUST1EXCHANGE,$CUST1EXECFIRM,RTO,1167,ABC,*,$CUST1EXCHANGE,$CUST1,500,$CLASS1PRODUCT1,B,2,10,10,D,21/12/2003 6:00:00.0,1,1,0,00,0,-,-,-,$CUST1,$CUST1,C,FALSE,M,U,0,A:AIQ;,-,$SESSION1,$CUST1EXCHANGE,$CUST1EXECFIRM,RTO,11671,ABC,*,$CUST1EXCHANGE,$CUST1,500,$CLASS1PRODUCT1,S,2,10,15,D,21/12/2003 6:00:00.0,1,1,0,00,0,-,-,-,$CUST1,$CUST1,C,FALSE,M,U,0,A:RE;,-,$SESSION1,FALSE,TRUE,Comment
CURRENTMARKETV4BESTMARKETQUERY,$MM1,CBOE,$CLASS1PRODUCT1,100,2,10,05,100,2,10,15,TRUE,TRUE,Comment
TOPOFBOOKVERIFICATION,$MM1,$SESSION1,$CLASS1PRODUCT1,100,2,10,05,100,2,10,15,TRUE,TRUE,Comment
ORDERCANCELBYIDNOWAIT,$MM1,$MM1EXCHANGE,$MM1EXECFIRM,IXH,3745,ABC,*,100,$SESSION1,1,TRUE,TRUE,Comment
ORDERCANCELVERIFICATION,$MM1,$MM1EXCHANGE,$MM1EXECFIRM,IXH,3745,ABC,*,$SESSION1,$CLASS1PRODUCT1,2,100,TRUE,TRUE,Comment
ORDERCANCELBYIDNOWAIT,$MM1,$MM1EXCHANGE,$MM1EXECFIRM,WPJ,674,ABC,*,100,$SESSION1,1,TRUE,TRUE,Comment
ORDERCANCELVERIFICATION,$MM1,$MM1EXCHANGE,$MM1EXECFIRM,WPJ,674,ABC,*,$SESSION1,$CLASS1PRODUCT1,2,100,TRUE,TRUE,Comment
QUOTECANCEL,$MM1,$SESSION1,$CLASS1PRODUCT1,2,TRUE,TRUE,Comment
QUOTECANCELVERIFICATION,$MM1,$SESSION1,$CLASS1PRODUCT1,2,TRUE,TRUE,Comment

COMMENT, Test Case 6:If a QCT trade price occurs equal TOB for MO on Ask side and for PO on Bid side;QCT order is rejected
CLEARALLCALLBACKS,$MM1
SETPRODUCTSTATEBYPRODUCT,$SA1,$SESSION1,$CLASS1PRODUCT1,$CLASS1,1,TRUE,TRUE,Comment
PRODUCTSTATEQUERY,$SA1,$SESSION1,$CLASS1PRODUCT1,1,TRUE,TRUE,Comment
SETPRODUCTSTATEBYPRODUCT,$SA1,$SESSION1,$CLASS1PRODUCT1,$CLASS1,2,TRUE,TRUE,Comment
PRODUCTSTATEQUERY,$SA1,$SESSION1,$CLASS1PRODUCT1,2,TRUE,TRUE,Comment
SETPRODUCTSTATEBYPRODUCT,$SA1,$SESSION1,$CLASS1PRODUCT1,$CLASS1,3,TRUE,TRUE,Comment
PRODUCTSTATEQUERY,$SA1,$SESSION1,$CLASS1PRODUCT1,3,TRUE,TRUE,Comment
SETPRODUCTSTATEBYPRODUCT,$SA1,$SESSION1,$CLASS1PRODUCT1,$CLASS1,4,TRUE,TRUE,Comment
PRODUCTSTATEQUERY,$SA1,$SESSION1,$CLASS1PRODUCT1,4,TRUE,TRUE,Comment
UPDATEBOTR,$SA1,$SESSION1,$CLASS1,$CLASS1PRODUCT1,B,9.90,NYSE=100,TRUE,TRUE,Comment
UPDATEBOTR,$SA1,$SESSION1,$CLASS1,$CLASS1PRODUCT1,S,10.30,NYSE=100,TRUE,TRUE,Comment
TOPOFBOOKVERIFICATION,$MM1,$SESSION1,$CLASS1PRODUCT1,0,1,0,00,0,1,0,00,TRUE,TRUE,Comment
QUOTE,$MM1,2,10,00,100,2,10,20,100,$CLASS1PRODUCT1,$SESSION1,User Assigned Id..,TRUE,TRUE,Comment
CURRENTMARKETV4BESTMARKETQUERY,$MM1,CBOE,$CLASS1PRODUCT1,100,2,10,00,100,2,10,20,TRUE,TRUE,Comment
ORDER,$MM1,$MM1EXCHANGE,$MM1EXECFIRM,XFK,8497,ABC,*,$MM1EXCHANGE,$MM1,100,$CLASS1PRODUCT1,B,2,10,05,D,21/12/2003 6:00:00.0,1,1,0,00,0,-,-,-,$MM1,$MM1,C,FALSE,C,U,0,-,-,$SESSION1,TRUE,TRUE,Comment
CURRENTMARKETV4BESTMARKETQUERY,$MM1,CBOE,$CLASS1PRODUCT1,100,2,10,05,100,2,10,20,TRUE,TRUE,Comment
ORDER,$MM1,$MM1EXCHANGE,$MM1EXECFIRM,YPL,7371,ABC,*,$MM1EXCHANGE,$MM1,100,$CLASS1PRODUCT1,S,2,10,15,D,21/12/2003 6:00:00.0,1,1,0,00,0,-,-,-,$MM1,$MM1,C,FALSE,C,U,0,-,-,$SESSION1,TRUE,TRUE,Comment
CURRENTMARKETV4BESTMARKETQUERY,$MM1,CBOE,$CLASS1PRODUCT1,100,2,10,05,100,2,10,15,TRUE,TRUE,Comment
PAUSE,1000
TOPOFBOOKVERIFICATION,$MM1,$SESSION1,$CLASS1PRODUCT1,100,2,10,05,100,2,10,15,TRUE,TRUE,Comment
INTERNALIZEDORDER,$CUST1,2,$CUST1EXCHANGE,$CUST1EXECFIRM,DSU,7736,ABC,*,$CUST1EXCHANGE,$CUST1,500,$CLASS1PRODUCT1,B,2,10,05,D,21/12/2003 6:00:00.0,1,1,0,00,0,-,-,-,$CUST1,$CUST1,C,FALSE,M,U,0,A:AIQ;,-,$SESSION1,$CUST1EXCHANGE,$CUST1EXECFIRM,DSU,77361,ABC,*,$CUST1EXCHANGE,$CUST1,500,$CLASS1PRODUCT1,S,2,10,15,D,21/12/2003 6:00:00.0,1,1,0,00,0,-,-,-,$CUST1,$CUST1,C,FALSE,M,U,0,A:RE;,-,$SESSION1,FALSE,TRUE,Comment
CURRENTMARKETV4BESTMARKETQUERY,$MM1,CBOE,$CLASS1PRODUCT1,100,2,10,05,100,2,10,15,TRUE,TRUE,Comment
TOPOFBOOKVERIFICATION,$MM1,$SESSION1,$CLASS1PRODUCT1,100,2,10,05,100,2,10,15,TRUE,TRUE,Comment
ORDERCANCELBYIDNOWAIT,$MM1,$MM1EXCHANGE,$MM1EXECFIRM,XFK,8497,ABC,*,100,$SESSION1,1,TRUE,TRUE,Comment
ORDERCANCELVERIFICATION,$MM1,$MM1EXCHANGE,$MM1EXECFIRM,XFK,8497,ABC,*,$SESSION1,$CLASS1PRODUCT1,2,100,TRUE,TRUE,Comment
ORDERCANCELBYIDNOWAIT,$MM1,$MM1EXCHANGE,$MM1EXECFIRM,YPL,7371,ABC,*,100,$SESSION1,1,TRUE,TRUE,Comment
ORDERCANCELVERIFICATION,$MM1,$MM1EXCHANGE,$MM1EXECFIRM,YPL,7371,ABC,*,$SESSION1,$CLASS1PRODUCT1,2,100,TRUE,TRUE,Comment
QUOTECANCEL,$MM1,$SESSION1,$CLASS1PRODUCT1,2,TRUE,TRUE,Comment
QUOTECANCELVERIFICATION,$MM1,$SESSION1,$CLASS1PRODUCT1,2,TRUE,TRUE,Comment

COMMENT, Test Case 7:If a QCT trade price occurs equal TOB only for PO on Bid side and MO is better than the TOB;QCT order is rejected
CLEARALLCALLBACKS,$MM1
SETPRODUCTSTATEBYPRODUCT,$SA1,$SESSION1,$CLASS1PRODUCT1,$CLASS1,1,TRUE,TRUE,Comment
PRODUCTSTATEQUERY,$SA1,$SESSION1,$CLASS1PRODUCT1,1,TRUE,TRUE,Comment
SETPRODUCTSTATEBYPRODUCT,$SA1,$SESSION1,$CLASS1PRODUCT1,$CLASS1,2,TRUE,TRUE,Comment
PRODUCTSTATEQUERY,$SA1,$SESSION1,$CLASS1PRODUCT1,2,TRUE,TRUE,Comment
SETPRODUCTSTATEBYPRODUCT,$SA1,$SESSION1,$CLASS1PRODUCT1,$CLASS1,3,TRUE,TRUE,Comment
PRODUCTSTATEQUERY,$SA1,$SESSION1,$CLASS1PRODUCT1,3,TRUE,TRUE,Comment
SETPRODUCTSTATEBYPRODUCT,$SA1,$SESSION1,$CLASS1PRODUCT1,$CLASS1,4,TRUE,TRUE,Comment
PRODUCTSTATEQUERY,$SA1,$SESSION1,$CLASS1PRODUCT1,4,TRUE,TRUE,Comment
UPDATEBOTR,$SA1,$SESSION1,$CLASS1,$CLASS1PRODUCT1,B,9.90,NYSE=100,TRUE,TRUE,Comment
UPDATEBOTR,$SA1,$SESSION1,$CLASS1,$CLASS1PRODUCT1,S,10.30,NYSE=100,TRUE,TRUE,Comment
TOPOFBOOKVERIFICATION,$MM1,$SESSION1,$CLASS1PRODUCT1,0,1,0,00,0,1,0,00,TRUE,TRUE,Comment
QUOTE,$MM1,2,10,00,100,2,10,20,100,$CLASS1PRODUCT1,$SESSION1,User Assigned Id..,TRUE,TRUE,Comment
CURRENTMARKETV4BESTMARKETQUERY,$MM1,CBOE,$CLASS1PRODUCT1,100,2,10,00,100,2,10,20,TRUE,TRUE,Comment
ORDER,$MM1,$MM1EXCHANGE,$MM1EXECFIRM,QXE,4586,ABC,*,$MM1EXCHANGE,$MM1,100,$CLASS1PRODUCT1,B,2,10,05,D,21/12/2003 6:00:00.0,1,1,0,00,0,-,-,-,$MM1,$MM1,C,FALSE,C,U,0,-,-,$SESSION1,TRUE,TRUE,Comment
CURRENTMARKETV4BESTMARKETQUERY,$MM1,CBOE,$CLASS1PRODUCT1,100,2,10,05,100,2,10,20,TRUE,TRUE,Comment
ORDER,$MM1,$MM1EXCHANGE,$MM1EXECFIRM,XAL,5830,ABC,*,$MM1EXCHANGE,$MM1,100,$CLASS1PRODUCT1,S,2,10,15,D,21/12/2003 6:00:00.0,1,1,0,00,0,-,-,-,$MM1,$MM1,C,FALSE,C,U,0,-,-,$SESSION1,TRUE,TRUE,Comment
CURRENTMARKETV4BESTMARKETQUERY,$MM1,CBOE,$CLASS1PRODUCT1,100,2,10,05,100,2,10,15,TRUE,TRUE,Comment
PAUSE,1000
TOPOFBOOKVERIFICATION,$MM1,$SESSION1,$CLASS1PRODUCT1,100,2,10,05,100,2,10,15,TRUE,TRUE,Comment
INTERNALIZEDORDER,$CUST1,2,$CUST1EXCHANGE,$CUST1EXECFIRM,SBK,1628,ABC,*,$CUST1EXCHANGE,$CUST1,500,$CLASS1PRODUCT1,B,2,10,05,D,21/12/2003 6:00:00.0,1,1,0,00,0,-,-,-,$CUST1,$CUST1,C,FALSE,M,U,0,A:AIQ;,-,$SESSION1,$CUST1EXCHANGE,$CUST1EXECFIRM,SBK,16281,ABC,*,$CUST1EXCHANGE,$CUST1,500,$CLASS1PRODUCT1,S,2,10,10,D,21/12/2003 6:00:00.0,1,1,0,00,0,-,-,-,$CUST1,$CUST1,C,FALSE,M,U,0,A:RE;,-,$SESSION1,FALSE,TRUE,Comment
CURRENTMARKETV4BESTMARKETQUERY,$MM1,CBOE,$CLASS1PRODUCT1,100,2,10,05,100,2,10,15,TRUE,TRUE,Comment
TOPOFBOOKVERIFICATION,$MM1,$SESSION1,$CLASS1PRODUCT1,100,2,10,05,100,2,10,15,TRUE,TRUE,Comment
ORDERCANCELBYIDNOWAIT,$MM1,$MM1EXCHANGE,$MM1EXECFIRM,QXE,4586,ABC,*,100,$SESSION1,1,TRUE,TRUE,Comment
ORDERCANCELVERIFICATION,$MM1,$MM1EXCHANGE,$MM1EXECFIRM,QXE,4586,ABC,*,$SESSION1,$CLASS1PRODUCT1,2,100,TRUE,TRUE,Comment
ORDERCANCELBYIDNOWAIT,$MM1,$MM1EXCHANGE,$MM1EXECFIRM,XAL,5830,ABC,*,100,$SESSION1,1,TRUE,TRUE,Comment
ORDERCANCELVERIFICATION,$MM1,$MM1EXCHANGE,$MM1EXECFIRM,XAL,5830,ABC,*,$SESSION1,$CLASS1PRODUCT1,2,100,TRUE,TRUE,Comment
QUOTECANCEL,$MM1,$SESSION1,$CLASS1PRODUCT1,2,TRUE,TRUE,Comment
QUOTECANCELVERIFICATION,$MM1,$SESSION1,$CLASS1PRODUCT1,2,TRUE,TRUE,Comment

COMMENT, Test Case 8:If a QCT trade price occurs equal TOB for MO on Bid side and PO is better than TOB;QCT order is canceled
CLEARALLCALLBACKS,$MM1
SETPRODUCTSTATEBYPRODUCT,$SA1,$SESSION1,$CLASS1PRODUCT1,$CLASS1,1,TRUE,TRUE,Comment
PRODUCTSTATEQUERY,$SA1,$SESSION1,$CLASS1PRODUCT1,1,TRUE,TRUE,Comment
SETPRODUCTSTATEBYPRODUCT,$SA1,$SESSION1,$CLASS1PRODUCT1,$CLASS1,2,TRUE,TRUE,Comment
PRODUCTSTATEQUERY,$SA1,$SESSION1,$CLASS1PRODUCT1,2,TRUE,TRUE,Comment
SETPRODUCTSTATEBYPRODUCT,$SA1,$SESSION1,$CLASS1PRODUCT1,$CLASS1,3,TRUE,TRUE,Comment
PRODUCTSTATEQUERY,$SA1,$SESSION1,$CLASS1PRODUCT1,3,TRUE,TRUE,Comment
SETPRODUCTSTATEBYPRODUCT,$SA1,$SESSION1,$CLASS1PRODUCT1,$CLASS1,4,TRUE,TRUE,Comment
PRODUCTSTATEQUERY,$SA1,$SESSION1,$CLASS1PRODUCT1,4,TRUE,TRUE,Comment
UPDATEBOTR,$SA1,$SESSION1,$CLASS1,$CLASS1PRODUCT1,B,9.90,NYSE=100,TRUE,TRUE,Comment
UPDATEBOTR,$SA1,$SESSION1,$CLASS1,$CLASS1PRODUCT1,S,10.30,NYSE=100,TRUE,TRUE,Comment
TOPOFBOOKVERIFICATION,$MM1,$SESSION1,$CLASS1PRODUCT1,0,1,0,00,0,1,0,00,TRUE,TRUE,Comment
QUOTE,$MM1,2,10,00,100,2,10,20,100,$CLASS1PRODUCT1,$SESSION1,User Assigned Id..,TRUE,TRUE,Comment
CURRENTMARKETV4BESTMARKETQUERY,$MM1,CBOE,$CLASS1PRODUCT1,100,2,10,00,100,2,10,20,TRUE,TRUE,Comment
ORDER,$MM1,$MM1EXCHANGE,$MM1EXECFIRM,TNW,2109,ABC,*,$MM1EXCHANGE,$MM1,100,$CLASS1PRODUCT1,B,2,10,05,D,21/12/2003 6:00:00.0,1,1,0,00,0,-,-,-,$MM1,$MM1,C,FALSE,C,U,0,-,-,$SESSION1,TRUE,TRUE,Comment
CURRENTMARKETV4BESTMARKETQUERY,$MM1,CBOE,$CLASS1PRODUCT1,100,2,10,05,100,2,10,20,TRUE,TRUE,Comment
ORDER,$MM1,$MM1EXCHANGE,$MM1EXECFIRM,BRT,6486,ABC,*,$MM1EXCHANGE,$MM1,100,$CLASS1PRODUCT1,S,2,10,15,D,21/12/2003 6:00:00.0,1,1,0,00,0,-,-,-,$MM1,$MM1,C,FALSE,C,U,0,-,-,$SESSION1,TRUE,TRUE,Comment
CURRENTMARKETV4BESTMARKETQUERY,$MM1,CBOE,$CLASS1PRODUCT1,100,2,10,05,100,2,10,15,TRUE,TRUE,Comment
PAUSE,1000
TOPOFBOOKVERIFICATION,$MM1,$SESSION1,$CLASS1PRODUCT1,100,2,10,05,100,2,10,15,TRUE,TRUE,Comment
INTERNALIZEDORDER,$CUST1,2,$CUST1EXCHANGE,$CUST1EXECFIRM,UMS,9365,ABC,*,$CUST1EXCHANGE,$CUST1,500,$CLASS1PRODUCT1,B,2,10,10,D,21/12/2003 6:00:00.0,1,1,0,00,0,-,-,-,$CUST1,$CUST1,C,FALSE,M,U,0,A:AIQ;,-,$SESSION1,$CUST1EXCHANGE,$CUST1EXECFIRM,UMS,93651,ABC,*,$CUST1EXCHANGE,$CUST1,500,$CLASS1PRODUCT1,S,2,10,05,D,21/12/2003 6:00:00.0,1,1,0,00,0,-,-,-,$CUST1,$CUST1,C,FALSE,M,U,0,A:RE;,-,$SESSION1,TRUE,TRUE,Comment
PAUSE,1000
LASTSALEQUERY,$MM1,$SESSION1,$CLASS1PRODUCT1,2,10,10,500,FALSE,TRUE,Comment
ORDERCANCELVERIFICATION,$CUST1,$CUST1EXCHANGE,$CUST1EXECFIRM,UMS,9365,ABC,*,$SESSION1,$CLASS1PRODUCT1,3,500,TRUE,TRUE,Comment
ORDERCANCELVERIFICATION,$CUST1,$CUST1EXCHANGE,$CUST1EXECFIRM,UMS,93651,ABC,*,$SESSION1,$CLASS1PRODUCT1,3,500,TRUE,TRUE,Comment
CURRENTMARKETV4BESTMARKETQUERY,$MM1,CBOE,$CLASS1PRODUCT1,100,2,10,05,100,2,10,15,TRUE,TRUE,Comment
TOPOFBOOKVERIFICATION,$MM1,$SESSION1,$CLASS1PRODUCT1,100,2,10,05,100,2,10,15,TRUE,TRUE,Comment
ORDERCANCELBYIDNOWAIT,$MM1,$MM1EXCHANGE,$MM1EXECFIRM,TNW,2109,ABC,*,100,$SESSION1,1,TRUE,TRUE,Comment
ORDERCANCELVERIFICATION,$MM1,$MM1EXCHANGE,$MM1EXECFIRM,TNW,2109,ABC,*,$SESSION1,$CLASS1PRODUCT1,2,100,TRUE,TRUE,Comment
ORDERCANCELBYIDNOWAIT,$MM1,$MM1EXCHANGE,$MM1EXECFIRM,BRT,6486,ABC,*,100,$SESSION1,1,TRUE,TRUE,Comment
ORDERCANCELVERIFICATION,$MM1,$MM1EXCHANGE,$MM1EXECFIRM,BRT,6486,ABC,*,$SESSION1,$CLASS1PRODUCT1,2,100,TRUE,TRUE,Comment
QUOTECANCEL,$MM1,$SESSION1,$CLASS1PRODUCT1,2,TRUE,TRUE,Comment
QUOTECANCELVERIFICATION,$MM1,$SESSION1,$CLASS1PRODUCT1,2,TRUE,TRUE,Comment

COMMENT, Test Case 9:If a QCT trade price occurs worse than TOB for PO and MO on Ask side;QCT order is canceled
CLEARALLCALLBACKS,$MM1
SETPRODUCTSTATEBYPRODUCT,$SA1,$SESSION1,$CLASS1PRODUCT1,$CLASS1,1,TRUE,TRUE,Comment
PRODUCTSTATEQUERY,$SA1,$SESSION1,$CLASS1PRODUCT1,1,TRUE,TRUE,Comment
SETPRODUCTSTATEBYPRODUCT,$SA1,$SESSION1,$CLASS1PRODUCT1,$CLASS1,2,TRUE,TRUE,Comment
PRODUCTSTATEQUERY,$SA1,$SESSION1,$CLASS1PRODUCT1,2,TRUE,TRUE,Comment
SETPRODUCTSTATEBYPRODUCT,$SA1,$SESSION1,$CLASS1PRODUCT1,$CLASS1,3,TRUE,TRUE,Comment
PRODUCTSTATEQUERY,$SA1,$SESSION1,$CLASS1PRODUCT1,3,TRUE,TRUE,Comment
SETPRODUCTSTATEBYPRODUCT,$SA1,$SESSION1,$CLASS1PRODUCT1,$CLASS1,4,TRUE,TRUE,Comment
PRODUCTSTATEQUERY,$SA1,$SESSION1,$CLASS1PRODUCT1,4,TRUE,TRUE,Comment
UPDATEBOTR,$SA1,$SESSION1,$CLASS1,$CLASS1PRODUCT1,B,9.90,NYSE=100,TRUE,TRUE,Comment
UPDATEBOTR,$SA1,$SESSION1,$CLASS1,$CLASS1PRODUCT1,S,10.30,NYSE=100,TRUE,TRUE,Comment
TOPOFBOOKVERIFICATION,$MM1,$SESSION1,$CLASS1PRODUCT1,0,1,0,00,0,1,0,00,TRUE,TRUE,Comment
QUOTE,$MM1,2,10,00,100,2,10,20,100,$CLASS1PRODUCT1,$SESSION1,User Assigned Id..,TRUE,TRUE,Comment
CURRENTMARKETV4BESTMARKETQUERY,$MM1,CBOE,$CLASS1PRODUCT1,100,2,10,00,100,2,10,20,TRUE,TRUE,Comment
ORDER,$MM1,$MM1EXCHANGE,$MM1EXECFIRM,IVR,4853,ABC,*,$MM1EXCHANGE,$MM1,100,$CLASS1PRODUCT1,B,2,10,05,D,21/12/2003 6:00:00.0,1,1,0,00,0,-,-,-,$MM1,$MM1,C,FALSE,C,U,0,-,-,$SESSION1,TRUE,TRUE,Comment
CURRENTMARKETV4BESTMARKETQUERY,$MM1,CBOE,$CLASS1PRODUCT1,100,2,10,05,100,2,10,20,TRUE,TRUE,Comment
ORDER,$MM1,$MM1EXCHANGE,$MM1EXECFIRM,OZH,2766,ABC,*,$MM1EXCHANGE,$MM1,100,$CLASS1PRODUCT1,S,2,10,15,D,21/12/2003 6:00:00.0,1,1,0,00,0,-,-,-,$MM1,$MM1,C,FALSE,C,U,0,-,-,$SESSION1,TRUE,TRUE,Comment
CURRENTMARKETV4BESTMARKETQUERY,$MM1,CBOE,$CLASS1PRODUCT1,100,2,10,05,100,2,10,15,TRUE,TRUE,Comment
PAUSE,1000
TOPOFBOOKVERIFICATION,$MM1,$SESSION1,$CLASS1PRODUCT1,100,2,10,05,100,2,10,15,TRUE,TRUE,Comment
INTERNALIZEDORDER,$CUST1,2,$CUST1EXCHANGE,$CUST1EXECFIRM,QBL,7874,ABC,*,$CUST1EXCHANGE,$CUST1,500,$CLASS1PRODUCT1,B,2,10,20,D,21/12/2003 6:00:00.0,1,1,0,00,0,-,-,-,$CUST1,$CUST1,C,FALSE,M,U,0,A:AIQ;,-,$SESSION1,$CUST1EXCHANGE,$CUST1EXECFIRM,QBL,78741,ABC,*,$CUST1EXCHANGE,$CUST1,500,$CLASS1PRODUCT1,S,2,10,17,D,21/12/2003 6:00:00.0,1,1,0,00,0,-,-,-,$CUST1,$CUST1,C,FALSE,M,U,0,A:RE;,-,$SESSION1,TRUE,TRUE,Comment
ORDERCANCELVERIFICATION,$CUST1,$CUST1EXCHANGE,$CUST1EXECFIRM,QBL,7874,ABC,*,$SESSION1,$CLASS1PRODUCT1,3,500,TRUE,TRUE,Comment
ORDERCANCELVERIFICATION,$CUST1,$CUST1EXCHANGE,$CUST1EXECFIRM,QBL,78741,ABC,*,$SESSION1,$CLASS1PRODUCT1,3,500,TRUE,TRUE,Comment
CURRENTMARKETV4BESTMARKETQUERY,$MM1,CBOE,$CLASS1PRODUCT1,100,2,10,05,100,2,10,15,TRUE,TRUE,Comment
TOPOFBOOKVERIFICATION,$MM1,$SESSION1,$CLASS1PRODUCT1,100,2,10,05,100,2,10,15,TRUE,TRUE,Comment
ORDERCANCELBYIDNOWAIT,$MM1,$MM1EXCHANGE,$MM1EXECFIRM,IVR,4853,ABC,*,100,$SESSION1,1,TRUE,TRUE,Comment
ORDERCANCELVERIFICATION,$MM1,$MM1EXCHANGE,$MM1EXECFIRM,IVR,4853,ABC,*,$SESSION1,$CLASS1PRODUCT1,2,100,TRUE,TRUE,Comment
ORDERCANCELBYIDNOWAIT,$MM1,$MM1EXCHANGE,$MM1EXECFIRM,OZH,2766,ABC,*,100,$SESSION1,1,TRUE,TRUE,Comment
ORDERCANCELVERIFICATION,$MM1,$MM1EXCHANGE,$MM1EXECFIRM,OZH,2766,ABC,*,$SESSION1,$CLASS1PRODUCT1,2,100,TRUE,TRUE,Comment
QUOTECANCEL,$MM1,$SESSION1,$CLASS1PRODUCT1,2,TRUE,TRUE,Comment
QUOTECANCELVERIFICATION,$MM1,$SESSION1,$CLASS1PRODUCT1,2,TRUE,TRUE,Comment

COMMENT, Test Case 10:If a QCT trade price occurs worse than TOB for PO on Ask side and MO is equal TOB on same side;QCT order is canceled
CLEARALLCALLBACKS,$MM1
SETPRODUCTSTATEBYPRODUCT,$SA1,$SESSION1,$CLASS1PRODUCT1,$CLASS1,1,TRUE,TRUE,Comment
PRODUCTSTATEQUERY,$SA1,$SESSION1,$CLASS1PRODUCT1,1,TRUE,TRUE,Comment
SETPRODUCTSTATEBYPRODUCT,$SA1,$SESSION1,$CLASS1PRODUCT1,$CLASS1,2,TRUE,TRUE,Comment
PRODUCTSTATEQUERY,$SA1,$SESSION1,$CLASS1PRODUCT1,2,TRUE,TRUE,Comment
SETPRODUCTSTATEBYPRODUCT,$SA1,$SESSION1,$CLASS1PRODUCT1,$CLASS1,3,TRUE,TRUE,Comment
PRODUCTSTATEQUERY,$SA1,$SESSION1,$CLASS1PRODUCT1,3,TRUE,TRUE,Comment
SETPRODUCTSTATEBYPRODUCT,$SA1,$SESSION1,$CLASS1PRODUCT1,$CLASS1,4,TRUE,TRUE,Comment
PRODUCTSTATEQUERY,$SA1,$SESSION1,$CLASS1PRODUCT1,4,TRUE,TRUE,Comment
UPDATEBOTR,$SA1,$SESSION1,$CLASS1,$CLASS1PRODUCT1,B,9.90,NYSE=100,TRUE,TRUE,Comment
UPDATEBOTR,$SA1,$SESSION1,$CLASS1,$CLASS1PRODUCT1,S,10.30,NYSE=100,TRUE,TRUE,Comment
TOPOFBOOKVERIFICATION,$MM1,$SESSION1,$CLASS1PRODUCT1,0,1,0,00,0,1,0,00,TRUE,TRUE,Comment
QUOTE,$MM1,2,10,00,100,2,10,20,100,$CLASS1PRODUCT1,$SESSION1,User Assigned Id..,TRUE,TRUE,Comment
CURRENTMARKETV4BESTMARKETQUERY,$MM1,CBOE,$CLASS1PRODUCT1,100,2,10,00,100,2,10,20,TRUE,TRUE,Comment
ORDER,$MM1,$MM1EXCHANGE,$MM1EXECFIRM,YEN,6306,ABC,*,$MM1EXCHANGE,$MM1,100,$CLASS1PRODUCT1,B,2,10,05,D,21/12/2003 6:00:00.0,1,1,0,00,0,-,-,-,$MM1,$MM1,C,FALSE,C,U,0,-,-,$SESSION1,TRUE,TRUE,Comment
CURRENTMARKETV4BESTMARKETQUERY,$MM1,CBOE,$CLASS1PRODUCT1,100,2,10,05,100,2,10,20,TRUE,TRUE,Comment
ORDER,$MM1,$MM1EXCHANGE,$MM1EXECFIRM,SHS,9809,ABC,*,$MM1EXCHANGE,$MM1,100,$CLASS1PRODUCT1,S,2,10,15,D,21/12/2003 6:00:00.0,1,1,0,00,0,-,-,-,$MM1,$MM1,C,FALSE,C,U,0,-,-,$SESSION1,TRUE,TRUE,Comment
CURRENTMARKETV4BESTMARKETQUERY,$MM1,CBOE,$CLASS1PRODUCT1,100,2,10,05,100,2,10,15,TRUE,TRUE,Comment
PAUSE,1000
TOPOFBOOKVERIFICATION,$MM1,$SESSION1,$CLASS1PRODUCT1,100,2,10,05,100,2,10,15,TRUE,TRUE,Comment
INTERNALIZEDORDER,$CUST1,2,$CUST1EXCHANGE,$CUST1EXECFIRM,QKO,9901,ABC,*,$CUST1EXCHANGE,$CUST1,500,$CLASS1PRODUCT1,B,2,10,20,D,21/12/2003 6:00:00.0,1,1,0,00,0,-,-,-,$CUST1,$CUST1,C,FALSE,M,U,0,A:AIQ;,-,$SESSION1,$CUST1EXCHANGE,$CUST1EXECFIRM,QKO,99011,ABC,*,$CUST1EXCHANGE,$CUST1,500,$CLASS1PRODUCT1,S,2,10,15,D,21/12/2003 6:00:00.0,1,1,0,00,0,-,-,-,$CUST1,$CUST1,C,FALSE,M,U,0,A:RE;,-,$SESSION1,TRUE,TRUE,Comment
ORDERCANCELVERIFICATION,$CUST1,$CUST1EXCHANGE,$CUST1EXECFIRM,QKO,9901,ABC,*,$SESSION1,$CLASS1PRODUCT1,3,500,TRUE,TRUE,Comment
ORDERCANCELVERIFICATION,$CUST1,$CUST1EXCHANGE,$CUST1EXECFIRM,QKO,99011,ABC,*,$SESSION1,$CLASS1PRODUCT1,3,500,TRUE,TRUE,Comment
CURRENTMARKETV4BESTMARKETQUERY,$MM1,CBOE,$CLASS1PRODUCT1,100,2,10,05,100,2,10,15,TRUE,TRUE,Comment
TOPOFBOOKVERIFICATION,$MM1,$SESSION1,$CLASS1PRODUCT1,100,2,10,05,100,2,10,15,TRUE,TRUE,Comment
ORDERCANCELBYIDNOWAIT,$MM1,$MM1EXCHANGE,$MM1EXECFIRM,YEN,6306,ABC,*,100,$SESSION1,1,TRUE,TRUE,Comment
ORDERCANCELVERIFICATION,$MM1,$MM1EXCHANGE,$MM1EXECFIRM,YEN,6306,ABC,*,$SESSION1,$CLASS1PRODUCT1,2,100,TRUE,TRUE,Comment
ORDERCANCELBYIDNOWAIT,$MM1,$MM1EXCHANGE,$MM1EXECFIRM,SHS,9809,ABC,*,100,$SESSION1,1,TRUE,TRUE,Comment
ORDERCANCELVERIFICATION,$MM1,$MM1EXCHANGE,$MM1EXECFIRM,SHS,9809,ABC,*,$SESSION1,$CLASS1PRODUCT1,2,100,TRUE,TRUE,Comment
QUOTECANCEL,$MM1,$SESSION1,$CLASS1PRODUCT1,2,TRUE,TRUE,Comment
QUOTECANCELVERIFICATION,$MM1,$SESSION1,$CLASS1PRODUCT1,2,TRUE,TRUE,Comment

COMMENT, Test Case 11:If a QCT trade price occurs worse than TOB for PO on Ask side and MO is equal TOB on opposit side;QCT order is canceled
CLEARALLCALLBACKS,$MM1
SETPRODUCTSTATEBYPRODUCT,$SA1,$SESSION1,$CLASS1PRODUCT1,$CLASS1,1,TRUE,TRUE,Comment
PRODUCTSTATEQUERY,$SA1,$SESSION1,$CLASS1PRODUCT1,1,TRUE,TRUE,Comment
SETPRODUCTSTATEBYPRODUCT,$SA1,$SESSION1,$CLASS1PRODUCT1,$CLASS1,2,TRUE,TRUE,Comment
PRODUCTSTATEQUERY,$SA1,$SESSION1,$CLASS1PRODUCT1,2,TRUE,TRUE,Comment
SETPRODUCTSTATEBYPRODUCT,$SA1,$SESSION1,$CLASS1PRODUCT1,$CLASS1,3,TRUE,TRUE,Comment
PRODUCTSTATEQUERY,$SA1,$SESSION1,$CLASS1PRODUCT1,3,TRUE,TRUE,Comment
SETPRODUCTSTATEBYPRODUCT,$SA1,$SESSION1,$CLASS1PRODUCT1,$CLASS1,4,TRUE,TRUE,Comment
PRODUCTSTATEQUERY,$SA1,$SESSION1,$CLASS1PRODUCT1,4,TRUE,TRUE,Comment
UPDATEBOTR,$SA1,$SESSION1,$CLASS1,$CLASS1PRODUCT1,B,9.90,NYSE=100,TRUE,TRUE,Comment
UPDATEBOTR,$SA1,$SESSION1,$CLASS1,$CLASS1PRODUCT1,S,10.30,NYSE=100,TRUE,TRUE,Comment
TOPOFBOOKVERIFICATION,$MM1,$SESSION1,$CLASS1PRODUCT1,0,1,0,00,0,1,0,00,TRUE,TRUE,Comment
QUOTE,$MM1,2,10,00,100,2,10,20,100,$CLASS1PRODUCT1,$SESSION1,User Assigned Id..,TRUE,TRUE,Comment
CURRENTMARKETV4BESTMARKETQUERY,$MM1,CBOE,$CLASS1PRODUCT1,100,2,10,00,100,2,10,20,TRUE,TRUE,Comment
ORDER,$MM1,$MM1EXCHANGE,$MM1EXECFIRM,IQI,8485,ABC,*,$MM1EXCHANGE,$MM1,100,$CLASS1PRODUCT1,B,2,10,05,D,21/12/2003 6:00:00.0,1,1,0,00,0,-,-,-,$MM1,$MM1,C,FALSE,C,U,0,-,-,$SESSION1,TRUE,TRUE,Comment
CURRENTMARKETV4BESTMARKETQUERY,$MM1,CBOE,$CLASS1PRODUCT1,100,2,10,05,100,2,10,20,TRUE,TRUE,Comment
ORDER,$MM1,$MM1EXCHANGE,$MM1EXECFIRM,PSC,1397,ABC,*,$MM1EXCHANGE,$MM1,100,$CLASS1PRODUCT1,S,2,10,15,D,21/12/2003 6:00:00.0,1,1,0,00,0,-,-,-,$MM1,$MM1,C,FALSE,C,U,0,-,-,$SESSION1,TRUE,TRUE,Comment
CURRENTMARKETV4BESTMARKETQUERY,$MM1,CBOE,$CLASS1PRODUCT1,100,2,10,05,100,2,10,15,TRUE,TRUE,Comment
PAUSE,1000
TOPOFBOOKVERIFICATION,$MM1,$SESSION1,$CLASS1PRODUCT1,100,2,10,05,100,2,10,15,TRUE,TRUE,Comment
INTERNALIZEDORDER,$CUST1,2,$CUST1EXCHANGE,$CUST1EXECFIRM,JBV,4220,ABC,*,$CUST1EXCHANGE,$CUST1,500,$CLASS1PRODUCT1,B,2,10,20,D,21/12/2003 6:00:00.0,1,1,0,00,0,-,-,-,$CUST1,$CUST1,C,FALSE,M,U,0,A:AIQ;,-,$SESSION1,$CUST1EXCHANGE,$CUST1EXECFIRM,JBV,42201,ABC,*,$CUST1EXCHANGE,$CUST1,500,$CLASS1PRODUCT1,S,2,10,05,D,21/12/2003 6:00:00.0,1,1,0,00,0,-,-,-,$CUST1,$CUST1,C,FALSE,M,U,0,A:RE;,-,$SESSION1,TRUE,TRUE,Comment
ORDERCANCELVERIFICATION,$CUST1,$CUST1EXCHANGE,$CUST1EXECFIRM,JBV,4220,ABC,*,$SESSION1,$CLASS1PRODUCT1,3,500,TRUE,TRUE,Comment
ORDERCANCELVERIFICATION,$CUST1,$CUST1EXCHANGE,$CUST1EXECFIRM,JBV,42201,ABC,*,$SESSION1,$CLASS1PRODUCT1,3,500,TRUE,TRUE,Comment
CURRENTMARKETV4BESTMARKETQUERY,$MM1,CBOE,$CLASS1PRODUCT1,100,2,10,05,100,2,10,15,TRUE,TRUE,Comment
TOPOFBOOKVERIFICATION,$MM1,$SESSION1,$CLASS1PRODUCT1,100,2,10,05,100,2,10,15,TRUE,TRUE,Comment
ORDERCANCELBYIDNOWAIT,$MM1,$MM1EXCHANGE,$MM1EXECFIRM,IQI,8485,ABC,*,100,$SESSION1,1,TRUE,TRUE,Comment
ORDERCANCELVERIFICATION,$MM1,$MM1EXCHANGE,$MM1EXECFIRM,IQI,8485,ABC,*,$SESSION1,$CLASS1PRODUCT1,2,100,TRUE,TRUE,Comment
ORDERCANCELBYIDNOWAIT,$MM1,$MM1EXCHANGE,$MM1EXECFIRM,PSC,1397,ABC,*,100,$SESSION1,1,TRUE,TRUE,Comment
ORDERCANCELVERIFICATION,$MM1,$MM1EXCHANGE,$MM1EXECFIRM,PSC,1397,ABC,*,$SESSION1,$CLASS1PRODUCT1,2,100,TRUE,TRUE,Comment
QUOTECANCEL,$MM1,$SESSION1,$CLASS1PRODUCT1,2,TRUE,TRUE,Comment
QUOTECANCELVERIFICATION,$MM1,$SESSION1,$CLASS1PRODUCT1,2,TRUE,TRUE,Comment

COMMENT, Test Case 12:If a QCT trade price occurs worse than TOB for PO on Ask side and MO is worse than TOB on opposit side;QCT order is canceled
CLEARALLCALLBACKS,$MM1
SETPRODUCTSTATEBYPRODUCT,$SA1,$SESSION1,$CLASS1PRODUCT1,$CLASS1,1,TRUE,TRUE,Comment
PRODUCTSTATEQUERY,$SA1,$SESSION1,$CLASS1PRODUCT1,1,TRUE,TRUE,Comment
SETPRODUCTSTATEBYPRODUCT,$SA1,$SESSION1,$CLASS1PRODUCT1,$CLASS1,2,TRUE,TRUE,Comment
PRODUCTSTATEQUERY,$SA1,$SESSION1,$CLASS1PRODUCT1,2,TRUE,TRUE,Comment
SETPRODUCTSTATEBYPRODUCT,$SA1,$SESSION1,$CLASS1PRODUCT1,$CLASS1,3,TRUE,TRUE,Comment
PRODUCTSTATEQUERY,$SA1,$SESSION1,$CLASS1PRODUCT1,3,TRUE,TRUE,Comment
SETPRODUCTSTATEBYPRODUCT,$SA1,$SESSION1,$CLASS1PRODUCT1,$CLASS1,4,TRUE,TRUE,Comment
PRODUCTSTATEQUERY,$SA1,$SESSION1,$CLASS1PRODUCT1,4,TRUE,TRUE,Comment
UPDATEBOTR,$SA1,$SESSION1,$CLASS1,$CLASS1PRODUCT1,B,9.90,NYSE=100,TRUE,TRUE,Comment
UPDATEBOTR,$SA1,$SESSION1,$CLASS1,$CLASS1PRODUCT1,S,10.30,NYSE=100,TRUE,TRUE,Comment
TOPOFBOOKVERIFICATION,$MM1,$SESSION1,$CLASS1PRODUCT1,0,1,0,00,0,1,0,00,TRUE,TRUE,Comment
QUOTE,$MM1,2,10,00,100,2,10,20,100,$CLASS1PRODUCT1,$SESSION1,User Assigned Id..,TRUE,TRUE,Comment
CURRENTMARKETV4BESTMARKETQUERY,$MM1,CBOE,$CLASS1PRODUCT1,100,2,10,00,100,2,10,20,TRUE,TRUE,Comment
ORDER,$MM1,$MM1EXCHANGE,$MM1EXECFIRM,IFH,6415,ABC,*,$MM1EXCHANGE,$MM1,100,$CLASS1PRODUCT1,B,2,10,05,D,21/12/2003 6:00:00.0,1,1,0,00,0,-,-,-,$MM1,$MM1,C,FALSE,C,U,0,-,-,$SESSION1,TRUE,TRUE,Comment
CURRENTMARKETV4BESTMARKETQUERY,$MM1,CBOE,$CLASS1PRODUCT1,100,2,10,05,100,2,10,20,TRUE,TRUE,Comment
ORDER,$MM1,$MM1EXCHANGE,$MM1EXECFIRM,QXF,8671,ABC,*,$MM1EXCHANGE,$MM1,100,$CLASS1PRODUCT1,S,2,10,15,D,21/12/2003 6:00:00.0,1,1,0,00,0,-,-,-,$MM1,$MM1,C,FALSE,C,U,0,-,-,$SESSION1,TRUE,TRUE,Comment
CURRENTMARKETV4BESTMARKETQUERY,$MM1,CBOE,$CLASS1PRODUCT1,100,2,10,05,100,2,10,15,TRUE,TRUE,Comment
PAUSE,1000
TOPOFBOOKVERIFICATION,$MM1,$SESSION1,$CLASS1PRODUCT1,100,2,10,05,100,2,10,15,TRUE,TRUE,Comment
INTERNALIZEDORDER,$CUST1,2,$CUST1EXCHANGE,$CUST1EXECFIRM,QJV,3444,ABC,*,$CUST1EXCHANGE,$CUST1,500,$CLASS1PRODUCT1,B,2,10,20,D,21/12/2003 6:00:00.0,1,1,0,00,0,-,-,-,$CUST1,$CUST1,C,FALSE,M,U,0,A:AIQ;,-,$SESSION1,$CUST1EXCHANGE,$CUST1EXECFIRM,QJV,34441,ABC,*,$CUST1EXCHANGE,$CUST1,500,$CLASS1PRODUCT1,S,2,10,00,D,21/12/2003 6:00:00.0,1,1,0,00,0,-,-,-,$CUST1,$CUST1,C,FALSE,M,U,0,A:RE;,-,$SESSION1,TRUE,TRUE,Comment
ORDERCANCELVERIFICATION,$CUST1,$CUST1EXCHANGE,$CUST1EXECFIRM,QJV,3444,ABC,*,$SESSION1,$CLASS1PRODUCT1,3,500,TRUE,TRUE,Comment
ORDERCANCELVERIFICATION,$CUST1,$CUST1EXCHANGE,$CUST1EXECFIRM,QJV,34441,ABC,*,$SESSION1,$CLASS1PRODUCT1,3,500,TRUE,TRUE,Comment
CURRENTMARKETV4BESTMARKETQUERY,$MM1,CBOE,$CLASS1PRODUCT1,100,2,10,05,100,2,10,15,TRUE,TRUE,Comment
TOPOFBOOKVERIFICATION,$MM1,$SESSION1,$CLASS1PRODUCT1,100,2,10,05,100,2,10,15,TRUE,TRUE,Comment
ORDERCANCELBYIDNOWAIT,$MM1,$MM1EXCHANGE,$MM1EXECFIRM,IFH,6415,ABC,*,100,$SESSION1,1,TRUE,TRUE,Comment
ORDERCANCELVERIFICATION,$MM1,$MM1EXCHANGE,$MM1EXECFIRM,IFH,6415,ABC,*,$SESSION1,$CLASS1PRODUCT1,2,100,TRUE,TRUE,Comment
ORDERCANCELBYIDNOWAIT,$MM1,$MM1EXCHANGE,$MM1EXECFIRM,QXF,8671,ABC,*,100,$SESSION1,1,TRUE,TRUE,Comment
ORDERCANCELVERIFICATION,$MM1,$MM1EXCHANGE,$MM1EXECFIRM,QXF,8671,ABC,*,$SESSION1,$CLASS1PRODUCT1,2,100,TRUE,TRUE,Comment
QUOTECANCEL,$MM1,$SESSION1,$CLASS1PRODUCT1,2,TRUE,TRUE,Comment
QUOTECANCELVERIFICATION,$MM1,$SESSION1,$CLASS1PRODUCT1,2,TRUE,TRUE,Comment

COMMENT, Test Case 13:If a QCT trade price occurs equal TOB for PO on Ask side and MO is worse than TOB on opposit side;QCT order is canceled
CLEARALLCALLBACKS,$MM1
SETPRODUCTSTATEBYPRODUCT,$SA1,$SESSION1,$CLASS1PRODUCT1,$CLASS1,1,TRUE,TRUE,Comment
PRODUCTSTATEQUERY,$SA1,$SESSION1,$CLASS1PRODUCT1,1,TRUE,TRUE,Comment
SETPRODUCTSTATEBYPRODUCT,$SA1,$SESSION1,$CLASS1PRODUCT1,$CLASS1,2,TRUE,TRUE,Comment
PRODUCTSTATEQUERY,$SA1,$SESSION1,$CLASS1PRODUCT1,2,TRUE,TRUE,Comment
SETPRODUCTSTATEBYPRODUCT,$SA1,$SESSION1,$CLASS1PRODUCT1,$CLASS1,3,TRUE,TRUE,Comment
PRODUCTSTATEQUERY,$SA1,$SESSION1,$CLASS1PRODUCT1,3,TRUE,TRUE,Comment
SETPRODUCTSTATEBYPRODUCT,$SA1,$SESSION1,$CLASS1PRODUCT1,$CLASS1,4,TRUE,TRUE,Comment
PRODUCTSTATEQUERY,$SA1,$SESSION1,$CLASS1PRODUCT1,4,TRUE,TRUE,Comment
UPDATEBOTR,$SA1,$SESSION1,$CLASS1,$CLASS1PRODUCT1,B,9.90,NYSE=100,TRUE,TRUE,Comment
UPDATEBOTR,$SA1,$SESSION1,$CLASS1,$CLASS1PRODUCT1,S,10.30,NYSE=100,TRUE,TRUE,Comment
TOPOFBOOKVERIFICATION,$MM1,$SESSION1,$CLASS1PRODUCT1,0,1,0,00,0,1,0,00,TRUE,TRUE,Comment
QUOTE,$MM1,2,10,00,100,2,10,20,100,$CLASS1PRODUCT1,$SESSION1,User Assigned Id..,TRUE,TRUE,Comment
CURRENTMARKETV4BESTMARKETQUERY,$MM1,CBOE,$CLASS1PRODUCT1,100,2,10,00,100,2,10,20,TRUE,TRUE,Comment
ORDER,$MM1,$MM1EXCHANGE,$MM1EXECFIRM,EHD,3151,ABC,*,$MM1EXCHANGE,$MM1,100,$CLASS1PRODUCT1,B,2,10,05,D,21/12/2003 6:00:00.0,1,1,0,00,0,-,-,-,$MM1,$MM1,C,FALSE,C,U,0,-,-,$SESSION1,TRUE,TRUE,Comment
CURRENTMARKETV4BESTMARKETQUERY,$MM1,CBOE,$CLASS1PRODUCT1,100,2,10,05,100,2,10,20,TRUE,TRUE,Comment
ORDER,$MM1,$MM1EXCHANGE,$MM1EXECFIRM,GRP,441,ABC,*,$MM1EXCHANGE,$MM1,100,$CLASS1PRODUCT1,S,2,10,15,D,21/12/2003 6:00:00.0,1,1,0,00,0,-,-,-,$MM1,$MM1,C,FALSE,C,U,0,-,-,$SESSION1,TRUE,TRUE,Comment
CURRENTMARKETV4BESTMARKETQUERY,$MM1,CBOE,$CLASS1PRODUCT1,100,2,10,05,100,2,10,15,TRUE,TRUE,Comment
PAUSE,1000
TOPOFBOOKVERIFICATION,$MM1,$SESSION1,$CLASS1PRODUCT1,100,2,10,05,100,2,10,15,TRUE,TRUE,Comment
INTERNALIZEDORDER,$CUST1,2,$CUST1EXCHANGE,$CUST1EXECFIRM,KDL,660,ABC,*,$CUST1EXCHANGE,$CUST1,500,$CLASS1PRODUCT1,B,2,10,15,D,21/12/2003 6:00:00.0,1,1,0,00,0,-,-,-,$CUST1,$CUST1,C,FALSE,M,U,0,A:AIQ;,-,$SESSION1,$CUST1EXCHANGE,$CUST1EXECFIRM,KDL,6601,ABC,*,$CUST1EXCHANGE,$CUST1,500,$CLASS1PRODUCT1,S,2,10,00,D,21/12/2003 6:00:00.0,1,1,0,00,0,-,-,-,$CUST1,$CUST1,C,FALSE,M,U,0,A:RE;,-,$SESSION1,TRUE,TRUE,Comment
ORDERCANCELVERIFICATION,$CUST1,$CUST1EXCHANGE,$CUST1EXECFIRM,KDL,660,ABC,*,$SESSION1,$CLASS1PRODUCT1,3,500,TRUE,TRUE,Comment
ORDERCANCELVERIFICATION,$CUST1,$CUST1EXCHANGE,$CUST1EXECFIRM,KDL,6601,ABC,*,$SESSION1,$CLASS1PRODUCT1,3,500,TRUE,TRUE,Comment
CURRENTMARKETV4BESTMARKETQUERY,$MM1,CBOE,$CLASS1PRODUCT1,100,2,10,05,100,2,10,15,TRUE,TRUE,Comment
TOPOFBOOKVERIFICATION,$MM1,$SESSION1,$CLASS1PRODUCT1,100,2,10,05,100,2,10,15,TRUE,TRUE,Comment
ORDERCANCELBYIDNOWAIT,$MM1,$MM1EXCHANGE,$MM1EXECFIRM,EHD,3151,ABC,*,100,$SESSION1,1,TRUE,TRUE,Comment
ORDERCANCELVERIFICATION,$MM1,$MM1EXCHANGE,$MM1EXECFIRM,EHD,3151,ABC,*,$SESSION1,$CLASS1PRODUCT1,2,100,TRUE,TRUE,Comment
ORDERCANCELBYIDNOWAIT,$MM1,$MM1EXCHANGE,$MM1EXECFIRM,GRP,441,ABC,*,100,$SESSION1,1,TRUE,TRUE,Comment
ORDERCANCELVERIFICATION,$MM1,$MM1EXCHANGE,$MM1EXECFIRM,GRP,441,ABC,*,$SESSION1,$CLASS1PRODUCT1,2,100,TRUE,TRUE,Comment
QUOTECANCEL,$MM1,$SESSION1,$CLASS1PRODUCT1,2,TRUE,TRUE,Comment
QUOTECANCELVERIFICATION,$MM1,$SESSION1,$CLASS1PRODUCT1,2,TRUE,TRUE,Comment

COMMENT, Test Case 14:If a QCT trade price occurs better TOB for PO on Ask side and MO is worse than TOB on opposit side;QCT order is canceled
CLEARALLCALLBACKS,$MM1
SETPRODUCTSTATEBYPRODUCT,$SA1,$SESSION1,$CLASS1PRODUCT1,$CLASS1,1,TRUE,TRUE,Comment
PRODUCTSTATEQUERY,$SA1,$SESSION1,$CLASS1PRODUCT1,1,TRUE,TRUE,Comment
SETPRODUCTSTATEBYPRODUCT,$SA1,$SESSION1,$CLASS1PRODUCT1,$CLASS1,2,TRUE,TRUE,Comment
PRODUCTSTATEQUERY,$SA1,$SESSION1,$CLASS1PRODUCT1,2,TRUE,TRUE,Comment
SETPRODUCTSTATEBYPRODUCT,$SA1,$SESSION1,$CLASS1PRODUCT1,$CLASS1,3,TRUE,TRUE,Comment
PRODUCTSTATEQUERY,$SA1,$SESSION1,$CLASS1PRODUCT1,3,TRUE,TRUE,Comment
SETPRODUCTSTATEBYPRODUCT,$SA1,$SESSION1,$CLASS1PRODUCT1,$CLASS1,4,TRUE,TRUE,Comment
PRODUCTSTATEQUERY,$SA1,$SESSION1,$CLASS1PRODUCT1,4,TRUE,TRUE,Comment
UPDATEBOTR,$SA1,$SESSION1,$CLASS1,$CLASS1PRODUCT1,B,9.90,NYSE=100,TRUE,TRUE,Comment
UPDATEBOTR,$SA1,$SESSION1,$CLASS1,$CLASS1PRODUCT1,S,10.30,NYSE=100,TRUE,TRUE,Comment
TOPOFBOOKVERIFICATION,$MM1,$SESSION1,$CLASS1PRODUCT1,0,1,0,00,0,1,0,00,TRUE,TRUE,Comment
QUOTE,$MM1,2,10,00,100,2,10,20,100,$CLASS1PRODUCT1,$SESSION1,User Assigned Id..,TRUE,TRUE,Comment
CURRENTMARKETV4BESTMARKETQUERY,$MM1,CBOE,$CLASS1PRODUCT1,100,2,10,00,100,2,10,20,TRUE,TRUE,Comment
ORDER,$MM1,$MM1EXCHANGE,$MM1EXECFIRM,GON,2639,ABC,*,$MM1EXCHANGE,$MM1,100,$CLASS1PRODUCT1,B,2,10,05,D,21/12/2003 6:00:00.0,1,1,0,00,0,-,-,-,$MM1,$MM1,C,FALSE,C,U,0,-,-,$SESSION1,TRUE,TRUE,Comment
CURRENTMARKETV4BESTMARKETQUERY,$MM1,CBOE,$CLASS1PRODUCT1,100,2,10,05,100,2,10,20,TRUE,TRUE,Comment
ORDER,$MM1,$MM1EXCHANGE,$MM1EXECFIRM,PGL,1234,ABC,*,$MM1EXCHANGE,$MM1,100,$CLASS1PRODUCT1,S,2,10,15,D,21/12/2003 6:00:00.0,1,1,0,00,0,-,-,-,$MM1,$MM1,C,FALSE,C,U,0,-,-,$SESSION1,TRUE,TRUE,Comment
CURRENTMARKETV4BESTMARKETQUERY,$MM1,CBOE,$CLASS1PRODUCT1,100,2,10,05,100,2,10,15,TRUE,TRUE,Comment
PAUSE,1000
TOPOFBOOKVERIFICATION,$MM1,$SESSION1,$CLASS1PRODUCT1,100,2,10,05,100,2,10,15,TRUE,TRUE,Comment
INTERNALIZEDORDER,$CUST1,2,$CUST1EXCHANGE,$CUST1EXECFIRM,KQA,4707,ABC,*,$CUST1EXCHANGE,$CUST1,500,$CLASS1PRODUCT1,B,2,10,10,D,21/12/2003 6:00:00.0,1,1,0,00,0,-,-,-,$CUST1,$CUST1,C,FALSE,M,U,0,A:AIQ;,-,$SESSION1,$CUST1EXCHANGE,$CUST1EXECFIRM,KQA,47071,ABC,*,$CUST1EXCHANGE,$CUST1,500,$CLASS1PRODUCT1,S,2,10,00,D,21/12/2003 6:00:00.0,1,1,0,00,0,-,-,-,$CUST1,$CUST1,C,FALSE,M,U,0,A:RE;,-,$SESSION1,TRUE,TRUE,Comment
ORDERCANCELVERIFICATION,$CUST1,$CUST1EXCHANGE,$CUST1EXECFIRM,KQA,4707,ABC,*,$SESSION1,$CLASS1PRODUCT1,3,500,TRUE,TRUE,Comment
ORDERCANCELVERIFICATION,$CUST1,$CUST1EXCHANGE,$CUST1EXECFIRM,KQA,47071,ABC,*,$SESSION1,$CLASS1PRODUCT1,3,500,TRUE,TRUE,Comment
CURRENTMARKETV4BESTMARKETQUERY,$MM1,CBOE,$CLASS1PRODUCT1,100,2,10,05,100,2,10,15,TRUE,TRUE,Comment
TOPOFBOOKVERIFICATION,$MM1,$SESSION1,$CLASS1PRODUCT1,100,2,10,05,100,2,10,15,TRUE,TRUE,Comment
ORDERCANCELBYIDNOWAIT,$MM1,$MM1EXCHANGE,$MM1EXECFIRM,GON,2639,ABC,*,100,$SESSION1,1,TRUE,TRUE,Comment
ORDERCANCELVERIFICATION,$MM1,$MM1EXCHANGE,$MM1EXECFIRM,GON,2639,ABC,*,$SESSION1,$CLASS1PRODUCT1,2,100,TRUE,TRUE,Comment
ORDERCANCELBYIDNOWAIT,$MM1,$MM1EXCHANGE,$MM1EXECFIRM,PGL,1234,ABC,*,100,$SESSION1,1,TRUE,TRUE,Comment
ORDERCANCELVERIFICATION,$MM1,$MM1EXCHANGE,$MM1EXECFIRM,PGL,1234,ABC,*,$SESSION1,$CLASS1PRODUCT1,2,100,TRUE,TRUE,Comment
QUOTECANCEL,$MM1,$SESSION1,$CLASS1PRODUCT1,2,TRUE,TRUE,Comment
QUOTECANCELVERIFICATION,$MM1,$SESSION1,$CLASS1PRODUCT1,2,TRUE,TRUE,Comment

COMMENT, Test Case 15:If a QCT trade price occurs equal TOB for PO on Bid side and MO is worse than TOB on same side;QCT order is canceled
CLEARALLCALLBACKS,$MM1
SETPRODUCTSTATEBYPRODUCT,$SA1,$SESSION1,$CLASS1PRODUCT1,$CLASS1,1,TRUE,TRUE,Comment
PRODUCTSTATEQUERY,$SA1,$SESSION1,$CLASS1PRODUCT1,1,TRUE,TRUE,Comment
SETPRODUCTSTATEBYPRODUCT,$SA1,$SESSION1,$CLASS1PRODUCT1,$CLASS1,2,TRUE,TRUE,Comment
PRODUCTSTATEQUERY,$SA1,$SESSION1,$CLASS1PRODUCT1,2,TRUE,TRUE,Comment
SETPRODUCTSTATEBYPRODUCT,$SA1,$SESSION1,$CLASS1PRODUCT1,$CLASS1,3,TRUE,TRUE,Comment
PRODUCTSTATEQUERY,$SA1,$SESSION1,$CLASS1PRODUCT1,3,TRUE,TRUE,Comment
SETPRODUCTSTATEBYPRODUCT,$SA1,$SESSION1,$CLASS1PRODUCT1,$CLASS1,4,TRUE,TRUE,Comment
PRODUCTSTATEQUERY,$SA1,$SESSION1,$CLASS1PRODUCT1,4,TRUE,TRUE,Comment
UPDATEBOTR,$SA1,$SESSION1,$CLASS1,$CLASS1PRODUCT1,B,9.90,NYSE=100,TRUE,TRUE,Comment
UPDATEBOTR,$SA1,$SESSION1,$CLASS1,$CLASS1PRODUCT1,S,10.30,NYSE=100,TRUE,TRUE,Comment
TOPOFBOOKVERIFICATION,$MM1,$SESSION1,$CLASS1PRODUCT1,0,1,0,00,0,1,0,00,TRUE,TRUE,Comment
QUOTE,$MM1,2,10,00,100,2,10,20,100,$CLASS1PRODUCT1,$SESSION1,User Assigned Id..,TRUE,TRUE,Comment
CURRENTMARKETV4BESTMARKETQUERY,$MM1,CBOE,$CLASS1PRODUCT1,100,2,10,00,100,2,10,20,TRUE,TRUE,Comment
ORDER,$MM1,$MM1EXCHANGE,$MM1EXECFIRM,RCN,413,ABC,*,$MM1EXCHANGE,$MM1,100,$CLASS1PRODUCT1,B,2,10,05,D,21/12/2003 6:00:00.0,1,1,0,00,0,-,-,-,$MM1,$MM1,C,FALSE,C,U,0,-,-,$SESSION1,TRUE,TRUE,Comment
CURRENTMARKETV4BESTMARKETQUERY,$MM1,CBOE,$CLASS1PRODUCT1,100,2,10,05,100,2,10,20,TRUE,TRUE,Comment
ORDER,$MM1,$MM1EXCHANGE,$MM1EXECFIRM,SRO,117,ABC,*,$MM1EXCHANGE,$MM1,100,$CLASS1PRODUCT1,S,2,10,15,D,21/12/2003 6:00:00.0,1,1,0,00,0,-,-,-,$MM1,$MM1,C,FALSE,C,U,0,-,-,$SESSION1,TRUE,TRUE,Comment
CURRENTMARKETV4BESTMARKETQUERY,$MM1,CBOE,$CLASS1PRODUCT1,100,2,10,05,100,2,10,15,TRUE,TRUE,Comment
PAUSE,1000
TOPOFBOOKVERIFICATION,$MM1,$SESSION1,$CLASS1PRODUCT1,100,2,10,05,100,2,10,15,TRUE,TRUE,Comment
INTERNALIZEDORDER,$CUST1,2,$CUST1EXCHANGE,$CUST1EXECFIRM,BQW,2890,ABC,*,$CUST1EXCHANGE,$CUST1,500,$CLASS1PRODUCT1,B,2,10,05,D,21/12/2003 6:00:00.0,1,1,0,00,0,-,-,-,$CUST1,$CUST1,C,FALSE,M,U,0,A:AIQ;,-,$SESSION1,$CUST1EXCHANGE,$CUST1EXECFIRM,BQW,28901,ABC,*,$CUST1EXCHANGE,$CUST1,500,$CLASS1PRODUCT1,S,2,10,00,D,21/12/2003 6:00:00.0,1,1,0,00,0,-,-,-,$CUST1,$CUST1,C,FALSE,M,U,0,A:RE;,-,$SESSION1,TRUE,TRUE,Comment
ORDERCANCELVERIFICATION,$CUST1,$CUST1EXCHANGE,$CUST1EXECFIRM,BQW,2890,ABC,*,$SESSION1,$CLASS1PRODUCT1,3,500,TRUE,TRUE,Comment
ORDERCANCELVERIFICATION,$CUST1,$CUST1EXCHANGE,$CUST1EXECFIRM,BQW,28901,ABC,*,$SESSION1,$CLASS1PRODUCT1,3,500,TRUE,TRUE,Comment
CURRENTMARKETV4BESTMARKETQUERY,$MM1,CBOE,$CLASS1PRODUCT1,100,2,10,05,100,2,10,15,TRUE,TRUE,Comment
TOPOFBOOKVERIFICATION,$MM1,$SESSION1,$CLASS1PRODUCT1,100,2,10,05,100,2,10,15,TRUE,TRUE,Comment
ORDERCANCELBYIDNOWAIT,$MM1,$MM1EXCHANGE,$MM1EXECFIRM,RCN,413,ABC,*,100,$SESSION1,1,TRUE,TRUE,Comment
ORDERCANCELVERIFICATION,$MM1,$MM1EXCHANGE,$MM1EXECFIRM,RCN,413,ABC,*,$SESSION1,$CLASS1PRODUCT1,2,100,TRUE,TRUE,Comment
ORDERCANCELBYIDNOWAIT,$MM1,$MM1EXCHANGE,$MM1EXECFIRM,SRO,117,ABC,*,100,$SESSION1,1,TRUE,TRUE,Comment
ORDERCANCELVERIFICATION,$MM1,$MM1EXCHANGE,$MM1EXECFIRM,SRO,117,ABC,*,$SESSION1,$CLASS1PRODUCT1,2,100,TRUE,TRUE,Comment
QUOTECANCEL,$MM1,$SESSION1,$CLASS1PRODUCT1,2,TRUE,TRUE,Comment
QUOTECANCELVERIFICATION,$MM1,$SESSION1,$CLASS1PRODUCT1,2,TRUE,TRUE,Comment

COMMENT, Test Case 16:If a QCT trade price occurs equal TOB for PO and MO on Bid side;QCT order is canceled
CLEARALLCALLBACKS,$MM1
SETPRODUCTSTATEBYPRODUCT,$SA1,$SESSION1,$CLASS1PRODUCT1,$CLASS1,1,TRUE,TRUE,Comment
PRODUCTSTATEQUERY,$SA1,$SESSION1,$CLASS1PRODUCT1,1,TRUE,TRUE,Comment
SETPRODUCTSTATEBYPRODUCT,$SA1,$SESSION1,$CLASS1PRODUCT1,$CLASS1,2,TRUE,TRUE,Comment
PRODUCTSTATEQUERY,$SA1,$SESSION1,$CLASS1PRODUCT1,2,TRUE,TRUE,Comment
SETPRODUCTSTATEBYPRODUCT,$SA1,$SESSION1,$CLASS1PRODUCT1,$CLASS1,3,TRUE,TRUE,Comment
PRODUCTSTATEQUERY,$SA1,$SESSION1,$CLASS1PRODUCT1,3,TRUE,TRUE,Comment
SETPRODUCTSTATEBYPRODUCT,$SA1,$SESSION1,$CLASS1PRODUCT1,$CLASS1,4,TRUE,TRUE,Comment
PRODUCTSTATEQUERY,$SA1,$SESSION1,$CLASS1PRODUCT1,4,TRUE,TRUE,Comment
UPDATEBOTR,$SA1,$SESSION1,$CLASS1,$CLASS1PRODUCT1,B,9.90,NYSE=100,TRUE,TRUE,Comment
UPDATEBOTR,$SA1,$SESSION1,$CLASS1,$CLASS1PRODUCT1,S,10.30,NYSE=100,TRUE,TRUE,Comment
TOPOFBOOKVERIFICATION,$MM1,$SESSION1,$CLASS1PRODUCT1,0,1,0,00,0,1,0,00,TRUE,TRUE,Comment
QUOTE,$MM1,2,10,00,100,2,10,20,100,$CLASS1PRODUCT1,$SESSION1,User Assigned Id..,TRUE,TRUE,Comment
CURRENTMARKETV4BESTMARKETQUERY,$MM1,CBOE,$CLASS1PRODUCT1,100,2,10,00,100,2,10,20,TRUE,TRUE,Comment
ORDER,$MM1,$MM1EXCHANGE,$MM1EXECFIRM,VKG,5147,ABC,*,$MM1EXCHANGE,$MM1,100,$CLASS1PRODUCT1,B,2,10,05,D,21/12/2003 6:00:00.0,1,1,0,00,0,-,-,-,$MM1,$MM1,C,FALSE,C,U,0,-,-,$SESSION1,TRUE,TRUE,Comment
CURRENTMARKETV4BESTMARKETQUERY,$MM1,CBOE,$CLASS1PRODUCT1,100,2,10,05,100,2,10,20,TRUE,TRUE,Comment
ORDER,$MM1,$MM1EXCHANGE,$MM1EXECFIRM,ETY,310,ABC,*,$MM1EXCHANGE,$MM1,100,$CLASS1PRODUCT1,S,2,10,15,D,21/12/2003 6:00:00.0,1,1,0,00,0,-,-,-,$MM1,$MM1,C,FALSE,C,U,0,-,-,$SESSION1,TRUE,TRUE,Comment
CURRENTMARKETV4BESTMARKETQUERY,$MM1,CBOE,$CLASS1PRODUCT1,100,2,10,05,100,2,10,15,TRUE,TRUE,Comment
PAUSE,1000
TOPOFBOOKVERIFICATION,$MM1,$SESSION1,$CLASS1PRODUCT1,100,2,10,05,100,2,10,15,TRUE,TRUE,Comment
INTERNALIZEDORDER,$CUST1,2,$CUST1EXCHANGE,$CUST1EXECFIRM,RYF,9165,ABC,*,$CUST1EXCHANGE,$CUST1,500,$CLASS1PRODUCT1,B,2,10,00,D,21/12/2003 6:00:00.0,1,1,0,00,0,-,-,-,$CUST1,$CUST1,C,FALSE,M,U,0,A:AIQ;,-,$SESSION1,$CUST1EXCHANGE,$CUST1EXECFIRM,RYF,91651,ABC,*,$CUST1EXCHANGE,$CUST1,500,$CLASS1PRODUCT1,S,2,10,00,D,21/12/2003 6:00:00.0,1,1,0,00,0,-,-,-,$CUST1,$CUST1,C,FALSE,M,U,0,A:RE;,-,$SESSION1,TRUE,TRUE,Comment
ORDERCANCELVERIFICATION,$CUST1,$CUST1EXCHANGE,$CUST1EXECFIRM,RYF,9165,ABC,*,$SESSION1,$CLASS1PRODUCT1,3,500,TRUE,TRUE,Comment
ORDERCANCELVERIFICATION,$CUST1,$CUST1EXCHANGE,$CUST1EXECFIRM,RYF,91651,ABC,*,$SESSION1,$CLASS1PRODUCT1,3,500,TRUE,TRUE,Comment
CURRENTMARKETV4BESTMARKETQUERY,$MM1,CBOE,$CLASS1PRODUCT1,100,2,10,05,100,2,10,15,TRUE,TRUE,Comment
TOPOFBOOKVERIFICATION,$MM1,$SESSION1,$CLASS1PRODUCT1,100,2,10,05,100,2,10,15,TRUE,TRUE,Comment
ORDERCANCELBYIDNOWAIT,$MM1,$MM1EXCHANGE,$MM1EXECFIRM,VKG,5147,ABC,*,100,$SESSION1,1,TRUE,TRUE,Comment
ORDERCANCELVERIFICATION,$MM1,$MM1EXCHANGE,$MM1EXECFIRM,VKG,5147,ABC,*,$SESSION1,$CLASS1PRODUCT1,2,100,TRUE,TRUE,Comment
ORDERCANCELBYIDNOWAIT,$MM1,$MM1EXCHANGE,$MM1EXECFIRM,ETY,310,ABC,*,100,$SESSION1,1,TRUE,TRUE,Comment
ORDERCANCELVERIFICATION,$MM1,$MM1EXCHANGE,$MM1EXECFIRM,ETY,310,ABC,*,$SESSION1,$CLASS1PRODUCT1,2,100,TRUE,TRUE,Comment
QUOTECANCEL,$MM1,$SESSION1,$CLASS1PRODUCT1,2,TRUE,TRUE,Comment
QUOTECANCELVERIFICATION,$MM1,$SESSION1,$CLASS1PRODUCT1,2,TRUE,TRUE,Comment

COMMENT, Test Case 17:If a QCT trade price occurs equal TOB for PO on Ask side and MO is worse than TOB on same side;QCT order is rejected
CLEARALLCALLBACKS,$MM1
SETPRODUCTSTATEBYPRODUCT,$SA1,$SESSION1,$CLASS1PRODUCT1,$CLASS1,1,TRUE,TRUE,Comment
PRODUCTSTATEQUERY,$SA1,$SESSION1,$CLASS1PRODUCT1,1,TRUE,TRUE,Comment
SETPRODUCTSTATEBYPRODUCT,$SA1,$SESSION1,$CLASS1PRODUCT1,$CLASS1,2,TRUE,TRUE,Comment
PRODUCTSTATEQUERY,$SA1,$SESSION1,$CLASS1PRODUCT1,2,TRUE,TRUE,Comment
SETPRODUCTSTATEBYPRODUCT,$SA1,$SESSION1,$CLASS1PRODUCT1,$CLASS1,3,TRUE,TRUE,Comment
PRODUCTSTATEQUERY,$SA1,$SESSION1,$CLASS1PRODUCT1,3,TRUE,TRUE,Comment
SETPRODUCTSTATEBYPRODUCT,$SA1,$SESSION1,$CLASS1PRODUCT1,$CLASS1,4,TRUE,TRUE,Comment
PRODUCTSTATEQUERY,$SA1,$SESSION1,$CLASS1PRODUCT1,4,TRUE,TRUE,Comment
UPDATEBOTR,$SA1,$SESSION1,$CLASS1,$CLASS1PRODUCT1,B,9.90,NYSE=100,TRUE,TRUE,Comment
UPDATEBOTR,$SA1,$SESSION1,$CLASS1,$CLASS1PRODUCT1,S,10.30,NYSE=100,TRUE,TRUE,Comment
TOPOFBOOKVERIFICATION,$MM1,$SESSION1,$CLASS1PRODUCT1,0,1,0,00,0,1,0,00,TRUE,TRUE,Comment
QUOTE,$MM1,2,10,00,100,2,10,20,100,$CLASS1PRODUCT1,$SESSION1,User Assigned Id..,TRUE,TRUE,Comment
CURRENTMARKETV4BESTMARKETQUERY,$MM1,CBOE,$CLASS1PRODUCT1,100,2,10,00,100,2,10,20,TRUE,TRUE,Comment
ORDER,$MM1,$MM1EXCHANGE,$MM1EXECFIRM,XGU,7397,ABC,*,$MM1EXCHANGE,$MM1,100,$CLASS1PRODUCT1,B,2,10,05,D,21/12/2003 6:00:00.0,1,1,0,00,0,-,-,-,$MM1,$MM1,C,FALSE,C,U,0,-,-,$SESSION1,TRUE,TRUE,Comment
CURRENTMARKETV4BESTMARKETQUERY,$MM1,CBOE,$CLASS1PRODUCT1,100,2,10,05,100,2,10,20,TRUE,TRUE,Comment
ORDER,$MM1,$MM1EXCHANGE,$MM1EXECFIRM,DRG,7055,ABC,*,$MM1EXCHANGE,$MM1,100,$CLASS1PRODUCT1,S,2,10,15,D,21/12/2003 6:00:00.0,1,1,0,00,0,-,-,-,$MM1,$MM1,C,FALSE,C,U,0,-,-,$SESSION1,TRUE,TRUE,Comment
CURRENTMARKETV4BESTMARKETQUERY,$MM1,CBOE,$CLASS1PRODUCT1,100,2,10,05,100,2,10,15,TRUE,TRUE,Comment
PAUSE,1000
TOPOFBOOKVERIFICATION,$MM1,$SESSION1,$CLASS1PRODUCT1,100,2,10,05,100,2,10,15,TRUE,TRUE,Comment
INTERNALIZEDORDER,$CUST1,2,$CUST1EXCHANGE,$CUST1EXECFIRM,HUD,5472,ABC,*,$CUST1EXCHANGE,$CUST1,500,$CLASS1PRODUCT1,B,2,10,15,D,21/12/2003 6:00:00.0,1,1,0,00,0,-,-,-,$CUST1,$CUST1,C,FALSE,M,U,0,A:AIQ;,-,$SESSION1,$CUST1EXCHANGE,$CUST1EXECFIRM,HUD,54721,ABC,*,$CUST1EXCHANGE,$CUST1,500,$CLASS1PRODUCT1,S,2,10,20,D,21/12/2003 6:00:00.0,1,1,0,00,0,-,-,-,$CUST1,$CUST1,C,FALSE,M,U,0,A:RE;,-,$SESSION1,FALSE,TRUE,Comment
CURRENTMARKETV4BESTMARKETQUERY,$MM1,CBOE,$CLASS1PRODUCT1,100,2,10,05,100,2,10,15,TRUE,TRUE,Comment
TOPOFBOOKVERIFICATION,$MM1,$SESSION1,$CLASS1PRODUCT1,100,2,10,05,100,2,10,15,TRUE,TRUE,Comment
ORDERCANCELBYIDNOWAIT,$MM1,$MM1EXCHANGE,$MM1EXECFIRM,XGU,7397,ABC,*,100,$SESSION1,1,TRUE,TRUE,Comment
ORDERCANCELVERIFICATION,$MM1,$MM1EXCHANGE,$MM1EXECFIRM,XGU,7397,ABC,*,$SESSION1,$CLASS1PRODUCT1,2,100,TRUE,TRUE,Comment
ORDERCANCELBYIDNOWAIT,$MM1,$MM1EXCHANGE,$MM1EXECFIRM,DRG,7055,ABC,*,100,$SESSION1,1,TRUE,TRUE,Comment
ORDERCANCELVERIFICATION,$MM1,$MM1EXCHANGE,$MM1EXECFIRM,DRG,7055,ABC,*,$SESSION1,$CLASS1PRODUCT1,2,100,TRUE,TRUE,Comment
QUOTECANCEL,$MM1,$SESSION1,$CLASS1PRODUCT1,2,TRUE,TRUE,Comment
QUOTECANCELVERIFICATION,$MM1,$SESSION1,$CLASS1PRODUCT1,2,TRUE,TRUE,Comment

COMMENT, Test Case 18:If a QCT trade price occurs better than TOB for PO on Ask side and MO is worse than TOB on same side;QCT order is rejected
CLEARALLCALLBACKS,$MM1
SETPRODUCTSTATEBYPRODUCT,$SA1,$SESSION1,$CLASS1PRODUCT1,$CLASS1,1,TRUE,TRUE,Comment
PRODUCTSTATEQUERY,$SA1,$SESSION1,$CLASS1PRODUCT1,1,TRUE,TRUE,Comment
SETPRODUCTSTATEBYPRODUCT,$SA1,$SESSION1,$CLASS1PRODUCT1,$CLASS1,2,TRUE,TRUE,Comment
PRODUCTSTATEQUERY,$SA1,$SESSION1,$CLASS1PRODUCT1,2,TRUE,TRUE,Comment
SETPRODUCTSTATEBYPRODUCT,$SA1,$SESSION1,$CLASS1PRODUCT1,$CLASS1,3,TRUE,TRUE,Comment
PRODUCTSTATEQUERY,$SA1,$SESSION1,$CLASS1PRODUCT1,3,TRUE,TRUE,Comment
SETPRODUCTSTATEBYPRODUCT,$SA1,$SESSION1,$CLASS1PRODUCT1,$CLASS1,4,TRUE,TRUE,Comment
PRODUCTSTATEQUERY,$SA1,$SESSION1,$CLASS1PRODUCT1,4,TRUE,TRUE,Comment
UPDATEBOTR,$SA1,$SESSION1,$CLASS1,$CLASS1PRODUCT1,B,9.90,NYSE=100,TRUE,TRUE,Comment
UPDATEBOTR,$SA1,$SESSION1,$CLASS1,$CLASS1PRODUCT1,S,10.30,NYSE=100,TRUE,TRUE,Comment
TOPOFBOOKVERIFICATION,$MM1,$SESSION1,$CLASS1PRODUCT1,0,1,0,00,0,1,0,00,TRUE,TRUE,Comment
QUOTE,$MM1,2,10,00,100,2,10,20,100,$CLASS1PRODUCT1,$SESSION1,User Assigned Id..,TRUE,TRUE,Comment
CURRENTMARKETV4BESTMARKETQUERY,$MM1,CBOE,$CLASS1PRODUCT1,100,2,10,00,100,2,10,20,TRUE,TRUE,Comment
ORDER,$MM1,$MM1EXCHANGE,$MM1EXECFIRM,BBL,5533,ABC,*,$MM1EXCHANGE,$MM1,100,$CLASS1PRODUCT1,B,2,10,05,D,21/12/2003 6:00:00.0,1,1,0,00,0,-,-,-,$MM1,$MM1,C,FALSE,C,U,0,-,-,$SESSION1,TRUE,TRUE,Comment
CURRENTMARKETV4BESTMARKETQUERY,$MM1,CBOE,$CLASS1PRODUCT1,100,2,10,05,100,2,10,20,TRUE,TRUE,Comment
ORDER,$MM1,$MM1EXCHANGE,$MM1EXECFIRM,HRG,8898,ABC,*,$MM1EXCHANGE,$MM1,100,$CLASS1PRODUCT1,S,2,10,15,D,21/12/2003 6:00:00.0,1,1,0,00,0,-,-,-,$MM1,$MM1,C,FALSE,C,U,0,-,-,$SESSION1,TRUE,TRUE,Comment
CURRENTMARKETV4BESTMARKETQUERY,$MM1,CBOE,$CLASS1PRODUCT1,100,2,10,05,100,2,10,15,TRUE,TRUE,Comment
PAUSE,1000
TOPOFBOOKVERIFICATION,$MM1,$SESSION1,$CLASS1PRODUCT1,100,2,10,05,100,2,10,15,TRUE,TRUE,Comment
INTERNALIZEDORDER,$CUST1,2,$CUST1EXCHANGE,$CUST1EXECFIRM,NMT,3686,ABC,*,$CUST1EXCHANGE,$CUST1,500,$CLASS1PRODUCT1,B,2,10,10,D,21/12/2003 6:00:00.0,1,1,0,00,0,-,-,-,$CUST1,$CUST1,C,FALSE,M,U,0,A:AIQ;,-,$SESSION1,$CUST1EXCHANGE,$CUST1EXECFIRM,NMT,36861,ABC,*,$CUST1EXCHANGE,$CUST1,500,$CLASS1PRODUCT1,S,2,10,20,D,21/12/2003 6:00:00.0,1,1,0,00,0,-,-,-,$CUST1,$CUST1,C,FALSE,M,U,0,A:RE;,-,$SESSION1,FALSE,TRUE,Comment
CURRENTMARKETV4BESTMARKETQUERY,$MM1,CBOE,$CLASS1PRODUCT1,100,2,10,05,100,2,10,15,TRUE,TRUE,Comment
TOPOFBOOKVERIFICATION,$MM1,$SESSION1,$CLASS1PRODUCT1,100,2,10,05,100,2,10,15,TRUE,TRUE,Comment
ORDERCANCELBYIDNOWAIT,$MM1,$MM1EXCHANGE,$MM1EXECFIRM,BBL,5533,ABC,*,100,$SESSION1,1,TRUE,TRUE,Comment
ORDERCANCELVERIFICATION,$MM1,$MM1EXCHANGE,$MM1EXECFIRM,BBL,5533,ABC,*,$SESSION1,$CLASS1PRODUCT1,2,100,TRUE,TRUE,Comment
ORDERCANCELBYIDNOWAIT,$MM1,$MM1EXCHANGE,$MM1EXECFIRM,HRG,8898,ABC,*,100,$SESSION1,1,TRUE,TRUE,Comment
ORDERCANCELVERIFICATION,$MM1,$MM1EXCHANGE,$MM1EXECFIRM,HRG,8898,ABC,*,$SESSION1,$CLASS1PRODUCT1,2,100,TRUE,TRUE,Comment
QUOTECANCEL,$MM1,$SESSION1,$CLASS1PRODUCT1,2,TRUE,TRUE,Comment
QUOTECANCELVERIFICATION,$MM1,$SESSION1,$CLASS1PRODUCT1,2,TRUE,TRUE,Comment

COMMENT, Test Case 19:If a QCT trade price occurs equal TOB for PO on Bid side and MO is worse than TOB on opposite side;QCT order is rejected
CLEARALLCALLBACKS,$MM1
SETPRODUCTSTATEBYPRODUCT,$SA1,$SESSION1,$CLASS1PRODUCT1,$CLASS1,1,TRUE,TRUE,Comment
PRODUCTSTATEQUERY,$SA1,$SESSION1,$CLASS1PRODUCT1,1,TRUE,TRUE,Comment
SETPRODUCTSTATEBYPRODUCT,$SA1,$SESSION1,$CLASS1PRODUCT1,$CLASS1,2,TRUE,TRUE,Comment
PRODUCTSTATEQUERY,$SA1,$SESSION1,$CLASS1PRODUCT1,2,TRUE,TRUE,Comment
SETPRODUCTSTATEBYPRODUCT,$SA1,$SESSION1,$CLASS1PRODUCT1,$CLASS1,3,TRUE,TRUE,Comment
PRODUCTSTATEQUERY,$SA1,$SESSION1,$CLASS1PRODUCT1,3,TRUE,TRUE,Comment
SETPRODUCTSTATEBYPRODUCT,$SA1,$SESSION1,$CLASS1PRODUCT1,$CLASS1,4,TRUE,TRUE,Comment
PRODUCTSTATEQUERY,$SA1,$SESSION1,$CLASS1PRODUCT1,4,TRUE,TRUE,Comment
UPDATEBOTR,$SA1,$SESSION1,$CLASS1,$CLASS1PRODUCT1,B,9.90,NYSE=100,TRUE,TRUE,Comment
UPDATEBOTR,$SA1,$SESSION1,$CLASS1,$CLASS1PRODUCT1,S,10.30,NYSE=100,TRUE,TRUE,Comment
TOPOFBOOKVERIFICATION,$MM1,$SESSION1,$CLASS1PRODUCT1,0,1,0,00,0,1,0,00,TRUE,TRUE,Comment
QUOTE,$MM1,2,10,00,100,2,10,20,100,$CLASS1PRODUCT1,$SESSION1,User Assigned Id..,TRUE,TRUE,Comment
CURRENTMARKETV4BESTMARKETQUERY,$MM1,CBOE,$CLASS1PRODUCT1,100,2,10,00,100,2,10,20,TRUE,TRUE,Comment
ORDER,$MM1,$MM1EXCHANGE,$MM1EXECFIRM,PSD,2799,ABC,*,$MM1EXCHANGE,$MM1,100,$CLASS1PRODUCT1,B,2,10,05,D,21/12/2003 6:00:00.0,1,1,0,00,0,-,-,-,$MM1,$MM1,C,FALSE,C,U,0,-,-,$SESSION1,TRUE,TRUE,Comment
CURRENTMARKETV4BESTMARKETQUERY,$MM1,CBOE,$CLASS1PRODUCT1,100,2,10,05,100,2,10,20,TRUE,TRUE,Comment
ORDER,$MM1,$MM1EXCHANGE,$MM1EXECFIRM,FYX,5536,ABC,*,$MM1EXCHANGE,$MM1,100,$CLASS1PRODUCT1,S,2,10,15,D,21/12/2003 6:00:00.0,1,1,0,00,0,-,-,-,$MM1,$MM1,C,FALSE,C,U,0,-,-,$SESSION1,TRUE,TRUE,Comment
CURRENTMARKETV4BESTMARKETQUERY,$MM1,CBOE,$CLASS1PRODUCT1,100,2,10,05,100,2,10,15,TRUE,TRUE,Comment
PAUSE,1000
TOPOFBOOKVERIFICATION,$MM1,$SESSION1,$CLASS1PRODUCT1,100,2,10,05,100,2,10,15,TRUE,TRUE,Comment
INTERNALIZEDORDER,$CUST1,2,$CUST1EXCHANGE,$CUST1EXECFIRM,HEB,5976,ABC,*,$CUST1EXCHANGE,$CUST1,500,$CLASS1PRODUCT1,B,2,10,05,D,21/12/2003 6:00:00.0,1,1,0,00,0,-,-,-,$CUST1,$CUST1,C,FALSE,M,U,0,A:AIQ;,-,$SESSION1,$CUST1EXCHANGE,$CUST1EXECFIRM,HEB,59761,ABC,*,$CUST1EXCHANGE,$CUST1,500,$CLASS1PRODUCT1,S,2,10,20,D,21/12/2003 6:00:00.0,1,1,0,00,0,-,-,-,$CUST1,$CUST1,C,FALSE,M,U,0,A:RE;,-,$SESSION1,FALSE,TRUE,Comment
CURRENTMARKETV4BESTMARKETQUERY,$MM1,CBOE,$CLASS1PRODUCT1,100,2,10,05,100,2,10,15,TRUE,TRUE,Comment
TOPOFBOOKVERIFICATION,$MM1,$SESSION1,$CLASS1PRODUCT1,100,2,10,05,100,2,10,15,TRUE,TRUE,Comment
ORDERCANCELBYIDNOWAIT,$MM1,$MM1EXCHANGE,$MM1EXECFIRM,PSD,2799,ABC,*,100,$SESSION1,1,TRUE,TRUE,Comment
ORDERCANCELVERIFICATION,$MM1,$MM1EXCHANGE,$MM1EXECFIRM,PSD,2799,ABC,*,$SESSION1,$CLASS1PRODUCT1,2,100,TRUE,TRUE,Comment
ORDERCANCELBYIDNOWAIT,$MM1,$MM1EXCHANGE,$MM1EXECFIRM,FYX,5536,ABC,*,100,$SESSION1,1,TRUE,TRUE,Comment
ORDERCANCELVERIFICATION,$MM1,$MM1EXCHANGE,$MM1EXECFIRM,FYX,5536,ABC,*,$SESSION1,$CLASS1PRODUCT1,2,100,TRUE,TRUE,Comment
QUOTECANCEL,$MM1,$SESSION1,$CLASS1PRODUCT1,2,TRUE,TRUE,Comment
QUOTECANCELVERIFICATION,$MM1,$SESSION1,$CLASS1PRODUCT1,2,TRUE,TRUE,Comment

COMMENT, Test Case 20:QCT trade price occurs equal TOB for PO and MO on Ask side;no resting customer orders on TOB;QCT order is traded
CLEARALLCALLBACKS,$MM1
SETPRODUCTSTATEBYPRODUCT,$SA1,$SESSION1,$CLASS1PRODUCT1,$CLASS1,1,TRUE,TRUE,Comment
PRODUCTSTATEQUERY,$SA1,$SESSION1,$CLASS1PRODUCT1,1,TRUE,TRUE,Comment
SETPRODUCTSTATEBYPRODUCT,$SA1,$SESSION1,$CLASS1PRODUCT1,$CLASS1,2,TRUE,TRUE,Comment
PRODUCTSTATEQUERY,$SA1,$SESSION1,$CLASS1PRODUCT1,2,TRUE,TRUE,Comment
SETPRODUCTSTATEBYPRODUCT,$SA1,$SESSION1,$CLASS1PRODUCT1,$CLASS1,3,TRUE,TRUE,Comment
PRODUCTSTATEQUERY,$SA1,$SESSION1,$CLASS1PRODUCT1,3,TRUE,TRUE,Comment
SETPRODUCTSTATEBYPRODUCT,$SA1,$SESSION1,$CLASS1PRODUCT1,$CLASS1,4,TRUE,TRUE,Comment
PRODUCTSTATEQUERY,$SA1,$SESSION1,$CLASS1PRODUCT1,4,TRUE,TRUE,Comment
UPDATEBOTR,$SA1,$SESSION1,$CLASS1,$CLASS1PRODUCT1,B,9.90,NYSE=100,TRUE,TRUE,Comment
UPDATEBOTR,$SA1,$SESSION1,$CLASS1,$CLASS1PRODUCT1,S,10.30,NYSE=100,TRUE,TRUE,Comment
TOPOFBOOKVERIFICATION,$MM1,$SESSION1,$CLASS1PRODUCT1,0,1,0,00,0,1,0,00,TRUE,TRUE,Comment
QUOTE,$MM1,2,10,00,100,2,10,20,100,$CLASS1PRODUCT1,$SESSION1,User Assigned Id..,TRUE,TRUE,Comment
CURRENTMARKETV4BESTMARKETQUERY,$MM1,CBOE,$CLASS1PRODUCT1,100,2,10,00,100,2,10,20,TRUE,TRUE,Comment
ORDER,$MM1,$MM1EXCHANGE,$MM1EXECFIRM,REM,3711,ABC,*,$MM1EXCHANGE,$MM1,100,$CLASS1PRODUCT1,B,2,10,05,D,21/12/2003 6:00:00.0,1,1,0,00,0,-,-,-,$MM1,$MM1,C,FALSE,M,U,0,-,-,$SESSION1,TRUE,TRUE,Comment
CURRENTMARKETV4BESTMARKETQUERY,$MM1,CBOE,$CLASS1PRODUCT1,100,2,10,05,100,2,10,20,TRUE,TRUE,Comment
ORDER,$MM1,$MM1EXCHANGE,$MM1EXECFIRM,WNW,3763,ABC,*,$MM1EXCHANGE,$MM1,100,$CLASS1PRODUCT1,S,2,10,15,D,21/12/2003 6:00:00.0,1,1,0,00,0,-,-,-,$MM1,$MM1,C,FALSE,F,U,0,-,-,$SESSION1,TRUE,TRUE,Comment
CURRENTMARKETV4BESTMARKETQUERY,$MM1,CBOE,$CLASS1PRODUCT1,100,2,10,05,100,2,10,15,TRUE,TRUE,Comment
PAUSE,1000
TOPOFBOOKVERIFICATION,$MM1,$SESSION1,$CLASS1PRODUCT1,100,2,10,05,100,2,10,15,TRUE,TRUE,Comment
INTERNALIZEDORDER,$CUST1,2,$CUST1EXCHANGE,$CUST1EXECFIRM,EOQ,1772,ABC,*,$CUST1EXCHANGE,$CUST1,500,$CLASS1PRODUCT1,B,2,10,15,D,21/12/2003 6:00:00.0,1,1,0,00,0,-,-,-,$CUST1,$CUST1,C,FALSE,M,U,0,A:AIQ;,-,$SESSION1,$CUST1EXCHANGE,$CUST1EXECFIRM,EOQ,17721,ABC,*,$CUST1EXCHANGE,$CUST1,500,$CLASS1PRODUCT1,S,2,10,15,D,21/12/2003 6:00:00.0,1,1,0,00,0,-,-,-,$CUST1,$CUST1,C,FALSE,M,U,0,A:RE;,-,$SESSION1,TRUE,TRUE,Comment
PAUSE,1000
LASTSALEQUERY,$MM1,$SESSION1,$CLASS1PRODUCT1,2,10,15,500,TRUE,TRUE,Comment
ORDERFILLVERIFICATION,$CUST1,$CUST1EXCHANGE,$CUST1EXECFIRM,EOQ,1772,ABC,*,0,0,3,500,1,2,10,15,TRUE,TRUE,Comment
ORDERFILLVERIFICATION,$CUST1,$CUST1EXCHANGE,$CUST1EXECFIRM,EOQ,17721,ABC,*,0,0,3,500,1,2,10,15,TRUE,TRUE,Comment
CURRENTMARKETV4BESTMARKETQUERY,$MM1,CBOE,$CLASS1PRODUCT1,100,2,10,05,100,2,10,15,TRUE,TRUE,Comment
TOPOFBOOKVERIFICATION,$MM1,$SESSION1,$CLASS1PRODUCT1,100,2,10,05,100,2,10,15,TRUE,TRUE,Comment
ORDERCANCELBYIDNOWAIT,$MM1,$MM1EXCHANGE,$MM1EXECFIRM,REM,3711,ABC,*,100,$SESSION1,1,TRUE,TRUE,Comment
ORDERCANCELVERIFICATION,$MM1,$MM1EXCHANGE,$MM1EXECFIRM,REM,3711,ABC,*,$SESSION1,$CLASS1PRODUCT1,2,100,TRUE,TRUE,Comment
ORDERCANCELBYIDNOWAIT,$MM1,$MM1EXCHANGE,$MM1EXECFIRM,WNW,3763,ABC,*,100,$SESSION1,1,TRUE,TRUE,Comment
ORDERCANCELVERIFICATION,$MM1,$MM1EXCHANGE,$MM1EXECFIRM,WNW,3763,ABC,*,$SESSION1,$CLASS1PRODUCT1,2,100,TRUE,TRUE,Comment
QUOTECANCEL,$MM1,$SESSION1,$CLASS1PRODUCT1,2,TRUE,TRUE,Comment
QUOTECANCELVERIFICATION,$MM1,$SESSION1,$CLASS1PRODUCT1,2,TRUE,TRUE,Comment

COMMENT, Test Case 21:QCT trade price occurs equal TOB for PO and MO on Bid side;no resting customer orders on TOB;QCT order is traded
CLEARALLCALLBACKS,$MM1
SETPRODUCTSTATEBYPRODUCT,$SA1,$SESSION1,$CLASS1PRODUCT1,$CLASS1,1,TRUE,TRUE,Comment
PRODUCTSTATEQUERY,$SA1,$SESSION1,$CLASS1PRODUCT1,1,TRUE,TRUE,Comment
SETPRODUCTSTATEBYPRODUCT,$SA1,$SESSION1,$CLASS1PRODUCT1,$CLASS1,2,TRUE,TRUE,Comment
PRODUCTSTATEQUERY,$SA1,$SESSION1,$CLASS1PRODUCT1,2,TRUE,TRUE,Comment
SETPRODUCTSTATEBYPRODUCT,$SA1,$SESSION1,$CLASS1PRODUCT1,$CLASS1,3,TRUE,TRUE,Comment
PRODUCTSTATEQUERY,$SA1,$SESSION1,$CLASS1PRODUCT1,3,TRUE,TRUE,Comment
SETPRODUCTSTATEBYPRODUCT,$SA1,$SESSION1,$CLASS1PRODUCT1,$CLASS1,4,TRUE,TRUE,Comment
PRODUCTSTATEQUERY,$SA1,$SESSION1,$CLASS1PRODUCT1,4,TRUE,TRUE,Comment
UPDATEBOTR,$SA1,$SESSION1,$CLASS1,$CLASS1PRODUCT1,B,9.90,NYSE=100,TRUE,TRUE,Comment
UPDATEBOTR,$SA1,$SESSION1,$CLASS1,$CLASS1PRODUCT1,S,10.30,NYSE=100,TRUE,TRUE,Comment
TOPOFBOOKVERIFICATION,$MM1,$SESSION1,$CLASS1PRODUCT1,0,1,0,00,0,1,0,00,TRUE,TRUE,Comment
QUOTE,$MM1,2,10,00,100,2,10,20,100,$CLASS1PRODUCT1,$SESSION1,User Assigned Id..,TRUE,TRUE,Comment
CURRENTMARKETV4BESTMARKETQUERY,$MM1,CBOE,$CLASS1PRODUCT1,100,2,10,00,100,2,10,20,TRUE,TRUE,Comment
ORDER,$MM1,$MM1EXCHANGE,$MM1EXECFIRM,QVM,2587,ABC,*,$MM1EXCHANGE,$MM1,100,$CLASS1PRODUCT1,B,2,10,05,D,21/12/2003 6:00:00.0,1,1,0,00,0,-,-,-,$MM1,$MM1,C,FALSE,M,U,0,-,-,$SESSION1,TRUE,TRUE,Comment
CURRENTMARKETV4BESTMARKETQUERY,$MM1,CBOE,$CLASS1PRODUCT1,100,2,10,05,100,2,10,20,TRUE,TRUE,Comment
ORDER,$MM1,$MM1EXCHANGE,$MM1EXECFIRM,PQY,1629,ABC,*,$MM1EXCHANGE,$MM1,100,$CLASS1PRODUCT1,S,2,10,15,D,21/12/2003 6:00:00.0,1,1,0,00,0,-,-,-,$MM1,$MM1,C,FALSE,F,U,0,-,-,$SESSION1,TRUE,TRUE,Comment
CURRENTMARKETV4BESTMARKETQUERY,$MM1,CBOE,$CLASS1PRODUCT1,100,2,10,05,100,2,10,15,TRUE,TRUE,Comment
PAUSE,1000
TOPOFBOOKVERIFICATION,$MM1,$SESSION1,$CLASS1PRODUCT1,100,2,10,05,100,2,10,15,TRUE,TRUE,Comment
INTERNALIZEDORDER,$CUST1,2,$CUST1EXCHANGE,$CUST1EXECFIRM,CSI,460,ABC,*,$CUST1EXCHANGE,$CUST1,500,$CLASS1PRODUCT1,B,2,10,05,D,21/12/2003 6:00:00.0,1,1,0,00,0,-,-,-,$CUST1,$CUST1,C,FALSE,M,U,0,A:AIQ;,-,$SESSION1,$CUST1EXCHANGE,$CUST1EXECFIRM,CSI,4601,ABC,*,$CUST1EXCHANGE,$CUST1,500,$CLASS1PRODUCT1,S,2,10,05,D,21/12/2003 6:00:00.0,1,1,0,00,0,-,-,-,$CUST1,$CUST1,C,FALSE,M,U,0,A:RE;,-,$SESSION1,TRUE,TRUE,Comment
PAUSE,1000
LASTSALEQUERY,$MM1,$SESSION1,$CLASS1PRODUCT1,2,10,05,500,TRUE,TRUE,Comment
ORDERFILLVERIFICATION,$CUST1,$CUST1EXCHANGE,$CUST1EXECFIRM,CSI,460,ABC,*,0,0,3,500,1,2,10,05,TRUE,TRUE,Comment
ORDERFILLVERIFICATION,$CUST1,$CUST1EXCHANGE,$CUST1EXECFIRM,CSI,4601,ABC,*,0,0,3,500,1,2,10,05,TRUE,TRUE,Comment
CURRENTMARKETV4BESTMARKETQUERY,$MM1,CBOE,$CLASS1PRODUCT1,100,2,10,05,100,2,10,15,TRUE,TRUE,Comment
TOPOFBOOKVERIFICATION,$MM1,$SESSION1,$CLASS1PRODUCT1,100,2,10,05,100,2,10,15,TRUE,TRUE,Comment
ORDERCANCELBYIDNOWAIT,$MM1,$MM1EXCHANGE,$MM1EXECFIRM,QVM,2587,ABC,*,100,$SESSION1,1,TRUE,TRUE,Comment
ORDERCANCELVERIFICATION,$MM1,$MM1EXCHANGE,$MM1EXECFIRM,QVM,2587,ABC,*,$SESSION1,$CLASS1PRODUCT1,2,100,TRUE,TRUE,Comment
ORDERCANCELBYIDNOWAIT,$MM1,$MM1EXCHANGE,$MM1EXECFIRM,PQY,1629,ABC,*,100,$SESSION1,1,TRUE,TRUE,Comment
ORDERCANCELVERIFICATION,$MM1,$MM1EXCHANGE,$MM1EXECFIRM,PQY,1629,ABC,*,$SESSION1,$CLASS1PRODUCT1,2,100,TRUE,TRUE,Comment
QUOTECANCEL,$MM1,$SESSION1,$CLASS1PRODUCT1,2,TRUE,TRUE,Comment
QUOTECANCELVERIFICATION,$MM1,$SESSION1,$CLASS1PRODUCT1,2,TRUE,TRUE,Comment

COMMENT, Test Case 22:QCT trade price occurs equal TOB for PO and MO on Ask side;no resting orders on TOB;QCT order is traded
CLEARALLCALLBACKS,$MM1
SETPRODUCTSTATEBYPRODUCT,$SA1,$SESSION1,$CLASS1PRODUCT1,$CLASS1,1,TRUE,TRUE,Comment
PRODUCTSTATEQUERY,$SA1,$SESSION1,$CLASS1PRODUCT1,1,TRUE,TRUE,Comment
SETPRODUCTSTATEBYPRODUCT,$SA1,$SESSION1,$CLASS1PRODUCT1,$CLASS1,2,TRUE,TRUE,Comment
PRODUCTSTATEQUERY,$SA1,$SESSION1,$CLASS1PRODUCT1,2,TRUE,TRUE,Comment
SETPRODUCTSTATEBYPRODUCT,$SA1,$SESSION1,$CLASS1PRODUCT1,$CLASS1,3,TRUE,TRUE,Comment
PRODUCTSTATEQUERY,$SA1,$SESSION1,$CLASS1PRODUCT1,3,TRUE,TRUE,Comment
SETPRODUCTSTATEBYPRODUCT,$SA1,$SESSION1,$CLASS1PRODUCT1,$CLASS1,4,TRUE,TRUE,Comment
PRODUCTSTATEQUERY,$SA1,$SESSION1,$CLASS1PRODUCT1,4,TRUE,TRUE,Comment
UPDATEBOTR,$SA1,$SESSION1,$CLASS1,$CLASS1PRODUCT1,B,9.90,NYSE=100,TRUE,TRUE,Comment
UPDATEBOTR,$SA1,$SESSION1,$CLASS1,$CLASS1PRODUCT1,S,10.30,NYSE=100,TRUE,TRUE,Comment
TOPOFBOOKVERIFICATION,$MM1,$SESSION1,$CLASS1PRODUCT1,0,1,0,00,0,1,0,00,TRUE,TRUE,Comment
QUOTE,$MM1,2,10,00,100,2,10,20,100,$CLASS1PRODUCT1,$SESSION1,User Assigned Id..,TRUE,TRUE,Comment
CURRENTMARKETV4BESTMARKETQUERY,$MM1,CBOE,$CLASS1PRODUCT1,100,2,10,00,100,2,10,20,TRUE,TRUE,Comment
INTERNALIZEDORDER,$CUST1,2,$CUST1EXCHANGE,$CUST1EXECFIRM,OKT,6131,ABC,*,$CUST1EXCHANGE,$CUST1,500,$CLASS1PRODUCT1,B,2,10,20,D,21/12/2003 6:00:00.0,1,1,0,00,0,-,-,-,$CUST1,$CUST1,C,FALSE,M,U,0,A:AIQ;,-,$SESSION1,$CUST1EXCHANGE,$CUST1EXECFIRM,OKT,61311,ABC,*,$CUST1EXCHANGE,$CUST1,500,$CLASS1PRODUCT1,S,2,10,20,D,21/12/2003 6:00:00.0,1,1,0,00,0,-,-,-,$CUST1,$CUST1,C,FALSE,M,U,0,A:RE;,-,$SESSION1,TRUE,TRUE,Comment
PAUSE,1000
LASTSALEQUERY,$MM1,$SESSION1,$CLASS1PRODUCT1,2,10,20,500,TRUE,TRUE,Comment
ORDERFILLVERIFICATION,$CUST1,$CUST1EXCHANGE,$CUST1EXECFIRM,OKT,6131,ABC,*,0,0,3,500,1,2,10,20,TRUE,TRUE,Comment
ORDERFILLVERIFICATION,$CUST1,$CUST1EXCHANGE,$CUST1EXECFIRM,OKT,61311,ABC,*,0,0,3,500,1,2,10,20,TRUE,TRUE,Comment
CURRENTMARKETV4BESTMARKETQUERY,$MM1,CBOE,$CLASS1PRODUCT1,100,2,10,00,100,2,10,20,TRUE,TRUE,Comment
TOPOFBOOKVERIFICATION,$MM1,$SESSION1,$CLASS1PRODUCT1,100,2,10,00,100,2,10,20,TRUE,TRUE,Comment
QUOTECANCEL,$MM1,$SESSION1,$CLASS1PRODUCT1,2,TRUE,TRUE,Comment
QUOTECANCELVERIFICATION,$MM1,$SESSION1,$CLASS1PRODUCT1,2,TRUE,TRUE,Comment

COMMENT, Test Case 23:QCT trade price occurs equal TOB for PO and MO on Bid side;no resting orders on TOB;QCT order is traded
CLEARALLCALLBACKS,$MM1
SETPRODUCTSTATEBYPRODUCT,$SA1,$SESSION1,$CLASS1PRODUCT1,$CLASS1,1,TRUE,TRUE,Comment
PRODUCTSTATEQUERY,$SA1,$SESSION1,$CLASS1PRODUCT1,1,TRUE,TRUE,Comment
SETPRODUCTSTATEBYPRODUCT,$SA1,$SESSION1,$CLASS1PRODUCT1,$CLASS1,2,TRUE,TRUE,Comment
PRODUCTSTATEQUERY,$SA1,$SESSION1,$CLASS1PRODUCT1,2,TRUE,TRUE,Comment
SETPRODUCTSTATEBYPRODUCT,$SA1,$SESSION1,$CLASS1PRODUCT1,$CLASS1,3,TRUE,TRUE,Comment
PRODUCTSTATEQUERY,$SA1,$SESSION1,$CLASS1PRODUCT1,3,TRUE,TRUE,Comment
SETPRODUCTSTATEBYPRODUCT,$SA1,$SESSION1,$CLASS1PRODUCT1,$CLASS1,4,TRUE,TRUE,Comment
PRODUCTSTATEQUERY,$SA1,$SESSION1,$CLASS1PRODUCT1,4,TRUE,TRUE,Comment
UPDATEBOTR,$SA1,$SESSION1,$CLASS1,$CLASS1PRODUCT1,B,9.90,NYSE=100,TRUE,TRUE,Comment
UPDATEBOTR,$SA1,$SESSION1,$CLASS1,$CLASS1PRODUCT1,S,10.30,NYSE=100,TRUE,TRUE,Comment
TOPOFBOOKVERIFICATION,$MM1,$SESSION1,$CLASS1PRODUCT1,0,1,0,00,0,1,0,00,TRUE,TRUE,Comment
QUOTE,$MM1,2,10,00,100,2,10,20,100,$CLASS1PRODUCT1,$SESSION1,User Assigned Id..,TRUE,TRUE,Comment
CURRENTMARKETV4BESTMARKETQUERY,$MM1,CBOE,$CLASS1PRODUCT1,100,2,10,00,100,2,10,20,TRUE,TRUE,Comment
INTERNALIZEDORDER,$CUST1,2,$CUST1EXCHANGE,$CUST1EXECFIRM,NVT,3253,ABC,*,$CUST1EXCHANGE,$CUST1,500,$CLASS1PRODUCT1,B,2,10,00,D,21/12/2003 6:00:00.0,1,1,0,00,0,-,-,-,$CUST1,$CUST1,C,FALSE,M,U,0,A:AIQ;,-,$SESSION1,$CUST1EXCHANGE,$CUST1EXECFIRM,NVT,32531,ABC,*,$CUST1EXCHANGE,$CUST1,500,$CLASS1PRODUCT1,S,2,10,00,D,21/12/2003 6:00:00.0,1,1,0,00,0,-,-,-,$CUST1,$CUST1,C,FALSE,M,U,0,A:RE;,-,$SESSION1,TRUE,TRUE,Comment
PAUSE,1000
LASTSALEQUERY,$MM1,$SESSION1,$CLASS1PRODUCT1,2,10,00,500,TRUE,TRUE,Comment
ORDERFILLVERIFICATION,$CUST1,$CUST1EXCHANGE,$CUST1EXECFIRM,NVT,3253,ABC,*,0,0,3,500,1,2,10,00,TRUE,TRUE,Comment
ORDERFILLVERIFICATION,$CUST1,$CUST1EXCHANGE,$CUST1EXECFIRM,NVT,32531,ABC,*,0,0,3,500,1,2,10,00,TRUE,TRUE,Comment
CURRENTMARKETV4BESTMARKETQUERY,$MM1,CBOE,$CLASS1PRODUCT1,100,2,10,00,100,2,10,20,TRUE,TRUE,Comment
TOPOFBOOKVERIFICATION,$MM1,$SESSION1,$CLASS1PRODUCT1,100,2,10,00,100,2,10,20,TRUE,TRUE,Comment
QUOTECANCEL,$MM1,$SESSION1,$CLASS1PRODUCT1,2,TRUE,TRUE,Comment
QUOTECANCELVERIFICATION,$MM1,$SESSION1,$CLASS1PRODUCT1,2,TRUE,TRUE,Comment

COMMENT, Test Case:Cleaning Up Task
TRADERLOGOUT,$MM1,TRUE,TRUE,Comment
OMTLOGOUT,$HOMT1,TRUE,TRUE,Comment
TRADERLOGOUT,$CUST1,TRUE,TRUE,Comment

SALOGOUT,$SA1,TRUE,TRUE,Comment
ENDPOINT,
PRINTOUTPUTSUMMARY,