TESTSUITENAME,C2 Matching Algorithm enhancement simple with AIM Test Plan
PRINTOUTPUTHEADING,
STARTPOINT,
SALOGIN,$SA1,$SA1,TRUE,TRUE,Comment


COMMENT, Test Cases:19

COMMENT, Test Environment Setup
SELECTCLASSESANDPRODUCTS,$SA1,$SESSION1,7,1,CLASS,1,PRODUCT,$HYBRIDCLASSLIST1,TRUE,TRUE,Comment
VERIFYSESSIONSTATE,$SA1,$SESSION1,2,TRUE,TRUE,Comment

COMMENT, User Setup
CREATEUSER,$SA1,$MM6,$MM6EXCHANGE,$MM6EXECFIRM,M,1,Automated API $MM6 User,FALSE,TRUE,TRUE,New User for Clearing Firm "695" and Exchange "CBOE2" !
VERIFYUSEREXISTENCE,$SA1,$MM6EXCHANGE,$MM6,M,TRUE,TRUE,TRUE,Comment
CREATEUSER,$SA1,$MM1,$MM1EXCHANGE,$MM1EXECFIRM,M,1,Automated API $MM1 User,FALSE,TRUE,TRUE,New User for Clearing Firm "695" and Exchange "CBOE2" !
VERIFYUSEREXISTENCE,$SA1,$MM1EXCHANGE,$MM1,M,TRUE,TRUE,TRUE,Comment
CREATEUSER,$SA1,$MM2,$MM2EXCHANGE,$MM2EXECFIRM,M,1,Automated API $MM2 User,FALSE,TRUE,TRUE,New User for Clearing Firm "695" and Exchange "CBOE2" !
VERIFYUSEREXISTENCE,$SA1,$MM2EXCHANGE,$MM2,M,TRUE,TRUE,TRUE,Comment
CREATEUSER,$SA1,$MM3,$MM3EXCHANGE,$MM3EXECFIRM,M,1,Automated API $MM3 User,FALSE,TRUE,TRUE,New User for Clearing Firm "695" and Exchange "CBOE2" !
VERIFYUSEREXISTENCE,$SA1,$MM3EXCHANGE,$MM3,M,TRUE,TRUE,TRUE,Comment
CREATEUSER,$SA1,$MM4,$MM4EXCHANGE,$MM4EXECFIRM,M,1,Automated API $MM4 User,FALSE,TRUE,TRUE,New User for Clearing Firm "695" and Exchange "CBOE2" !
VERIFYUSEREXISTENCE,$SA1,$MM4EXCHANGE,$MM4,M,TRUE,TRUE,TRUE,Comment
CREATEUSER,$SA1,$MM5,$MM5EXCHANGE,$MM5EXECFIRM,M,1,Automated API $MM5 User,FALSE,TRUE,TRUE,New User for Clearing Firm "695" and Exchange "CBOE2" !
VERIFYUSEREXISTENCE,$SA1,$MM5EXCHANGE,$MM5,M,TRUE,TRUE,TRUE,Comment
CREATEUSER,$SA1,$CUST1,$CUST1EXCHANGE,$CUST1EXECFIRM,X,1,Automated API $CUST1 User,FALSE,TRUE,TRUE,New User for Clearing Firm "939" and Exchange "CBOE2" !
VERIFYUSEREXISTENCE,$SA1,$CUST1EXCHANGE,$CUST1,X,TRUE,TRUE,TRUE,Comment
TRADERLOGIN,$MM6,$MM6,$CASANDPORT,TRUE,TRUE,Comment
TRADERLOGIN,$MM1,$MM1,$CASANDPORT,TRUE,TRUE,Comment
TRADERLOGIN,$MM2,$MM2,$CASANDPORT,TRUE,TRUE,Comment
TRADERLOGIN,$MM3,$MM3,$CASANDPORT,TRUE,TRUE,Comment
TRADERLOGIN,$MM4,$MM4,$CASANDPORT,TRUE,TRUE,Comment
TRADERLOGIN,$MM5,$MM5,$CASANDPORT,TRUE,TRUE,Comment
TRADERLOGIN,$CUST1,$CUST1,$CASANDPORT,TRUE,TRUE,Comment


COMMENT, Trading Property Setup
SETAUCTIONMINPRICEINCREMENT,$SA1,$SESSION1,$CLASS1,1:1,TRUE,TRUE,Comment
PAUSE,2000
VERIFYAUCTIONMINPRICEINCREMENT,$SA1,$SESSION1,$CLASS1,1:1,TRUE,TRUE,Comment
SETAUCTIONMINQUOTERS,$SA1,$SESSION1,$CLASS1,1:0,TRUE,TRUE,Comment
PAUSE,2000
VERIFYAUCTIONMINQUOTERS,$SA1,$SESSION1,$CLASS1,1:0,TRUE,TRUE,Comment
SETAUCTIONTIMETOLIVE,$SA1,$SESSION1,$CLASS1,1:30000-30000,TRUE,TRUE,Comment
PAUSE,2000
VERIFYAUCTIONTIMETOLIVE,$SA1,$SESSION1,$CLASS1,1:30000-30000,TRUE,TRUE,Comment
SETAUCTIONMINMAXORDERSIZE,$SA1,$SESSION1,$CLASS1,1:1-99999,TRUE,TRUE,Comment
PAUSE,2000
VERIFYAUCTIONMINMAXORDERSIZE,$SA1,$SESSION1,$CLASS1,1:1-99999,TRUE,TRUE,Comment
SETQUOTETRIGGERTIMER,$SA1,$SESSION1,$CLASS1,60000,TRUE,TRUE,Comment
PAUSE,2000
VERIFYQUOTETRIGGERTIMER,$SA1,$SESSION1,$CLASS1,60000,TRUE,TRUE,Comment
SETALLOWMARKETORDER,$SA1,$SESSION1,$CLASS1,TRUE,TRUE,TRUE,Comment
PAUSE,2000
VERIFYALLOWMARKETORDER,$SA1,$SESSION1,$CLASS1,TRUE,TRUE,TRUE,Comment
SETAUCTIONENABLED,$SA1,$SESSION1,$CLASS1,1:true,TRUE,TRUE,Comment
PAUSE,2000
VERIFYAUCTIONENABLED,$SA1,$SESSION1,$CLASS1,1:true,TRUE,TRUE,Comment
SETAUCTIONORDERTICKSAWAYFROMNBBO,$SA1,$SESSION1,$CLASS1,1:0,TRUE,TRUE,Comment
PAUSE,2000
VERIFYAUCTIONORDERTICKSAWAYFROMNBBO,$SA1,$SESSION1,$CLASS1,1:0,TRUE,TRUE,Comment
SETEXCHANGEPRESCRIBEDWIDTH,$SA1,$SESSION1,$CLASS1,0.0-3.0:0.5;3.0-10:1;10-99999:2,TRUE,TRUE,Comment
PAUSE,2000
VERIFYEXCHANGEPRESCRIBEDWIDTH,$SA1,$SESSION1,$CLASS1,0.0-3.0:0.5;3.0-10:1;10-99999:2,TRUE,TRUE,Comment
SETINTERNALIZATIONGUARANTEEDPERCENTAGE,$SA1,$SESSION1,$CLASS1,1:0-1:1.0;1:1-2:0.5;1:2-99999:0.4,TRUE,TRUE,Comment
PAUSE,2000
VERIFYINTERNALIZATIONGUARANTEEDPERCENTAGE,$SA1,$SESSION1,$CLASS1,1:0-1:1.0;1:1-2:0.5;1:2-99999:0.4,TRUE,TRUE,Comment
SETALLOCATIONSTRATEGIES,$SA1,$SESSION1,$CLASS1,5=1;4;30 6=1;4,TRUE,TRUE,Comment
PAUSE,2000
VERIFYALLOCATIONSTRATEGIES,$SA1,$SESSION1,$CLASS1,5=1;4;30 6=1;4,TRUE,TRUE,Comment
PAUSE,2000
REFRESHALLOCATIONSTRATEGYFORCLASS,$SA1,$SESSION1,$CLASS1,TRUE,TRUE,Comment

COMMENT, Routing Property Setup
SETHELPDESKDEFAULTDESTINATION,$SA1,$SESSION1,$MM3EXCHANGE,$MM3EXECFIRM,$CLASS1,$HOMT1,TRUE,TRUE,Comment
PAUSE,2000
VERIFYHELPDESKDEFAULTDESTINATION,$SA1,$SESSION1,$MM3EXCHANGE,$MM3EXECFIRM,$CLASS1,$HOMT1:7,TRUE,TRUE,Comment
SETREASONABILITYEDIT,$SA1,$SESSION1,$DEFAULT,$DEFAULT,$CLASS1,GroupDefaulT,TRUE,TRUE,Comment
PAUSE,2000
VERIFYREASONABILITYEDIT,$SA1,$SESSION1,$DEFAULT,$DEFAULT,$CLASS1,GroupDefaulT,TRUE,TRUE,Comment

COMMENT, Pre-Test Settings
SUBSCRIBECURRENTMARKET,$MM1,$SESSION1,$CLASS1,$CLASS1PRODUCT1,TRUE,TRUE,Comment
SUBSCRIBEAUCTION,$MM1,$SESSION1,$CLASS1,1,TRUE,TRUE,Comment
SUBSCRIBECURRENTMARKET,$MM1,$SESSION1,$CLASS1,$CLASS1PRODUCT1,TRUE,TRUE,Comment

COMMENT, Test Case 1:CBOE is NBBo MO and RFP are same price PO will trade with first then Mo and Auction Response. InternalizationFixed pic will takes place. Same user send Auction Response
UPDATEALLEXCHANGESBBOWITHNEWFORMAT,$SA1,$SESSION1,$CLASS1,$CLASS1PRODUCT1,NYSE:B:1.00:10:BOTR:N:A:1.35:5:BOTR:N;AMEX:B:1.00:10:BOTR:N A:A:1.35:10:BOTR:null,TRUE,TRUE,Comment
SETPRODUCTSTATEBYPRODUCT,$SA1,$SESSION1,$CLASS1PRODUCT1,$CLASS1,1,TRUE,TRUE,Comment
PRODUCTSTATEQUERY,$SA1,$SESSION1,$CLASS1PRODUCT1,1,TRUE,TRUE,Comment
SETPRODUCTSTATEBYPRODUCT,$SA1,$SESSION1,$CLASS1PRODUCT1,$CLASS1,2,TRUE,TRUE,Comment
PRODUCTSTATEQUERY,$SA1,$SESSION1,$CLASS1PRODUCT1,2,TRUE,TRUE,Comment
SETPRODUCTSTATEBYPRODUCT,$SA1,$SESSION1,$CLASS1PRODUCT1,$CLASS1,3,TRUE,TRUE,Comment
PRODUCTSTATEQUERY,$SA1,$SESSION1,$CLASS1PRODUCT1,3,TRUE,TRUE,Comment
SETPRODUCTSTATEBYPRODUCT,$SA1,$SESSION1,$CLASS1PRODUCT1,$CLASS1,4,TRUE,TRUE,Comment
PRODUCTSTATEQUERY,$SA1,$SESSION1,$CLASS1PRODUCT1,4,TRUE,TRUE,Comment
TOPOFBOOKVERIFICATION,$MM1,$SESSION1,$CLASS1PRODUCT1,0,1,0,00,0,1,0,00,TRUE,TRUE,Comment
QUOTE,$MM3,2,1,00,100,2,1,30,100,$CLASS1PRODUCT1,$SESSION1,User Assigned Id..,TRUE,TRUE,Comment
INTERNALIZEDORDER,$CUST1,2,$CUST1EXCHANGE,$CUST1EXECFIRM,LUK,1528,ABC,*,$CUST1EXCHANGE,$CUST1,150,$CLASS1PRODUCT1,B,2,1,25,D,21/12/2003 6:00:00.0,1,1,0,00,0,-,-,-,$CUST1,$CUST1,C,FALSE,C,U,0,-,-,$SESSION1,$CUST1EXCHANGE,$CUST1EXECFIRM,LUK,15281,ABC,*,$CUST1EXCHANGE,$CUST1,150,$CLASS1PRODUCT1,S,2,1,25,D,21/12/2003 6:00:00.0,1,1,0,00,0,-,-,-,$CUST1,$CUST1,C,FALSE,M,U,0,-,-,$SESSION1,TRUE,TRUE,Comment
RFPQUERY,$MM1,$SESSION1,$CLASS1PRODUCT1,$AUCTION120,B,150,1,0,00,TRUE,TRUE,Comment
ORDER,$MM1,$MM1EXCHANGE,$MM1EXECFIRM,HUW,4969,ABC,*,$MM1EXCHANGE,$MM1,100,$CLASS1PRODUCT1,S,2,1,25,D,21/12/2003 6:00:00.0,14,1,0,00,0,-,-,$AUCTION120,$MM1,$MM1,C,FALSE,M,U,0,-,-,$SESSION1,TRUE,TRUE,Comment
ORDER,$MM1,$MM1EXCHANGE,$MM1EXECFIRM,LFS,9664,ABC,*,$MM1EXCHANGE,$MM1,50,$CLASS1PRODUCT1,S,2,1,25,D,21/12/2003 6:00:00.0,14,1,0,00,0,-,-,$AUCTION120,$MM1,$MM1,C,FALSE,M,U,0,-,-,$SESSION1,TRUE,TRUE,Comment
PAUSE,40000
ORDERFILLVERIFICATION,$CUST1,$CUST1EXCHANGE,$CUST1EXECFIRM,LUK,1528,ABC,*,0,0,3,150,2,2,1,25,TRUE,TRUE,Comment
ORDERFILLVERIFICATION,$CUST1,$CUST1EXCHANGE,$CUST1EXECFIRM,LUK,15281,ABC,*,0,75,1,75,1,2,1,25,TRUE,TRUE,Comment
ORDERFILLVERIFICATION,$MM1,$MM1EXCHANGE,$MM1EXECFIRM,HUW,4969,ABC,*,0,25,1,75,1,2,1,25,TRUE,TRUE,Comment
QUOTECANCEL,$MM3,$SESSION1,$CLASS1PRODUCT1,2,TRUE,TRUE,Comment
QUOTECANCELVERIFICATION,$MM3,$SESSION1,$CLASS1PRODUCT1,2,TRUE,TRUE,Comment
CURRENTMARKETV4BESTMARKETQUERY,$MM1,CBOE2,$CLASS1PRODUCT1,0,1,0,00,0,1,0,00,TRUE,TRUE,Comment

COMMENT, Test Case 2:CBOE is NBBo MO and RFP are same price PO will trade with first then Mo and Auction Response. InternalizationFixed pic will takes place. Two different Market maker sent auction response
UPDATEALLEXCHANGESBBOWITHNEWFORMAT,$SA1,$SESSION1,$CLASS1,$CLASS1PRODUCT1,NYSE:B:1.00:10:BOTR:N:A:1.35:5:BOTR:N;AMEX:B:1.00:10:BOTR:N A:A:1.35:10:BOTR:null,TRUE,TRUE,Comment
SETPRODUCTSTATEBYPRODUCT,$SA1,$SESSION1,$CLASS1PRODUCT1,$CLASS1,1,TRUE,TRUE,Comment
PRODUCTSTATEQUERY,$SA1,$SESSION1,$CLASS1PRODUCT1,1,TRUE,TRUE,Comment
SETPRODUCTSTATEBYPRODUCT,$SA1,$SESSION1,$CLASS1PRODUCT1,$CLASS1,2,TRUE,TRUE,Comment
PRODUCTSTATEQUERY,$SA1,$SESSION1,$CLASS1PRODUCT1,2,TRUE,TRUE,Comment
SETPRODUCTSTATEBYPRODUCT,$SA1,$SESSION1,$CLASS1PRODUCT1,$CLASS1,3,TRUE,TRUE,Comment
PRODUCTSTATEQUERY,$SA1,$SESSION1,$CLASS1PRODUCT1,3,TRUE,TRUE,Comment
SETPRODUCTSTATEBYPRODUCT,$SA1,$SESSION1,$CLASS1PRODUCT1,$CLASS1,4,TRUE,TRUE,Comment
PRODUCTSTATEQUERY,$SA1,$SESSION1,$CLASS1PRODUCT1,4,TRUE,TRUE,Comment
TOPOFBOOKVERIFICATION,$MM1,$SESSION1,$CLASS1PRODUCT1,0,1,0,00,0,1,0,00,TRUE,TRUE,Comment
QUOTE,$MM3,2,1,00,100,2,1,30,100,$CLASS1PRODUCT1,$SESSION1,User Assigned Id..,TRUE,TRUE,Comment
INTERNALIZEDORDER,$CUST1,2,$CUST1EXCHANGE,$CUST1EXECFIRM,KXK,4981,ABC,*,$CUST1EXCHANGE,$CUST1,150,$CLASS1PRODUCT1,B,2,1,25,D,21/12/2003 6:00:00.0,1,1,0,00,0,-,-,-,$CUST1,$CUST1,C,FALSE,C,U,0,-,-,$SESSION1,$CUST1EXCHANGE,$CUST1EXECFIRM,KXK,49811,ABC,*,$CUST1EXCHANGE,$CUST1,150,$CLASS1PRODUCT1,S,2,1,25,D,21/12/2003 6:00:00.0,1,1,0,00,0,-,-,-,$CUST1,$CUST1,C,FALSE,M,U,0,-,-,$SESSION1,TRUE,TRUE,Comment
RFPQUERY,$MM1,$SESSION1,$CLASS1PRODUCT1,$AUCTION120,B,150,1,0,00,TRUE,TRUE,Comment
ORDER,$MM1,$MM1EXCHANGE,$MM1EXECFIRM,ELS,776,ABC,*,$MM1EXCHANGE,$MM1,100,$CLASS1PRODUCT1,S,2,1,25,D,21/12/2003 6:00:00.0,14,1,0,00,0,-,-,$AUCTION120,$MM1,$MM1,C,FALSE,M,U,0,-,-,$SESSION1,TRUE,TRUE,Comment
ORDER,$MM3,$MM3EXCHANGE,$MM3EXECFIRM,UFN,8215,ABC,*,$MM3EXCHANGE,$MM3,50,$CLASS1PRODUCT1,S,2,1,25,D,21/12/2003 6:00:00.0,14,1,0,00,0,-,-,$AUCTION120,$MM3,$MM3,C,FALSE,M,U,0,-,-,$SESSION1,TRUE,TRUE,Comment
PAUSE,40000
ORDERFILLVERIFICATION,$CUST1,$CUST1EXCHANGE,$CUST1EXECFIRM,KXK,4981,ABC,*,0,0,3,150,2,2,1,25,TRUE,TRUE,Comment
ORDERFILLVERIFICATION,$CUST1,$CUST1EXCHANGE,$CUST1EXECFIRM,KXK,49811,ABC,*,0,90,1,60,1,2,1,25,TRUE,TRUE,Comment
ORDERFILLVERIFICATION,$MM1,$MM1EXCHANGE,$MM1EXECFIRM,ELS,776,ABC,*,0,10,1,90,1,2,1,25,TRUE,TRUE,Comment
QUOTECANCEL,$MM3,$SESSION1,$CLASS1PRODUCT1,2,TRUE,TRUE,Comment
QUOTECANCELVERIFICATION,$MM3,$SESSION1,$CLASS1PRODUCT1,2,TRUE,TRUE,Comment
CURRENTMARKETV4BESTMARKETQUERY,$MM1,CBOE2,$CLASS1PRODUCT1,0,1,0,00,0,1,0,00,TRUE,TRUE,Comment

COMMENT, Test Case 3:CBOE is NBBo MO and RFP are same price PO will trade with first then Mo and Auction Response. InternalizationFixed pic will takes place. In the aution Customer order and 1 RFP will enter. 50
UPDATEALLEXCHANGESBBOWITHNEWFORMAT,$SA1,$SESSION1,$CLASS1,$CLASS1PRODUCT1,NYSE:B:1.00:10:BOTR:N:A:1.30:5:BOTR:N;AMEX:B:1.00:10:BOTR:N A:A:1.30:10:BOTR:null,TRUE,TRUE,Comment
SETPRODUCTSTATEBYPRODUCT,$SA1,$SESSION1,$CLASS1PRODUCT1,$CLASS1,1,TRUE,TRUE,Comment
PRODUCTSTATEQUERY,$SA1,$SESSION1,$CLASS1PRODUCT1,1,TRUE,TRUE,Comment
SETPRODUCTSTATEBYPRODUCT,$SA1,$SESSION1,$CLASS1PRODUCT1,$CLASS1,2,TRUE,TRUE,Comment
PRODUCTSTATEQUERY,$SA1,$SESSION1,$CLASS1PRODUCT1,2,TRUE,TRUE,Comment
SETPRODUCTSTATEBYPRODUCT,$SA1,$SESSION1,$CLASS1PRODUCT1,$CLASS1,3,TRUE,TRUE,Comment
PRODUCTSTATEQUERY,$SA1,$SESSION1,$CLASS1PRODUCT1,3,TRUE,TRUE,Comment
SETPRODUCTSTATEBYPRODUCT,$SA1,$SESSION1,$CLASS1PRODUCT1,$CLASS1,4,TRUE,TRUE,Comment
PRODUCTSTATEQUERY,$SA1,$SESSION1,$CLASS1PRODUCT1,4,TRUE,TRUE,Comment
TOPOFBOOKVERIFICATION,$MM1,$SESSION1,$CLASS1PRODUCT1,0,1,0,00,0,1,0,00,TRUE,TRUE,Comment
QUOTE,$MM3,2,1,00,100,2,1,30,100,$CLASS1PRODUCT1,$SESSION1,User Assigned Id..,TRUE,TRUE,Comment
INTERNALIZEDORDER,$CUST1,2,$CUST1EXCHANGE,$CUST1EXECFIRM,FLH,2821,ABC,*,$CUST1EXCHANGE,$CUST1,150,$CLASS1PRODUCT1,B,2,1,25,D,21/12/2003 6:00:00.0,1,1,0,00,0,-,-,-,$CUST1,$CUST1,C,FALSE,C,U,0,-,-,$SESSION1,$CUST1EXCHANGE,$CUST1EXECFIRM,FLH,28211,ABC,*,$CUST1EXCHANGE,$CUST1,150,$CLASS1PRODUCT1,S,2,1,25,D,21/12/2003 6:00:00.0,1,1,0,00,0,-,-,-,$CUST1,$CUST1,C,FALSE,M,U,0,-,-,$SESSION1,TRUE,TRUE,Comment
RFPQUERY,$MM1,$SESSION1,$CLASS1PRODUCT1,$AUCTION120,B,150,1,0,00,TRUE,TRUE,Comment
ORDER,$MM1,$MM1EXCHANGE,$MM1EXECFIRM,SBY,335,ABC,*,$MM1EXCHANGE,$MM1,100,$CLASS1PRODUCT1,S,2,1,25,D,21/12/2003 6:00:00.0,14,1,0,00,0,-,-,$AUCTION120,$MM1,$MM1,C,FALSE,M,U,0,-,-,$SESSION1,TRUE,TRUE,Comment
ORDER,$MM4,$MM4EXCHANGE,$MM4EXECFIRM,XHM,1477,ABC,*,$MM4EXCHANGE,$MM4,50,$CLASS1PRODUCT1,S,2,1,25,D,21/12/2003 6:00:00.0,1,1,0,00,0,-,-,-,$MM4,$MM4,C,FALSE,C,U,0,-,-,$SESSION1,TRUE,TRUE,Comment
PAUSE,40000
ORDERFILLVERIFICATION,$CUST1,$CUST1EXCHANGE,$CUST1EXECFIRM,FLH,2821,ABC,*,0,0,3,150,3,2,1,25,TRUE,TRUE,Comment
ORDERFILLVERIFICATION,$MM4,$MM4EXCHANGE,$MM4EXECFIRM,XHM,1477,ABC,*,0,0,3,50,1,2,1,25,TRUE,TRUE,Comment
ORDERFILLVERIFICATION,$CUST1,$CUST1EXCHANGE,$CUST1EXECFIRM,FLH,28211,ABC,*,0,100,1,50,1,2,1,25,TRUE,TRUE,Comment
ORDERFILLVERIFICATION,$MM1,$MM1EXCHANGE,$MM1EXECFIRM,SBY,335,ABC,*,0,50,1,50,1,2,1,25,TRUE,TRUE,Comment
QUOTECANCEL,$MM3,$SESSION1,$CLASS1PRODUCT1,2,TRUE,TRUE,Comment
QUOTECANCELVERIFICATION,$MM3,$SESSION1,$CLASS1PRODUCT1,2,TRUE,TRUE,Comment
CURRENTMARKETV4BESTMARKETQUERY,$MM1,CBOE2,$CLASS1PRODUCT1,0,1,0,00,0,1,0,00,TRUE,TRUE,Comment

COMMENT, Test Case 4:CBOE is NBBo MO and RFP are same price PO will trade with first then Mo and Auction Response. InternalizationFixed pic will takes place. 1MM order RFP enter in the auction time. 40
UPDATEALLEXCHANGESBBOWITHNEWFORMAT,$SA1,$SESSION1,$CLASS1,$CLASS1PRODUCT1,NYSE:B:1.00:10:BOTR:N:A:1.30:5:BOTR:N;AMEX:B:1.00:10:BOTR:N A:A:1.30:10:BOTR:null,TRUE,TRUE,Comment
SETPRODUCTSTATEBYPRODUCT,$SA1,$SESSION1,$CLASS1PRODUCT1,$CLASS1,1,TRUE,TRUE,Comment
PRODUCTSTATEQUERY,$SA1,$SESSION1,$CLASS1PRODUCT1,1,TRUE,TRUE,Comment
SETPRODUCTSTATEBYPRODUCT,$SA1,$SESSION1,$CLASS1PRODUCT1,$CLASS1,2,TRUE,TRUE,Comment
PRODUCTSTATEQUERY,$SA1,$SESSION1,$CLASS1PRODUCT1,2,TRUE,TRUE,Comment
SETPRODUCTSTATEBYPRODUCT,$SA1,$SESSION1,$CLASS1PRODUCT1,$CLASS1,3,TRUE,TRUE,Comment
PRODUCTSTATEQUERY,$SA1,$SESSION1,$CLASS1PRODUCT1,3,TRUE,TRUE,Comment
SETPRODUCTSTATEBYPRODUCT,$SA1,$SESSION1,$CLASS1PRODUCT1,$CLASS1,4,TRUE,TRUE,Comment
PRODUCTSTATEQUERY,$SA1,$SESSION1,$CLASS1PRODUCT1,4,TRUE,TRUE,Comment
TOPOFBOOKVERIFICATION,$MM1,$SESSION1,$CLASS1PRODUCT1,0,1,0,00,0,1,0,00,TRUE,TRUE,Comment
QUOTE,$MM3,2,1,00,100,2,1,30,100,$CLASS1PRODUCT1,$SESSION1,User Assigned Id..,TRUE,TRUE,Comment
INTERNALIZEDORDER,$CUST1,2,$CUST1EXCHANGE,$CUST1EXECFIRM,SDR,4709,ABC,*,$CUST1EXCHANGE,$CUST1,150,$CLASS1PRODUCT1,B,2,1,25,D,21/12/2003 6:00:00.0,1,1,0,00,0,-,-,-,$CUST1,$CUST1,C,FALSE,C,U,0,-,-,$SESSION1,$CUST1EXCHANGE,$CUST1EXECFIRM,SDR,47091,ABC,*,$CUST1EXCHANGE,$CUST1,150,$CLASS1PRODUCT1,S,2,1,25,D,21/12/2003 6:00:00.0,1,1,0,00,0,-,-,-,$CUST1,$CUST1,C,FALSE,M,U,0,-,-,$SESSION1,TRUE,TRUE,Comment
RFPQUERY,$MM1,$SESSION1,$CLASS1PRODUCT1,$AUCTION120,B,150,1,0,00,TRUE,TRUE,Comment
ORDER,$MM1,$MM1EXCHANGE,$MM1EXECFIRM,FWC,1276,ABC,*,$MM1EXCHANGE,$MM1,100,$CLASS1PRODUCT1,S,2,1,25,D,21/12/2003 6:00:00.0,14,1,0,00,0,-,-,$AUCTION120,$MM1,$MM1,C,FALSE,M,U,0,-,-,$SESSION1,TRUE,TRUE,Comment
ORDER,$MM4,$MM4EXCHANGE,$MM4EXECFIRM,QIU,2741,ABC,*,$MM4EXCHANGE,$MM4,50,$CLASS1PRODUCT1,S,2,1,25,D,21/12/2003 6:00:00.0,1,1,0,00,0,-,-,-,$MM4,$MM4,C,FALSE,M,U,0,-,-,$SESSION1,TRUE,TRUE,Comment
PAUSE,40000
ORDERFILLVERIFICATION,$CUST1,$CUST1EXCHANGE,$CUST1EXECFIRM,SDR,4709,ABC,*,0,0,3,150,2,2,1,25,TRUE,TRUE,Comment
ORDERFILLVERIFICATION,$CUST1,$CUST1EXCHANGE,$CUST1EXECFIRM,SDR,47091,ABC,*,0,90,1,60,1,2,1,25,TRUE,TRUE,Comment
ORDERFILLVERIFICATION,$MM1,$MM1EXCHANGE,$MM1EXECFIRM,FWC,1276,ABC,*,0,10,1,90,1,2,1,25,TRUE,TRUE,Comment
QUOTECANCEL,$MM3,$SESSION1,$CLASS1PRODUCT1,2,TRUE,TRUE,Comment
QUOTECANCELVERIFICATION,$MM3,$SESSION1,$CLASS1PRODUCT1,2,TRUE,TRUE,Comment
ORDERCANCELNOWAIT,$MM4,$MM4EXCHANGE,$MM4EXECFIRM,QIU,2741,ABC,*,50,$SESSION1,1,TRUE,TRUE,Comment
CURRENTMARKETV4BESTMARKETQUERY,$MM1,CBOE2,$CLASS1PRODUCT1,0,1,0,00,0,1,0,00,TRUE,TRUE,Comment

COMMENT, Test Case 5:CBOE is NBBo MO and RFP are same price PO will trade with first then Mo and Auction Response. InternalizationFixed pic will takes place. In the aution 2 RFP will enter one as customer and another as MM. 40
UPDATEALLEXCHANGESBBOWITHNEWFORMAT,$SA1,$SESSION1,$CLASS1,$CLASS1PRODUCT1,NYSE:B:1.00:10:BOTR:N:A:1.30:5:BOTR:N;AMEX:B:1.00:10:BOTR:N A:A:1.30:10:BOTR:null,TRUE,TRUE,Comment
SETPRODUCTSTATEBYPRODUCT,$SA1,$SESSION1,$CLASS1PRODUCT1,$CLASS1,1,TRUE,TRUE,Comment
PRODUCTSTATEQUERY,$SA1,$SESSION1,$CLASS1PRODUCT1,1,TRUE,TRUE,Comment
SETPRODUCTSTATEBYPRODUCT,$SA1,$SESSION1,$CLASS1PRODUCT1,$CLASS1,2,TRUE,TRUE,Comment
PRODUCTSTATEQUERY,$SA1,$SESSION1,$CLASS1PRODUCT1,2,TRUE,TRUE,Comment
SETPRODUCTSTATEBYPRODUCT,$SA1,$SESSION1,$CLASS1PRODUCT1,$CLASS1,3,TRUE,TRUE,Comment
PRODUCTSTATEQUERY,$SA1,$SESSION1,$CLASS1PRODUCT1,3,TRUE,TRUE,Comment
SETPRODUCTSTATEBYPRODUCT,$SA1,$SESSION1,$CLASS1PRODUCT1,$CLASS1,4,TRUE,TRUE,Comment
PRODUCTSTATEQUERY,$SA1,$SESSION1,$CLASS1PRODUCT1,4,TRUE,TRUE,Comment
TOPOFBOOKVERIFICATION,$MM1,$SESSION1,$CLASS1PRODUCT1,0,1,0,00,0,1,0,00,TRUE,TRUE,Comment
QUOTE,$MM3,2,1,00,100,2,1,30,100,$CLASS1PRODUCT1,$SESSION1,User Assigned Id..,TRUE,TRUE,Comment
INTERNALIZEDORDER,$CUST1,2,$CUST1EXCHANGE,$CUST1EXECFIRM,CNW,8887,ABC,*,$CUST1EXCHANGE,$CUST1,150,$CLASS1PRODUCT1,B,2,1,25,D,21/12/2003 6:00:00.0,1,1,0,00,0,-,-,-,$CUST1,$CUST1,C,FALSE,C,U,0,-,-,$SESSION1,$CUST1EXCHANGE,$CUST1EXECFIRM,CNW,88871,ABC,*,$CUST1EXCHANGE,$CUST1,150,$CLASS1PRODUCT1,S,2,1,25,D,21/12/2003 6:00:00.0,1,1,0,00,0,-,-,-,$CUST1,$CUST1,C,FALSE,M,U,0,-,-,$SESSION1,TRUE,TRUE,Comment
RFPQUERY,$MM1,$SESSION1,$CLASS1PRODUCT1,$AUCTION120,B,150,1,0,00,TRUE,TRUE,Comment
ORDER,$MM1,$MM1EXCHANGE,$MM1EXECFIRM,CGH,3308,ABC,*,$MM1EXCHANGE,$MM1,100,$CLASS1PRODUCT1,S,2,1,25,D,21/12/2003 6:00:00.0,14,1,0,00,0,-,-,$AUCTION120,$MM1,$MM1,C,FALSE,M,U,0,-,-,$SESSION1,TRUE,TRUE,Comment
ORDER,$MM3,$MM3EXCHANGE,$MM3EXECFIRM,QOY,3349,ABC,*,$MM3EXCHANGE,$MM3,50,$CLASS1PRODUCT1,S,2,1,25,D,21/12/2003 6:00:00.0,14,1,0,00,0,-,-,$AUCTION120,$MM3,$MM3,C,FALSE,C,U,0,-,-,$SESSION1,TRUE,TRUE,Comment
PAUSE,40000
ORDERFILLVERIFICATION,$CUST1,$CUST1EXCHANGE,$CUST1EXECFIRM,CNW,8887,ABC,*,0,0,3,150,2,2,1,25,TRUE,TRUE,Comment
ORDERFILLVERIFICATION,$CUST1,$CUST1EXCHANGE,$CUST1EXECFIRM,CNW,88871,ABC,*,0,90,1,60,1,2,1,25,TRUE,TRUE,Comment
ORDERFILLVERIFICATION,$MM1,$MM1EXCHANGE,$MM1EXECFIRM,CGH,3308,ABC,*,0,10,1,90,1,2,1,25,TRUE,TRUE,Comment
QUOTECANCEL,$MM3,$SESSION1,$CLASS1PRODUCT1,2,TRUE,TRUE,Comment
QUOTECANCELVERIFICATION,$MM3,$SESSION1,$CLASS1PRODUCT1,2,TRUE,TRUE,Comment
CURRENTMARKETV4BESTMARKETQUERY,$MM1,CBOE2,$CLASS1PRODUCT1,0,1,0,00,0,1,0,00,TRUE,TRUE,Comment

COMMENT, Test Case 6:CBOE is NBBo MO and RFP are same price PO will trade with first then Mo and Auction Response. InternalizationFixed pic will takes place. In the aution time one order and 1 auction response will enter and there is a resting customer order in thebook. 40
UPDATEALLEXCHANGESBBOWITHNEWFORMAT,$SA1,$SESSION1,$CLASS1,$CLASS1PRODUCT1,NYSE:B:1.00:10:BOTR:N:A:1.30:5:BOTR:N;AMEX:B:1.00:10:BOTR:N A:A:1.30:10:BOTR:null,TRUE,TRUE,Comment
SETPRODUCTSTATEBYPRODUCT,$SA1,$SESSION1,$CLASS1PRODUCT1,$CLASS1,1,TRUE,TRUE,Comment
PRODUCTSTATEQUERY,$SA1,$SESSION1,$CLASS1PRODUCT1,1,TRUE,TRUE,Comment
SETPRODUCTSTATEBYPRODUCT,$SA1,$SESSION1,$CLASS1PRODUCT1,$CLASS1,2,TRUE,TRUE,Comment
PRODUCTSTATEQUERY,$SA1,$SESSION1,$CLASS1PRODUCT1,2,TRUE,TRUE,Comment
SETPRODUCTSTATEBYPRODUCT,$SA1,$SESSION1,$CLASS1PRODUCT1,$CLASS1,3,TRUE,TRUE,Comment
PRODUCTSTATEQUERY,$SA1,$SESSION1,$CLASS1PRODUCT1,3,TRUE,TRUE,Comment
SETPRODUCTSTATEBYPRODUCT,$SA1,$SESSION1,$CLASS1PRODUCT1,$CLASS1,4,TRUE,TRUE,Comment
PRODUCTSTATEQUERY,$SA1,$SESSION1,$CLASS1PRODUCT1,4,TRUE,TRUE,Comment
TOPOFBOOKVERIFICATION,$MM1,$SESSION1,$CLASS1PRODUCT1,0,1,0,00,0,1,0,00,TRUE,TRUE,Comment
QUOTE,$MM3,2,1,00,100,2,1,30,100,$CLASS1PRODUCT1,$SESSION1,User Assigned Id..,TRUE,TRUE,Comment
ORDER,$MM2,$MM2EXCHANGE,$MM2EXECFIRM,PRE,4647,ABC,*,$MM2EXCHANGE,$MM2,50,$CLASS1PRODUCT1,S,2,1,25,D,21/12/2003 6:00:00.0,1,1,0,00,0,-,-,-,$MM2,$MM2,C,FALSE,C,U,0,-,-,$SESSION1,TRUE,TRUE,Comment
INTERNALIZEDORDER,$CUST1,2,$CUST1EXCHANGE,$CUST1EXECFIRM,WNM,7750,ABC,*,$CUST1EXCHANGE,$CUST1,150,$CLASS1PRODUCT1,B,2,1,25,D,21/12/2003 6:00:00.0,1,1,0,00,0,-,-,-,$CUST1,$CUST1,C,FALSE,C,U,0,-,-,$SESSION1,$CUST1EXCHANGE,$CUST1EXECFIRM,WNM,77501,ABC,*,$CUST1EXCHANGE,$CUST1,150,$CLASS1PRODUCT1,S,2,1,25,D,21/12/2003 6:00:00.0,1,1,0,00,0,-,-,-,$CUST1,$CUST1,C,FALSE,M,U,0,-,-,$SESSION1,TRUE,TRUE,Comment
RFPQUERY,$MM1,$SESSION1,$CLASS1PRODUCT1,$AUCTION120,B,150,1,0,00,TRUE,TRUE,Comment
ORDER,$MM1,$MM1EXCHANGE,$MM1EXECFIRM,UHX,2229,ABC,*,$MM1EXCHANGE,$MM1,100,$CLASS1PRODUCT1,S,2,1,25,D,21/12/2003 6:00:00.0,14,1,0,00,0,-,-,$AUCTION120,$MM1,$MM1,C,FALSE,M,U,0,-,-,$SESSION1,TRUE,TRUE,Comment
ORDER,$MM4,$MM4EXCHANGE,$MM4EXECFIRM,ATH,1498,ABC,*,$MM4EXCHANGE,$MM4,50,$CLASS1PRODUCT1,S,2,1,25,D,21/12/2003 6:00:00.0,1,1,0,00,0,-,-,-,$MM4,$MM4,C,FALSE,M,U,0,-,-,$SESSION1,TRUE,TRUE,Comment
PAUSE,40000
ORDERFILLVERIFICATION,$CUST1,$CUST1EXCHANGE,$CUST1EXECFIRM,WNM,7750,ABC,*,0,0,3,150,3,2,1,25,TRUE,TRUE,Comment
ORDERFILLVERIFICATION,$MM2,$MM2EXCHANGE,$MM2EXECFIRM,PRE,4647,ABC,*,0,0,3,50,1,2,1,25,TRUE,TRUE,Comment
ORDERFILLVERIFICATION,$CUST1,$CUST1EXCHANGE,$CUST1EXECFIRM,WNM,77501,ABC,*,0,110,1,40,1,2,1,25,TRUE,TRUE,Comment
ORDERFILLVERIFICATION,$MM1,$MM1EXCHANGE,$MM1EXECFIRM,UHX,2229,ABC,*,0,40,1,60,1,2,1,25,TRUE,TRUE,Comment
QUOTECANCEL,$MM3,$SESSION1,$CLASS1PRODUCT1,2,TRUE,TRUE,Comment
QUOTECANCELVERIFICATION,$MM3,$SESSION1,$CLASS1PRODUCT1,2,TRUE,TRUE,Comment
ORDERCANCELNOWAIT,$MM4,$MM4EXCHANGE,$MM4EXECFIRM,ATH,1498,ABC,*,50,$SESSION1,1,TRUE,TRUE,Comment
CURRENTMARKETV4BESTMARKETQUERY,$MM1,CBOE2,$CLASS1PRODUCT1,0,1,0,00,0,1,0,00,TRUE,TRUE,Comment

COMMENT, Test Case 7:CBOE is NBBo MO and RFP are same price PO will trade with first then Mo and Auction Response. InternalizationFixed pic will takes place. one quote is resting on top of the book
UPDATEALLEXCHANGESBBOWITHNEWFORMAT,$SA1,$SESSION1,$CLASS1,$CLASS1PRODUCT1,NYSE:B:1.00:10:BOTR:N:A:1.35:5:BOTR:N;AMEX:B:1.00:10:BOTR:N A:A:1.35:10:BOTR:null,TRUE,TRUE,Comment
SETPRODUCTSTATEBYPRODUCT,$SA1,$SESSION1,$CLASS1PRODUCT1,$CLASS1,1,TRUE,TRUE,Comment
PRODUCTSTATEQUERY,$SA1,$SESSION1,$CLASS1PRODUCT1,1,TRUE,TRUE,Comment
SETPRODUCTSTATEBYPRODUCT,$SA1,$SESSION1,$CLASS1PRODUCT1,$CLASS1,2,TRUE,TRUE,Comment
PRODUCTSTATEQUERY,$SA1,$SESSION1,$CLASS1PRODUCT1,2,TRUE,TRUE,Comment
SETPRODUCTSTATEBYPRODUCT,$SA1,$SESSION1,$CLASS1PRODUCT1,$CLASS1,3,TRUE,TRUE,Comment
PRODUCTSTATEQUERY,$SA1,$SESSION1,$CLASS1PRODUCT1,3,TRUE,TRUE,Comment
SETPRODUCTSTATEBYPRODUCT,$SA1,$SESSION1,$CLASS1PRODUCT1,$CLASS1,4,TRUE,TRUE,Comment
PRODUCTSTATEQUERY,$SA1,$SESSION1,$CLASS1PRODUCT1,4,TRUE,TRUE,Comment
TOPOFBOOKVERIFICATION,$MM1,$SESSION1,$CLASS1PRODUCT1,0,1,0,00,0,1,0,00,TRUE,TRUE,Comment
QUOTE,$MM3,2,1,00,50,2,1,25,50,$CLASS1PRODUCT1,$SESSION1,User Assigned Id..,TRUE,TRUE,Comment
INTERNALIZEDORDER,$CUST1,2,$CUST1EXCHANGE,$CUST1EXECFIRM,IXY,3284,ABC,*,$CUST1EXCHANGE,$CUST1,150,$CLASS1PRODUCT1,B,2,1,25,D,21/12/2003 6:00:00.0,1,1,0,00,0,-,-,-,$CUST1,$CUST1,C,FALSE,C,U,0,-,-,$SESSION1,$CUST1EXCHANGE,$CUST1EXECFIRM,IXY,32841,ABC,*,$CUST1EXCHANGE,$CUST1,150,$CLASS1PRODUCT1,S,2,1,25,D,21/12/2003 6:00:00.0,1,1,0,00,0,-,-,-,$CUST1,$CUST1,C,FALSE,M,U,0,-,-,$SESSION1,TRUE,TRUE,Comment
RFPQUERY,$MM1,$SESSION1,$CLASS1PRODUCT1,$AUCTION120,B,150,1,0,00,TRUE,TRUE,Comment
ORDER,$MM1,$MM1EXCHANGE,$MM1EXECFIRM,MFE,688,ABC,*,$MM1EXCHANGE,$MM1,100,$CLASS1PRODUCT1,S,2,1,25,D,21/12/2003 6:00:00.0,14,1,0,00,0,-,-,$AUCTION120,$MM1,$MM1,C,FALSE,M,U,0,-,-,$SESSION1,TRUE,TRUE,Comment
PAUSE,40000
ORDERFILLVERIFICATION,$CUST1,$CUST1EXCHANGE,$CUST1EXECFIRM,IXY,3284,ABC,*,0,0,3,150,3,2,1,25,TRUE,TRUE,Comment
ORDERFILLVERIFICATION,$CUST1,$CUST1EXCHANGE,$CUST1EXECFIRM,IXY,32841,ABC,*,0,75,1,75,1,2,1,25,TRUE,TRUE,Comment
QUOTEFILLVERIFICATION,$MM9,$CLASS1PRODUCT1,$SESSION1,0,50,1,2,1,25,User Assigned Id..,TRUE,TRUE,Comment
ORDERFILLVERIFICATION,$MM1,$MM1EXCHANGE,$MM1EXECFIRM,MFE,688,ABC,*,0,75,1,25,1,2,1,25,TRUE,TRUE,Comment
QUOTECANCEL,$MM3,$SESSION1,$CLASS1PRODUCT1,2,TRUE,TRUE,Comment
QUOTECANCELVERIFICATION,$MM3,$SESSION1,$CLASS1PRODUCT1,2,TRUE,TRUE,Comment
CURRENTMARKETV4BESTMARKETQUERY,$MM1,CBOE2,$CLASS1PRODUCT1,0,1,0,00,0,1,0,00,TRUE,TRUE,Comment

COMMENT, Test Case 8:CBOE is NBBo MO and RFP are same price PO will trade with first then Mo and Auction Response. InternalizationFixed pic will takes place. one quote is resting on top of the book. Quote I order and Customer order before the auction starts. Inernalization Fixed pict will takes place
UPDATEALLEXCHANGESBBOWITHNEWFORMAT,$SA1,$SESSION1,$CLASS1,$CLASS1PRODUCT1,NYSE:B:1.00:10:BOTR:N:A:1.35:5:BOTR:N;AMEX:B:1.00:10:BOTR:N A:A:1.35:10:BOTR:null,TRUE,TRUE,Comment
SETPRODUCTSTATEBYPRODUCT,$SA1,$SESSION1,$CLASS1PRODUCT1,$CLASS1,1,TRUE,TRUE,Comment
PRODUCTSTATEQUERY,$SA1,$SESSION1,$CLASS1PRODUCT1,1,TRUE,TRUE,Comment
SETPRODUCTSTATEBYPRODUCT,$SA1,$SESSION1,$CLASS1PRODUCT1,$CLASS1,2,TRUE,TRUE,Comment
PRODUCTSTATEQUERY,$SA1,$SESSION1,$CLASS1PRODUCT1,2,TRUE,TRUE,Comment
SETPRODUCTSTATEBYPRODUCT,$SA1,$SESSION1,$CLASS1PRODUCT1,$CLASS1,3,TRUE,TRUE,Comment
PRODUCTSTATEQUERY,$SA1,$SESSION1,$CLASS1PRODUCT1,3,TRUE,TRUE,Comment
SETPRODUCTSTATEBYPRODUCT,$SA1,$SESSION1,$CLASS1PRODUCT1,$CLASS1,4,TRUE,TRUE,Comment
PRODUCTSTATEQUERY,$SA1,$SESSION1,$CLASS1PRODUCT1,4,TRUE,TRUE,Comment
TOPOFBOOKVERIFICATION,$MM1,$SESSION1,$CLASS1PRODUCT1,0,1,0,00,0,1,0,00,TRUE,TRUE,Comment
QUOTE,$MM3,2,1,00,50,2,1,25,50,$CLASS1PRODUCT1,$SESSION1,User Assigned Id..,TRUE,TRUE,Comment
ORDER,$MM4,$MM4EXCHANGE,$MM4EXECFIRM,PLS,2940,ABC,*,$MM4EXCHANGE,$MM4,50,$CLASS1PRODUCT1,S,2,1,25,D,21/12/2003 6:00:00.0,1,1,0,00,0,-,-,-,$MM4,$MM4,C,FALSE,I,U,0,-,-,$SESSION1,TRUE,TRUE,Comment
ORDER,$MM5,$MM5EXCHANGE,$MM5EXECFIRM,MNO,8354,ABC,*,$MM5EXCHANGE,$MM5,50,$CLASS1PRODUCT1,S,2,1,25,D,21/12/2003 6:00:00.0,1,1,0,00,0,-,-,-,$MM5,$MM5,C,FALSE,C,U,0,-,-,$SESSION1,TRUE,TRUE,Comment
INTERNALIZEDORDER,$CUST1,2,$CUST1EXCHANGE,$CUST1EXECFIRM,OTG,4195,ABC,*,$CUST1EXCHANGE,$CUST1,150,$CLASS1PRODUCT1,B,2,1,25,D,21/12/2003 6:00:00.0,1,1,0,00,0,-,-,-,$CUST1,$CUST1,C,FALSE,C,U,0,-,-,$SESSION1,$CUST1EXCHANGE,$CUST1EXECFIRM,OTG,41951,ABC,*,$CUST1EXCHANGE,$CUST1,150,$CLASS1PRODUCT1,S,2,1,25,D,21/12/2003 6:00:00.0,1,1,0,00,0,-,-,-,$CUST1,$CUST1,C,FALSE,M,U,0,-,-,$SESSION1,TRUE,TRUE,Comment
RFPQUERY,$MM1,$SESSION1,$CLASS1PRODUCT1,$AUCTION120,B,150,1,0,00,TRUE,TRUE,Comment
ORDER,$MM1,$MM1EXCHANGE,$MM1EXECFIRM,AAR,528,ABC,*,$MM1EXCHANGE,$MM1,100,$CLASS1PRODUCT1,S,2,1,25,D,21/12/2003 6:00:00.0,14,1,0,00,0,-,-,$AUCTION120,$MM1,$MM1,C,FALSE,M,U,0,-,-,$SESSION1,TRUE,TRUE,Comment
PAUSE,40000
ORDERFILLVERIFICATION,$CUST1,$CUST1EXCHANGE,$CUST1EXECFIRM,OTG,4195,ABC,*,0,0,3,150,4,2,1,25,TRUE,TRUE,Comment
ORDERFILLVERIFICATION,$MM5,$MM5EXCHANGE,$MM5EXECFIRM,MNO,8354,ABC,*,0,0,3,50,1,2,1,25,TRUE,TRUE,Comment
ORDERFILLVERIFICATION,$CUST1,$CUST1EXCHANGE,$CUST1EXECFIRM,OTG,41951,ABC,*,0,110,1,40,1,2,1,25,TRUE,TRUE,Comment
QUOTEFILLVERIFICATION,$MM9,$CLASS1PRODUCT1,$SESSION1,0,50,1,2,1,25,User Assigned Id..,TRUE,TRUE,Comment
ORDERFILLVERIFICATION,$MM4,$MM4EXCHANGE,$MM4EXECFIRM,PLS,2940,ABC,*,0,40,1,10,1,2,1,25,TRUE,TRUE,Comment
QUOTECANCEL,$MM3,$SESSION1,$CLASS1PRODUCT1,2,TRUE,TRUE,Comment
QUOTECANCELVERIFICATION,$MM3,$SESSION1,$CLASS1PRODUCT1,2,TRUE,TRUE,Comment
ORDERCANCELNOWAIT,$MM4,$MM4EXCHANGE,$MM4EXECFIRM,PLS,2940,ABC,*,40,$SESSION1,1,TRUE,TRUE,Comment
CURRENTMARKETV4BESTMARKETQUERY,$MM1,CBOE2,$CLASS1PRODUCT1,0,1,0,00,0,1,0,00,TRUE,TRUE,Comment

COMMENT, Test Case 9:CBOE is NBBo MO and RFP are same price PO will trade with first then Mo and Auction Response. InternalizationFixed pic will takes place. one quote is resting on top of the book. Quote I order and Customer order before the auction starts. Inernalization Fixed pict will takes place.AON Contingency
UPDATEALLEXCHANGESBBOWITHNEWFORMAT,$SA1,$SESSION1,$CLASS1,$CLASS1PRODUCT1,NYSE:B:1.00:10:BOTR:N:A:1.35:5:BOTR:N;AMEX:B:1.00:10:BOTR:N A:A:1.35:10:BOTR:null,TRUE,TRUE,Comment
SETPRODUCTSTATEBYPRODUCT,$SA1,$SESSION1,$CLASS1PRODUCT1,$CLASS1,1,TRUE,TRUE,Comment
PRODUCTSTATEQUERY,$SA1,$SESSION1,$CLASS1PRODUCT1,1,TRUE,TRUE,Comment
SETPRODUCTSTATEBYPRODUCT,$SA1,$SESSION1,$CLASS1PRODUCT1,$CLASS1,2,TRUE,TRUE,Comment
PRODUCTSTATEQUERY,$SA1,$SESSION1,$CLASS1PRODUCT1,2,TRUE,TRUE,Comment
SETPRODUCTSTATEBYPRODUCT,$SA1,$SESSION1,$CLASS1PRODUCT1,$CLASS1,3,TRUE,TRUE,Comment
PRODUCTSTATEQUERY,$SA1,$SESSION1,$CLASS1PRODUCT1,3,TRUE,TRUE,Comment
SETPRODUCTSTATEBYPRODUCT,$SA1,$SESSION1,$CLASS1PRODUCT1,$CLASS1,4,TRUE,TRUE,Comment
PRODUCTSTATEQUERY,$SA1,$SESSION1,$CLASS1PRODUCT1,4,TRUE,TRUE,Comment
TOPOFBOOKVERIFICATION,$MM1,$SESSION1,$CLASS1PRODUCT1,0,1,0,00,0,1,0,00,TRUE,TRUE,Comment
QUOTE,$MM3,2,1,00,200,2,1,25,200,$CLASS1PRODUCT1,$SESSION1,User Assigned Id..,TRUE,TRUE,Comment
ORDER,$MM4,$MM4EXCHANGE,$MM4EXECFIRM,CDP,7471,ABC,*,$MM4EXCHANGE,$MM4,100,$CLASS1PRODUCT1,S,2,1,25,D,21/12/2003 6:00:00.0,1,1,0,00,0,-,-,-,$MM4,$MM4,C,FALSE,I,U,0,-,-,$SESSION1,TRUE,TRUE,Comment
INTERNALIZEDORDER,$CUST1,2,$CUST1EXCHANGE,$CUST1EXECFIRM,RJG,8329,ABC,*,$CUST1EXCHANGE,$CUST1,500,$CLASS1PRODUCT1,B,2,1,25,D,21/12/2003 6:00:00.0,2,1,0,00,0,-,-,-,$CUST1,$CUST1,C,FALSE,C,U,0,-,-,$SESSION1,$CUST1EXCHANGE,$CUST1EXECFIRM,RJG,83291,ABC,*,$CUST1EXCHANGE,$CUST1,500,$CLASS1PRODUCT1,S,2,1,25,D,21/12/2003 6:00:00.0,2,1,0,00,0,-,-,-,$CUST1,$CUST1,C,FALSE,M,U,0,-,-,$SESSION1,TRUE,TRUE,Comment
RFPQUERY,$MM1,$SESSION1,$CLASS1PRODUCT1,$AUCTION120,B,500,1,0,00,TRUE,TRUE,Comment
ORDER,$MM1,$MM1EXCHANGE,$MM1EXECFIRM,TZY,805,ABC,*,$MM1EXCHANGE,$MM1,100,$CLASS1PRODUCT1,S,2,1,25,D,21/12/2003 6:00:00.0,14,1,0,00,0,-,-,$AUCTION120,$MM1,$MM1,C,FALSE,M,U,0,-,-,$SESSION1,TRUE,TRUE,Comment
PAUSE,40000
ORDERFILLVERIFICATION,$CUST1,$CUST1EXCHANGE,$CUST1EXECFIRM,RJG,8329,ABC,*,0,0,3,500,1,2,1,25,TRUE,TRUE,Comment
ORDERFILLVERIFICATION,$CUST1,$CUST1EXCHANGE,$CUST1EXECFIRM,RJG,83291,ABC,*,0,0,3,500,1,2,1,25,TRUE,TRUE,Comment
QUOTECANCEL,$MM3,$SESSION1,$CLASS1PRODUCT1,2,TRUE,TRUE,Comment
QUOTECANCELVERIFICATION,$MM3,$SESSION1,$CLASS1PRODUCT1,2,TRUE,TRUE,Comment
ORDERCANCELNOWAIT,$MM4,$MM4EXCHANGE,$MM4EXECFIRM,CDP,7471,ABC,*,100,$SESSION1,1,TRUE,TRUE,Comment
CURRENTMARKETV4BESTMARKETQUERY,$MM1,CBOE2,$CLASS1PRODUCT1,0,1,0,00,0,1,0,00,TRUE,TRUE,Comment

COMMENT, Test Case 10:If there is quote and Non customer order on the top and MO and PO are customer then AIM auction will not start. PO willtrade with MO and rest will trade with MO Internalization no auction trade must happen
UPDATEALLEXCHANGESBBOWITHNEWFORMAT,$SA1,$SESSION1,$CLASS1,$CLASS1PRODUCT1,NYSE:B:1.00:10:BOTR:N:A:1.20:5:BOTR:N;AMEX:B:1.00:10:BOTR:N A:A:1.35:10:BOTR:null,TRUE,TRUE,Comment
SETPRODUCTSTATEBYPRODUCT,$SA1,$SESSION1,$CLASS1PRODUCT1,$CLASS1,1,TRUE,TRUE,Comment
PRODUCTSTATEQUERY,$SA1,$SESSION1,$CLASS1PRODUCT1,1,TRUE,TRUE,Comment
SETPRODUCTSTATEBYPRODUCT,$SA1,$SESSION1,$CLASS1PRODUCT1,$CLASS1,2,TRUE,TRUE,Comment
PRODUCTSTATEQUERY,$SA1,$SESSION1,$CLASS1PRODUCT1,2,TRUE,TRUE,Comment
SETPRODUCTSTATEBYPRODUCT,$SA1,$SESSION1,$CLASS1PRODUCT1,$CLASS1,3,TRUE,TRUE,Comment
PRODUCTSTATEQUERY,$SA1,$SESSION1,$CLASS1PRODUCT1,3,TRUE,TRUE,Comment
SETPRODUCTSTATEBYPRODUCT,$SA1,$SESSION1,$CLASS1PRODUCT1,$CLASS1,4,TRUE,TRUE,Comment
PRODUCTSTATEQUERY,$SA1,$SESSION1,$CLASS1PRODUCT1,4,TRUE,TRUE,Comment
TOPOFBOOKVERIFICATION,$MM1,$SESSION1,$CLASS1PRODUCT1,0,1,0,00,0,1,0,00,TRUE,TRUE,Comment
QUOTE,$MM3,2,1,00,10,2,1,20,10,$CLASS1PRODUCT1,$SESSION1,User Assigned Id..,TRUE,TRUE,Comment
ORDER,$MM4,$MM4EXCHANGE,$MM4EXECFIRM,HNO,2345,ABC,*,$MM4EXCHANGE,$MM4,100,$CLASS1PRODUCT1,S,2,1,20,D,21/12/2003 6:00:00.0,1,1,0,00,0,-,-,-,$MM4,$MM4,C,FALSE,I,U,0,-,-,$SESSION1,TRUE,TRUE,Comment
ORDER,$MM5,$MM5EXCHANGE,$MM5EXECFIRM,DNM,7848,ABC,*,$MM5EXCHANGE,$MM5,10,$CLASS1PRODUCT1,S,2,1,20,D,21/12/2003 6:00:00.0,1,1,0,00,0,-,-,-,$MM5,$MM5,C,FALSE,M,U,0,-,-,$SESSION1,TRUE,TRUE,Comment
INTERNALIZEDORDER,$CUST1,2,$CUST1EXCHANGE,$CUST1EXECFIRM,EXY,82,ABC,*,$CUST1EXCHANGE,$CUST1,150,$CLASS1PRODUCT1,B,2,1,30,D,21/12/2003 6:00:00.0,1,1,0,00,0,-,-,-,$CUST1,$CUST1,C,FALSE,C,U,0,-,-,$SESSION1,$CUST1EXCHANGE,$CUST1EXECFIRM,EXY,821,ABC,*,$CUST1EXCHANGE,$CUST1,150,$CLASS1PRODUCT1,S,2,1,20,D,21/12/2003 6:00:00.0,1,1,0,00,0,-,-,-,$CUST1,$CUST1,C,FALSE,C,U,0,-,-,$SESSION1,TRUE,TRUE,Comment
RFPQUERY,$MM1,$SESSION1,$CLASS1PRODUCT1,$AUCTION120,B,150,1,0,00,FALSE,TRUE,Comment
ORDERFILLVERIFICATION,$CUST1,$CUST1EXCHANGE,$CUST1EXECFIRM,EXY,82,ABC,*,0,0,3,150,1,2,1,20,TRUE,TRUE,Comment
ORDERFILLVERIFICATION,$CUST1,$CUST1EXCHANGE,$CUST1EXECFIRM,EXY,821,ABC,*,0,0,3,150,1,2,1,20,TRUE,TRUE,Comment
QUOTECANCEL,$MM3,$SESSION1,$CLASS1PRODUCT1,2,TRUE,TRUE,Comment
QUOTECANCELVERIFICATION,$MM3,$SESSION1,$CLASS1PRODUCT1,2,TRUE,TRUE,Comment
ORDERCANCELNOWAIT,$MM4,$MM4EXCHANGE,$MM4EXECFIRM,HNO,2345,ABC,*,100,$SESSION1,1,TRUE,TRUE,Comment
ORDERCANCELNOWAIT,$MM5,$MM5EXCHANGE,$MM5EXECFIRM,DNM,7848,ABC,*,10,$SESSION1,1,TRUE,TRUE,Comment
CURRENTMARKETV4BESTMARKETQUERY,$MM1,CBOE2,$CLASS1PRODUCT1,0,1,0,00,0,1,0,00,TRUE,TRUE,Comment

COMMENT, Test Case 11:CBOE is NBBo MO and RFP are same price PO will trade with first then Mo and Auction Response. InternalizationFixed pic will takes place. In the aution time one order and 1 auction response will enter and there is a resting customer order in thebook. 40
UPDATEALLEXCHANGESBBOWITHNEWFORMAT,$SA1,$SESSION1,$CLASS1,$CLASS1PRODUCT1,NYSE:B:1.00:10:BOTR:N:A:1.30:5:BOTR:N;AMEX:B:1.00:10:BOTR:N A:A:1.30:10:BOTR:null,TRUE,TRUE,Comment
SETPRODUCTSTATEBYPRODUCT,$SA1,$SESSION1,$CLASS1PRODUCT1,$CLASS1,1,TRUE,TRUE,Comment
PRODUCTSTATEQUERY,$SA1,$SESSION1,$CLASS1PRODUCT1,1,TRUE,TRUE,Comment
SETPRODUCTSTATEBYPRODUCT,$SA1,$SESSION1,$CLASS1PRODUCT1,$CLASS1,2,TRUE,TRUE,Comment
PRODUCTSTATEQUERY,$SA1,$SESSION1,$CLASS1PRODUCT1,2,TRUE,TRUE,Comment
SETPRODUCTSTATEBYPRODUCT,$SA1,$SESSION1,$CLASS1PRODUCT1,$CLASS1,3,TRUE,TRUE,Comment
PRODUCTSTATEQUERY,$SA1,$SESSION1,$CLASS1PRODUCT1,3,TRUE,TRUE,Comment
SETPRODUCTSTATEBYPRODUCT,$SA1,$SESSION1,$CLASS1PRODUCT1,$CLASS1,4,TRUE,TRUE,Comment
PRODUCTSTATEQUERY,$SA1,$SESSION1,$CLASS1PRODUCT1,4,TRUE,TRUE,Comment
TOPOFBOOKVERIFICATION,$MM1,$SESSION1,$CLASS1PRODUCT1,0,1,0,00,0,1,0,00,TRUE,TRUE,Comment
QUOTE,$MM3,2,1,00,100,2,1,30,100,$CLASS1PRODUCT1,$SESSION1,User Assigned Id..,TRUE,TRUE,Comment
ORDER,$MM2,$MM2EXCHANGE,$MM2EXECFIRM,RCY,6375,ABC,*,$MM2EXCHANGE,$MM2,50,$CLASS1PRODUCT1,S,2,1,25,D,21/12/2003 6:00:00.0,1,1,0,00,0,-,-,-,$MM2,$MM2,C,FALSE,C,U,0,-,-,$SESSION1,TRUE,TRUE,Comment
ORDER,$MM3,$MM3EXCHANGE,$MM3EXECFIRM,KIC,6620,ABC,*,$MM3EXCHANGE,$MM3,20,$CLASS1PRODUCT1,S,2,1,25,D,21/12/2003 6:00:00.0,1,1,0,00,0,-,-,-,$MM3,$MM3,C,FALSE,C,U,0,-,-,$SESSION1,TRUE,TRUE,Comment
INTERNALIZEDORDER,$CUST1,2,$CUST1EXCHANGE,$CUST1EXECFIRM,SEY,4226,ABC,*,$CUST1EXCHANGE,$CUST1,150,$CLASS1PRODUCT1,B,2,1,25,D,21/12/2003 6:00:00.0,1,1,0,00,0,-,-,-,$CUST1,$CUST1,C,FALSE,C,U,0,-,-,$SESSION1,$CUST1EXCHANGE,$CUST1EXECFIRM,SEY,42261,ABC,*,$CUST1EXCHANGE,$CUST1,150,$CLASS1PRODUCT1,S,2,1,25,D,21/12/2003 6:00:00.0,1,1,0,00,0,-,-,-,$CUST1,$CUST1,C,FALSE,M,U,0,-,-,$SESSION1,TRUE,TRUE,Comment
RFPQUERY,$MM1,$SESSION1,$CLASS1PRODUCT1,$AUCTION120,B,150,1,0,00,TRUE,TRUE,Comment
ORDER,$MM1,$MM1EXCHANGE,$MM1EXECFIRM,OPW,3671,ABC,*,$MM1EXCHANGE,$MM1,100,$CLASS1PRODUCT1,S,2,1,25,D,21/12/2003 6:00:00.0,14,1,0,00,0,-,-,$AUCTION120,$MM1,$MM1,C,FALSE,M,U,0,-,-,$SESSION1,TRUE,TRUE,Comment
ORDER,$MM4,$MM4EXCHANGE,$MM4EXECFIRM,MPT,4486,ABC,*,$MM4EXCHANGE,$MM4,50,$CLASS1PRODUCT1,S,2,1,25,D,21/12/2003 6:00:00.0,1,1,0,00,0,-,-,-,$MM4,$MM4,C,FALSE,M,U,0,-,-,$SESSION1,TRUE,TRUE,Comment
PAUSE,40000
ORDERFILLVERIFICATION,$CUST1,$CUST1EXCHANGE,$CUST1EXECFIRM,SEY,4226,ABC,*,0,0,3,150,4,2,1,25,TRUE,TRUE,Comment
ORDERFILLVERIFICATION,$MM2,$MM2EXCHANGE,$MM2EXECFIRM,RCY,6375,ABC,*,0,0,3,50,1,2,1,25,TRUE,TRUE,Comment
ORDERFILLVERIFICATION,$MM3,$MM3EXCHANGE,$MM3EXECFIRM,KIC,6620,ABC,*,0,0,3,20,1,2,1,25,TRUE,TRUE,Comment
ORDERFILLVERIFICATION,$CUST1,$CUST1EXCHANGE,$CUST1EXECFIRM,SEY,42261,ABC,*,0,118,1,32,1,2,1,25,TRUE,TRUE,Comment
ORDERFILLVERIFICATION,$MM1,$MM1EXCHANGE,$MM1EXECFIRM,OPW,3671,ABC,*,0,52,1,48,1,2,1,25,TRUE,TRUE,Comment
QUOTECANCEL,$MM3,$SESSION1,$CLASS1PRODUCT1,2,TRUE,TRUE,Comment
QUOTECANCELVERIFICATION,$MM3,$SESSION1,$CLASS1PRODUCT1,2,TRUE,TRUE,Comment
ORDERCANCELNOWAIT,$MM4,$MM4EXCHANGE,$MM4EXECFIRM,MPT,4486,ABC,*,50,$SESSION1,1,TRUE,TRUE,Comment
CURRENTMARKETV4BESTMARKETQUERY,$MM1,CBOE2,$CLASS1PRODUCT1,0,1,0,00,0,1,0,00,TRUE,TRUE,Comment

COMMENT, Test Case 12:CBOE is NBBo PO will trade with customer and Mo quote. InternalizationFixed pic will takes place. In the aution time one order and 1 auction response will enter and there is a resting customer order in thebook. 50
UPDATEALLEXCHANGESBBOWITHNEWFORMAT,$SA1,$SESSION1,$CLASS1,$CLASS1PRODUCT1,NYSE:B:1.00:10:BOTR:N:A:1.30:5:BOTR:N;AMEX:B:1.00:10:BOTR:N A:A:1.30:10:BOTR:null,TRUE,TRUE,Comment
SETPRODUCTSTATEBYPRODUCT,$SA1,$SESSION1,$CLASS1PRODUCT1,$CLASS1,1,TRUE,TRUE,Comment
PRODUCTSTATEQUERY,$SA1,$SESSION1,$CLASS1PRODUCT1,1,TRUE,TRUE,Comment
SETPRODUCTSTATEBYPRODUCT,$SA1,$SESSION1,$CLASS1PRODUCT1,$CLASS1,2,TRUE,TRUE,Comment
PRODUCTSTATEQUERY,$SA1,$SESSION1,$CLASS1PRODUCT1,2,TRUE,TRUE,Comment
SETPRODUCTSTATEBYPRODUCT,$SA1,$SESSION1,$CLASS1PRODUCT1,$CLASS1,3,TRUE,TRUE,Comment
PRODUCTSTATEQUERY,$SA1,$SESSION1,$CLASS1PRODUCT1,3,TRUE,TRUE,Comment
SETPRODUCTSTATEBYPRODUCT,$SA1,$SESSION1,$CLASS1PRODUCT1,$CLASS1,4,TRUE,TRUE,Comment
PRODUCTSTATEQUERY,$SA1,$SESSION1,$CLASS1PRODUCT1,4,TRUE,TRUE,Comment
TOPOFBOOKVERIFICATION,$MM1,$SESSION1,$CLASS1PRODUCT1,0,1,0,00,0,1,0,00,TRUE,TRUE,Comment
QUOTE,$MM3,2,1,00,50,2,1,25,50,$CLASS1PRODUCT1,$SESSION1,User Assigned Id..,TRUE,TRUE,Comment
ORDER,$MM2,$MM2EXCHANGE,$MM2EXECFIRM,IDQ,2981,ABC,*,$MM2EXCHANGE,$MM2,50,$CLASS1PRODUCT1,S,2,1,25,D,21/12/2003 6:00:00.0,1,1,0,00,0,-,-,-,$MM2,$MM2,C,FALSE,C,U,0,-,-,$SESSION1,TRUE,TRUE,Comment
INTERNALIZEDORDER,$CUST1,2,$CUST1EXCHANGE,$CUST1EXECFIRM,BXO,2004,ABC,*,$CUST1EXCHANGE,$CUST1,150,$CLASS1PRODUCT1,B,2,1,25,D,21/12/2003 6:00:00.0,1,1,0,00,0,-,-,-,$CUST1,$CUST1,C,FALSE,C,U,0,-,-,$SESSION1,$CUST1EXCHANGE,$CUST1EXECFIRM,BXO,20041,ABC,*,$CUST1EXCHANGE,$CUST1,150,$CLASS1PRODUCT1,S,2,1,25,D,21/12/2003 6:00:00.0,1,1,0,00,0,-,-,-,$CUST1,$CUST1,C,FALSE,M,U,0,-,-,$SESSION1,TRUE,TRUE,Comment
RFPQUERY,$MM1,$SESSION1,$CLASS1PRODUCT1,$AUCTION120,B,150,1,0,00,TRUE,TRUE,Comment
ORDER,$MM1,$MM1EXCHANGE,$MM1EXECFIRM,NWR,7481,ABC,*,$MM1EXCHANGE,$MM1,100,$CLASS1PRODUCT1,S,2,1,25,D,21/12/2003 6:00:00.0,14,1,0,00,0,-,-,$AUCTION120,$MM1,$MM1,C,FALSE,M,U,0,-,-,$SESSION1,TRUE,TRUE,Comment
ORDER,$MM4,$MM4EXCHANGE,$MM4EXECFIRM,CVM,4217,ABC,*,$MM4EXCHANGE,$MM4,50,$CLASS1PRODUCT1,S,2,1,25,D,21/12/2003 6:00:00.0,1,1,0,00,0,-,-,-,$MM4,$MM4,C,FALSE,M,U,0,-,-,$SESSION1,TRUE,TRUE,Comment
PAUSE,40000
ORDERFILLVERIFICATION,$CUST1,$CUST1EXCHANGE,$CUST1EXECFIRM,BXO,2004,ABC,*,0,0,3,150,3,2,1,25,TRUE,TRUE,Comment
ORDERFILLVERIFICATION,$MM2,$MM2EXCHANGE,$MM2EXECFIRM,IDQ,2981,ABC,*,0,0,3,50,1,2,1,25,TRUE,TRUE,Comment
ORDERFILLVERIFICATION,$CUST1,$CUST1EXCHANGE,$CUST1EXECFIRM,BXO,20041,ABC,*,0,100,1,50,1,2,1,25,TRUE,TRUE,Comment
QUOTEFILLVERIFICATION,$MM3,$CLASS1PRODUCT1,$SESSION1,0,50,1,2,1,25,User Assigned Id..,TRUE,TRUE,Comment
QUOTECANCEL,$MM3,$SESSION1,$CLASS1PRODUCT1,2,TRUE,TRUE,Comment
QUOTECANCELVERIFICATION,$MM3,$SESSION1,$CLASS1PRODUCT1,2,TRUE,TRUE,Comment
ORDERCANCELNOWAIT,$MM4,$MM4EXCHANGE,$MM4EXECFIRM,CVM,4217,ABC,*,50,$SESSION1,1,TRUE,TRUE,Comment
CURRENTMARKETV4BESTMARKETQUERY,$MM1,CBOE2,$CLASS1PRODUCT1,0,1,0,00,0,1,0,00,TRUE,TRUE,Comment

COMMENT, Test Case 13:CBOE is NBBo MO and RFP are same price PO will trade with first then Mo and Auction Response. InternalizationFixed pic will takes place. In the aution Customer order and 1 RFP will enter. 50
UPDATEALLEXCHANGESBBOWITHNEWFORMAT,$SA1,$SESSION1,$CLASS1,$CLASS1PRODUCT1,NYSE:B:1.10:10:BOTR:N:A:1.35:5:BOTR:N;AMEX:B:1.10:10:BOTR:N A:A:1.35:10:BOTR:null,TRUE,TRUE,Comment
SETPRODUCTSTATEBYPRODUCT,$SA1,$SESSION1,$CLASS1PRODUCT1,$CLASS1,1,TRUE,TRUE,Comment
PRODUCTSTATEQUERY,$SA1,$SESSION1,$CLASS1PRODUCT1,1,TRUE,TRUE,Comment
SETPRODUCTSTATEBYPRODUCT,$SA1,$SESSION1,$CLASS1PRODUCT1,$CLASS1,2,TRUE,TRUE,Comment
PRODUCTSTATEQUERY,$SA1,$SESSION1,$CLASS1PRODUCT1,2,TRUE,TRUE,Comment
SETPRODUCTSTATEBYPRODUCT,$SA1,$SESSION1,$CLASS1PRODUCT1,$CLASS1,3,TRUE,TRUE,Comment
PRODUCTSTATEQUERY,$SA1,$SESSION1,$CLASS1PRODUCT1,3,TRUE,TRUE,Comment
SETPRODUCTSTATEBYPRODUCT,$SA1,$SESSION1,$CLASS1PRODUCT1,$CLASS1,4,TRUE,TRUE,Comment
PRODUCTSTATEQUERY,$SA1,$SESSION1,$CLASS1PRODUCT1,4,TRUE,TRUE,Comment
TOPOFBOOKVERIFICATION,$MM1,$SESSION1,$CLASS1PRODUCT1,0,1,0,00,0,1,0,00,TRUE,TRUE,Comment
QUOTE,$MM3,2,1,00,100,2,1,30,100,$CLASS1PRODUCT1,$SESSION1,User Assigned Id..,TRUE,TRUE,Comment
ORDER,$MM5,$MM5EXCHANGE,$MM5EXECFIRM,GLG,2486,ABC,*,$MM5EXCHANGE,$MM5,20,$CLASS1PRODUCT1,S,2,1,25,D,21/12/2003 6:00:00.0,1,1,0,00,0,-,-,-,$MM5,$MM5,C,FALSE,C,U,0,-,-,$SESSION1,TRUE,TRUE,Comment
ORDER,$MM2,$MM2EXCHANGE,$MM2EXECFIRM,GBK,7667,ABC,*,$MM2EXCHANGE,$MM2,30,$CLASS1PRODUCT1,S,2,1,25,D,21/12/2003 6:00:00.0,1,1,0,00,0,-,-,-,$MM2,$MM2,C,FALSE,I,U,0,-,-,$SESSION1,TRUE,TRUE,Comment
ORDER,$MM3,$MM3EXCHANGE,$MM3EXECFIRM,RZB,7964,ABC,*,$MM3EXCHANGE,$MM3,30,$CLASS1PRODUCT1,S,2,1,25,D,21/12/2003 6:00:00.0,1,1,0,00,0,-,-,-,$MM3,$MM3,C,FALSE,M,U,0,-,-,$SESSION1,TRUE,TRUE,Comment
INTERNALIZEDORDER,$CUST1,2,$CUST1EXCHANGE,$CUST1EXECFIRM,OQZ,5986,ABC,*,$CUST1EXCHANGE,$CUST1,150,$CLASS1PRODUCT1,B,2,1,25,D,21/12/2003 6:00:00.0,1,1,0,00,0,-,-,-,$CUST1,$CUST1,C,FALSE,C,U,0,-,-,$SESSION1,$CUST1EXCHANGE,$CUST1EXECFIRM,OQZ,59861,ABC,*,$CUST1EXCHANGE,$CUST1,150,$CLASS1PRODUCT1,S,2,1,25,D,21/12/2003 6:00:00.0,1,1,0,00,0,-,-,-,$CUST1,$CUST1,C,FALSE,M,U,0,-,-,$SESSION1,TRUE,TRUE,Comment
RFPQUERY,$MM1,$SESSION1,$CLASS1PRODUCT1,$AUCTION120,B,150,1,0,00,TRUE,TRUE,Comment
ORDER,$MM5,$MM5EXCHANGE,$MM5EXECFIRM,IIY,8851,ABC,*,$MM5EXCHANGE,$MM5,50,$CLASS1PRODUCT1,S,2,1,25,D,21/12/2003 6:00:00.0,14,1,0,00,0,-,-,$AUCTION120,$MM5,$MM5,C,FALSE,M,U,0,-,-,$SESSION1,TRUE,TRUE,Comment
ORDER,$MM1,$MM1EXCHANGE,$MM1EXECFIRM,FTN,7646,ABC,*,$MM1EXCHANGE,$MM1,100,$CLASS1PRODUCT1,S,2,1,25,D,21/12/2003 6:00:00.0,14,1,0,00,0,-,-,$AUCTION120,$MM1,$MM1,C,FALSE,M,U,0,-,-,$SESSION1,TRUE,TRUE,Comment
ORDER,$MM4,$MM4EXCHANGE,$MM4EXECFIRM,MOS,571,ABC,*,$MM4EXCHANGE,$MM4,50,$CLASS1PRODUCT1,S,2,1,25,D,21/12/2003 6:00:00.0,1,1,0,00,0,-,-,-,$MM4,$MM4,C,FALSE,C,U,0,-,-,$SESSION1,TRUE,TRUE,Comment
PAUSE,40000
ORDERFILLVERIFICATION,$CUST1,$CUST1EXCHANGE,$CUST1EXECFIRM,OQZ,5986,ABC,*,0,0,3,150,5,2,1,25,TRUE,TRUE,Comment
ORDERFILLVERIFICATION,$MM5,$MM5EXCHANGE,$MM5EXECFIRM,GLG,2486,ABC,*,0,0,3,20,1,2,1,25,TRUE,TRUE,Comment
ORDERFILLVERIFICATION,$MM4,$MM4EXCHANGE,$MM4EXECFIRM,MOS,571,ABC,*,0,0,3,50,1,2,1,25,TRUE,TRUE,Comment
ORDERFILLVERIFICATION,$CUST1,$CUST1EXCHANGE,$CUST1EXECFIRM,OQZ,59861,ABC,*,0,118,1,32,1,2,1,25,TRUE,TRUE,Comment
ORDERFILLVERIFICATION,$MM2,$MM2EXCHANGE,$MM2EXECFIRM,GBK,7667,ABC,*,0,0,3,30,1,2,1,25,TRUE,TRUE,Comment
ORDERFILLVERIFICATION,$MM3,$MM3EXCHANGE,$MM3EXECFIRM,RZB,7964,ABC,*,0,12,1,18,1,2,1,25,TRUE,TRUE,Comment
QUOTECANCEL,$MM3,$SESSION1,$CLASS1PRODUCT1,2,TRUE,TRUE,Comment
QUOTECANCELVERIFICATION,$MM3,$SESSION1,$CLASS1PRODUCT1,2,TRUE,TRUE,Comment
ORDERCANCELNOWAIT,$MM3,$MM3EXCHANGE,$MM3EXECFIRM,RZB,7964,ABC,*,12,$SESSION1,1,TRUE,TRUE,Comment
CURRENTMARKETV4BESTMARKETQUERY,$MM1,CBOE2,$CLASS1PRODUCT1,0,1,0,00,0,1,0,00,TRUE,TRUE,Comment

COMMENT, Test Case 14:CBOE is NBBo MO and RFP are same price PO will trade with first then Mo and Auction Response. InternalizationFixed pic will takes place. one quote is resting on top of the book. Quote I order and Customer order before the auction starts. Inernalization Fixed pict will takes place.AON Contingency and customer is resting on the book
UPDATEALLEXCHANGESBBOWITHNEWFORMAT,$SA1,$SESSION1,$CLASS1,$CLASS1PRODUCT1,NYSE:B:1.00:10:BOTR:N:A:1.35:5:BOTR:N;AMEX:B:1.00:10:BOTR:N A:A:1.35:10:BOTR:null,TRUE,TRUE,Comment
SETPRODUCTSTATEBYPRODUCT,$SA1,$SESSION1,$CLASS1PRODUCT1,$CLASS1,1,TRUE,TRUE,Comment
PRODUCTSTATEQUERY,$SA1,$SESSION1,$CLASS1PRODUCT1,1,TRUE,TRUE,Comment
SETPRODUCTSTATEBYPRODUCT,$SA1,$SESSION1,$CLASS1PRODUCT1,$CLASS1,2,TRUE,TRUE,Comment
PRODUCTSTATEQUERY,$SA1,$SESSION1,$CLASS1PRODUCT1,2,TRUE,TRUE,Comment
SETPRODUCTSTATEBYPRODUCT,$SA1,$SESSION1,$CLASS1PRODUCT1,$CLASS1,3,TRUE,TRUE,Comment
PRODUCTSTATEQUERY,$SA1,$SESSION1,$CLASS1PRODUCT1,3,TRUE,TRUE,Comment
SETPRODUCTSTATEBYPRODUCT,$SA1,$SESSION1,$CLASS1PRODUCT1,$CLASS1,4,TRUE,TRUE,Comment
PRODUCTSTATEQUERY,$SA1,$SESSION1,$CLASS1PRODUCT1,4,TRUE,TRUE,Comment
TOPOFBOOKVERIFICATION,$MM1,$SESSION1,$CLASS1PRODUCT1,0,1,0,00,0,1,0,00,TRUE,TRUE,Comment
QUOTE,$MM3,2,1,00,200,2,1,25,200,$CLASS1PRODUCT1,$SESSION1,User Assigned Id..,TRUE,TRUE,Comment
ORDER,$MM4,$MM4EXCHANGE,$MM4EXECFIRM,WXU,4314,ABC,*,$MM4EXCHANGE,$MM4,100,$CLASS1PRODUCT1,S,2,1,25,D,21/12/2003 6:00:00.0,1,1,0,00,0,-,-,-,$MM4,$MM4,C,FALSE,I,U,0,-,-,$SESSION1,TRUE,TRUE,Comment
ORDER,$MM5,$MM5EXCHANGE,$MM5EXECFIRM,GGQ,8872,ABC,*,$MM5EXCHANGE,$MM5,500,$CLASS1PRODUCT1,S,2,1,25,D,21/12/2003 6:00:00.0,1,1,0,00,0,-,-,-,$MM5,$MM5,C,FALSE,C,U,0,-,-,$SESSION1,TRUE,TRUE,Comment
INTERNALIZEDORDER,$CUST1,2,$CUST1EXCHANGE,$CUST1EXECFIRM,VYN,6424,ABC,*,$CUST1EXCHANGE,$CUST1,500,$CLASS1PRODUCT1,B,2,1,25,D,21/12/2003 6:00:00.0,2,1,0,00,0,-,-,-,$CUST1,$CUST1,C,FALSE,C,U,0,-,-,$SESSION1,$CUST1EXCHANGE,$CUST1EXECFIRM,VYN,64241,ABC,*,$CUST1EXCHANGE,$CUST1,500,$CLASS1PRODUCT1,S,2,1,25,D,21/12/2003 6:00:00.0,2,1,0,00,0,-,-,-,$CUST1,$CUST1,C,FALSE,M,U,0,-,-,$SESSION1,TRUE,TRUE,Comment
RFPQUERY,$MM1,$SESSION1,$CLASS1PRODUCT1,$AUCTION120,B,500,1,0,00,TRUE,TRUE,Comment
ORDER,$MM1,$MM1EXCHANGE,$MM1EXECFIRM,QFE,7540,ABC,*,$MM1EXCHANGE,$MM1,100,$CLASS1PRODUCT1,S,2,1,25,D,21/12/2003 6:00:00.0,14,1,0,00,0,-,-,$AUCTION120,$MM1,$MM1,C,FALSE,M,U,0,-,-,$SESSION1,TRUE,TRUE,Comment
PAUSE,40000
ORDERFILLVERIFICATION,$CUST1,$CUST1EXCHANGE,$CUST1EXECFIRM,VYN,6424,ABC,*,0,0,3,500,1,2,1,25,TRUE,TRUE,Comment
ORDERFILLVERIFICATION,$MM5,$MM5EXCHANGE,$MM5EXECFIRM,GGQ,8872,ABC,*,0,0,3,500,1,2,1,25,TRUE,TRUE,Comment
QUOTECANCEL,$MM3,$SESSION1,$CLASS1PRODUCT1,2,TRUE,TRUE,Comment
QUOTECANCELVERIFICATION,$MM3,$SESSION1,$CLASS1PRODUCT1,2,TRUE,TRUE,Comment
ORDERCANCELNOWAIT,$MM4,$MM4EXCHANGE,$MM4EXECFIRM,WXU,4314,ABC,*,100,$SESSION1,1,TRUE,TRUE,Comment
CURRENTMARKETV4BESTMARKETQUERY,$MM1,CBOE2,$CLASS1PRODUCT1,0,1,0,00,0,1,0,00,TRUE,TRUE,Comment

COMMENT, Test Case 15:CBOE is NBBo MO and RFP are same price PO will trade with first then Mo and Auction Response. InternalizationFixed pic will takes place. In the aution Customer order and 1 RFP will enter. 50
UPDATEALLEXCHANGESBBOWITHNEWFORMAT,$SA1,$SESSION1,$CLASS1,$CLASS1PRODUCT1,NYSE:B:1.10:10:BOTR:N:A:1.30:5:BOTR:N;AMEX:B:1.10:10:BOTR:N A:A:1.30:10:BOTR:null,TRUE,TRUE,Comment
SETPRODUCTSTATEBYPRODUCT,$SA1,$SESSION1,$CLASS1PRODUCT1,$CLASS1,1,TRUE,TRUE,Comment
PRODUCTSTATEQUERY,$SA1,$SESSION1,$CLASS1PRODUCT1,1,TRUE,TRUE,Comment
SETPRODUCTSTATEBYPRODUCT,$SA1,$SESSION1,$CLASS1PRODUCT1,$CLASS1,2,TRUE,TRUE,Comment
PRODUCTSTATEQUERY,$SA1,$SESSION1,$CLASS1PRODUCT1,2,TRUE,TRUE,Comment
SETPRODUCTSTATEBYPRODUCT,$SA1,$SESSION1,$CLASS1PRODUCT1,$CLASS1,3,TRUE,TRUE,Comment
PRODUCTSTATEQUERY,$SA1,$SESSION1,$CLASS1PRODUCT1,3,TRUE,TRUE,Comment
SETPRODUCTSTATEBYPRODUCT,$SA1,$SESSION1,$CLASS1PRODUCT1,$CLASS1,4,TRUE,TRUE,Comment
PRODUCTSTATEQUERY,$SA1,$SESSION1,$CLASS1PRODUCT1,4,TRUE,TRUE,Comment
TOPOFBOOKVERIFICATION,$MM1,$SESSION1,$CLASS1PRODUCT1,0,1,0,00,0,1,0,00,TRUE,TRUE,Comment
QUOTE,$MM3,2,1,00,100,2,1,30,100,$CLASS1PRODUCT1,$SESSION1,User Assigned Id..,TRUE,TRUE,Comment
ORDER,$MM5,$MM5EXCHANGE,$MM5EXECFIRM,IER,5005,ABC,*,$MM5EXCHANGE,$MM5,20,$CLASS1PRODUCT1,S,2,1,25,D,21/12/2003 6:00:00.0,1,1,0,00,0,-,-,-,$MM5,$MM5,C,FALSE,C,U,0,-,-,$SESSION1,TRUE,TRUE,Comment
ORDER,$MM2,$MM2EXCHANGE,$MM2EXECFIRM,AGA,8117,ABC,*,$MM2EXCHANGE,$MM2,30,$CLASS1PRODUCT1,S,2,1,25,D,21/12/2003 6:00:00.0,1,1,0,00,0,-,-,-,$MM2,$MM2,C,FALSE,I,U,0,-,-,$SESSION1,TRUE,TRUE,Comment
INTERNALIZEDORDER,$CUST1,2,$CUST1EXCHANGE,$CUST1EXECFIRM,RGL,5680,ABC,*,$CUST1EXCHANGE,$CUST1,150,$CLASS1PRODUCT1,B,2,1,25,D,21/12/2003 6:00:00.0,1,1,0,00,0,-,-,-,$CUST1,$CUST1,C,FALSE,C,U,0,-,-,$SESSION1,$CUST1EXCHANGE,$CUST1EXECFIRM,RGL,56801,ABC,*,$CUST1EXCHANGE,$CUST1,150,$CLASS1PRODUCT1,S,2,1,25,D,21/12/2003 6:00:00.0,1,1,0,00,0,-,-,-,$CUST1,$CUST1,C,FALSE,M,U,0,-,-,$SESSION1,TRUE,TRUE,Comment
RFPQUERY,$MM1,$SESSION1,$CLASS1PRODUCT1,$AUCTION120,B,150,1,0,00,TRUE,TRUE,Comment
ORDER,$MM5,$MM5EXCHANGE,$MM5EXECFIRM,SMH,4107,ABC,*,$MM5EXCHANGE,$MM5,50,$CLASS1PRODUCT1,S,2,1,25,D,21/12/2003 6:00:00.0,14,1,0,00,0,-,-,$AUCTION120,$MM5,$MM5,C,FALSE,M,U,0,-,-,$SESSION1,TRUE,TRUE,Comment
ORDER,$MM1,$MM1EXCHANGE,$MM1EXECFIRM,KLI,9913,ABC,*,$MM1EXCHANGE,$MM1,100,$CLASS1PRODUCT1,S,2,1,25,D,21/12/2003 6:00:00.0,14,1,0,00,0,-,-,$AUCTION120,$MM1,$MM1,C,FALSE,M,U,0,-,-,$SESSION1,TRUE,TRUE,Comment
ORDER,$MM4,$MM4EXCHANGE,$MM4EXECFIRM,DON,9680,ABC,*,$MM4EXCHANGE,$MM4,50,$CLASS1PRODUCT1,S,2,1,25,D,21/12/2003 6:00:00.0,1,1,0,00,0,-,-,-,$MM4,$MM4,C,FALSE,C,U,0,-,-,$SESSION1,TRUE,TRUE,Comment
PAUSE,40000
ORDERFILLVERIFICATION,$CUST1,$CUST1EXCHANGE,$CUST1EXECFIRM,RGL,5680,ABC,*,0,0,3,150,5,2,1,25,TRUE,TRUE,Comment
ORDERFILLVERIFICATION,$MM5,$MM5EXCHANGE,$MM5EXECFIRM,IER,5005,ABC,*,0,0,3,20,1,2,1,25,TRUE,TRUE,Comment
ORDERFILLVERIFICATION,$MM4,$MM4EXCHANGE,$MM4EXECFIRM,DON,9680,ABC,*,0,0,3,50,1,2,1,25,TRUE,TRUE,Comment
ORDERFILLVERIFICATION,$CUST1,$CUST1EXCHANGE,$CUST1EXECFIRM,RGL,56801,ABC,*,0,110,1,40,1,2,1,25,TRUE,TRUE,Comment
ORDERFILLVERIFICATION,$MM2,$MM2EXCHANGE,$MM2EXECFIRM,AGA,8117,ABC,*,0,0,3,30,1,2,1,25,TRUE,TRUE,Comment
ORDERFILLVERIFICATION,$MM5,$MM5EXCHANGE,$MM5EXECFIRM,SMH,4107,ABC,*,0,40,1,10,1,2,1,25,TRUE,TRUE,Comment
QUOTECANCEL,$MM3,$SESSION1,$CLASS1PRODUCT1,2,TRUE,TRUE,Comment
QUOTECANCELVERIFICATION,$MM3,$SESSION1,$CLASS1PRODUCT1,2,TRUE,TRUE,Comment
CURRENTMARKETV4BESTMARKETQUERY,$MM1,CBOE2,$CLASS1PRODUCT1,0,1,0,00,0,1,0,00,TRUE,TRUE,Comment

COMMENT, Test Case 16:If there is quote and Non customer order on the top and MO and PO are customer then AIM auction will not start. PO willtrade with MO and rest will trade with MO Internalization no auction trade must happen. MO will hit on the buy side price
UPDATEALLEXCHANGESBBOWITHNEWFORMAT,$SA1,$SESSION1,$CLASS1,$CLASS1PRODUCT1,NYSE:B:1.00:10:BOTR:N:A:1.20:5:BOTR:N;AMEX:B:1.00:10:BOTR:N A:A:1.35:10:BOTR:null,TRUE,TRUE,Comment
SETPRODUCTSTATEBYPRODUCT,$SA1,$SESSION1,$CLASS1PRODUCT1,$CLASS1,1,TRUE,TRUE,Comment
PRODUCTSTATEQUERY,$SA1,$SESSION1,$CLASS1PRODUCT1,1,TRUE,TRUE,Comment
SETPRODUCTSTATEBYPRODUCT,$SA1,$SESSION1,$CLASS1PRODUCT1,$CLASS1,2,TRUE,TRUE,Comment
PRODUCTSTATEQUERY,$SA1,$SESSION1,$CLASS1PRODUCT1,2,TRUE,TRUE,Comment
SETPRODUCTSTATEBYPRODUCT,$SA1,$SESSION1,$CLASS1PRODUCT1,$CLASS1,3,TRUE,TRUE,Comment
PRODUCTSTATEQUERY,$SA1,$SESSION1,$CLASS1PRODUCT1,3,TRUE,TRUE,Comment
SETPRODUCTSTATEBYPRODUCT,$SA1,$SESSION1,$CLASS1PRODUCT1,$CLASS1,4,TRUE,TRUE,Comment
PRODUCTSTATEQUERY,$SA1,$SESSION1,$CLASS1PRODUCT1,4,TRUE,TRUE,Comment
TOPOFBOOKVERIFICATION,$MM1,$SESSION1,$CLASS1PRODUCT1,0,1,0,00,0,1,0,00,TRUE,TRUE,Comment
QUOTE,$MM3,2,1,00,50,2,1,20,50,$CLASS1PRODUCT1,$SESSION1,User Assigned Id..,TRUE,TRUE,Comment
INTERNALIZEDORDER,$CUST1,2,$CUST1EXCHANGE,$CUST1EXECFIRM,CTC,1719,ABC,*,$CUST1EXCHANGE,$CUST1,150,$CLASS1PRODUCT1,B,3,0,00,D,21/12/2003 6:00:00.0,1,1,0,00,0,-,-,-,$CUST1,$CUST1,C,FALSE,C,U,0,-,-,$SESSION1,$CUST1EXCHANGE,$CUST1EXECFIRM,CTC,17191,ABC,*,$CUST1EXCHANGE,$CUST1,150,$CLASS1PRODUCT1,S,2,0,95,D,21/12/2003 6:00:00.0,1,1,0,00,0,-,-,-,$CUST1,$CUST1,C,FALSE,C,U,0,-,-,$SESSION1,TRUE,TRUE,Comment
RFPQUERY,$MM1,$SESSION1,$CLASS1PRODUCT1,$AUCTION120,B,150,1,0,00,FALSE,TRUE,Comment
ORDERFILLVERIFICATION,$CUST1,$CUST1EXCHANGE,$CUST1EXECFIRM,CTC,1719,ABC,*,0,0,3,150,1,2,1,00,TRUE,TRUE,Comment
ORDERFILLVERIFICATION,$CUST1,$CUST1EXCHANGE,$CUST1EXECFIRM,CTC,17191,ABC,*,0,0,3,150,1,2,1,00,TRUE,TRUE,Comment
QUOTECANCEL,$MM3,$SESSION1,$CLASS1PRODUCT1,2,TRUE,TRUE,Comment
QUOTECANCELVERIFICATION,$MM3,$SESSION1,$CLASS1PRODUCT1,2,TRUE,TRUE,Comment
CURRENTMARKETV4BESTMARKETQUERY,$MM1,CBOE2,$CLASS1PRODUCT1,0,1,0,00,0,1,0,00,TRUE,TRUE,Comment

COMMENT, Test Case 17:CBOE is NBBo MO and RFP are same price PO will trade with first then Mo and Auction Response. InternalizationFixed pic will takes place. one quote is resting on top of the book. Quote I order and Customer order before the auction starts. Inernalization Fixed pict will takes place.AON Contingency and customer is resting on the book Price time will takes place and MO will cancel
UPDATEALLEXCHANGESBBOWITHNEWFORMAT,$SA1,$SESSION1,$CLASS1,$CLASS1PRODUCT1,NYSE:B:1.00:10:BOTR:N:A:1.35:5:BOTR:N;AMEX:B:1.00:10:BOTR:N A:A:1.35:10:BOTR:null,TRUE,TRUE,Comment
SETPRODUCTSTATEBYPRODUCT,$SA1,$SESSION1,$CLASS1PRODUCT1,$CLASS1,1,TRUE,TRUE,Comment
PRODUCTSTATEQUERY,$SA1,$SESSION1,$CLASS1PRODUCT1,1,TRUE,TRUE,Comment
SETPRODUCTSTATEBYPRODUCT,$SA1,$SESSION1,$CLASS1PRODUCT1,$CLASS1,2,TRUE,TRUE,Comment
PRODUCTSTATEQUERY,$SA1,$SESSION1,$CLASS1PRODUCT1,2,TRUE,TRUE,Comment
SETPRODUCTSTATEBYPRODUCT,$SA1,$SESSION1,$CLASS1PRODUCT1,$CLASS1,3,TRUE,TRUE,Comment
PRODUCTSTATEQUERY,$SA1,$SESSION1,$CLASS1PRODUCT1,3,TRUE,TRUE,Comment
SETPRODUCTSTATEBYPRODUCT,$SA1,$SESSION1,$CLASS1PRODUCT1,$CLASS1,4,TRUE,TRUE,Comment
PRODUCTSTATEQUERY,$SA1,$SESSION1,$CLASS1PRODUCT1,4,TRUE,TRUE,Comment
TOPOFBOOKVERIFICATION,$MM1,$SESSION1,$CLASS1PRODUCT1,0,1,0,00,0,1,0,00,TRUE,TRUE,Comment
QUOTE,$MM3,2,1,00,200,2,1,25,200,$CLASS1PRODUCT1,$SESSION1,User Assigned Id..,TRUE,TRUE,Comment
ORDER,$MM4,$MM4EXCHANGE,$MM4EXECFIRM,BMW,490,ABC,*,$MM4EXCHANGE,$MM4,100,$CLASS1PRODUCT1,S,2,1,25,D,21/12/2003 6:00:00.0,1,1,0,00,0,-,-,-,$MM4,$MM4,C,FALSE,I,U,0,-,-,$SESSION1,TRUE,TRUE,Comment
ORDER,$MM5,$MM5EXCHANGE,$MM5EXECFIRM,ROJ,5763,ABC,*,$MM5EXCHANGE,$MM5,400,$CLASS1PRODUCT1,S,2,1,25,D,21/12/2003 6:00:00.0,1,1,0,00,0,-,-,-,$MM5,$MM5,C,FALSE,C,U,0,-,-,$SESSION1,TRUE,TRUE,Comment
INTERNALIZEDORDER,$CUST1,2,$CUST1EXCHANGE,$CUST1EXECFIRM,RJI,5644,ABC,*,$CUST1EXCHANGE,$CUST1,500,$CLASS1PRODUCT1,B,2,1,25,D,21/12/2003 6:00:00.0,2,1,0,00,0,-,-,-,$CUST1,$CUST1,C,FALSE,C,U,0,-,-,$SESSION1,$CUST1EXCHANGE,$CUST1EXECFIRM,RJI,56441,ABC,*,$CUST1EXCHANGE,$CUST1,500,$CLASS1PRODUCT1,S,2,1,25,D,21/12/2003 6:00:00.0,2,1,0,00,0,-,-,-,$CUST1,$CUST1,C,FALSE,M,U,0,-,-,$SESSION1,TRUE,TRUE,Comment
RFPQUERY,$MM1,$SESSION1,$CLASS1PRODUCT1,$AUCTION120,B,500,1,0,00,TRUE,TRUE,Comment
ORDER,$MM1,$MM1EXCHANGE,$MM1EXECFIRM,JKI,4662,ABC,*,$MM1EXCHANGE,$MM1,100,$CLASS1PRODUCT1,S,2,1,25,D,21/12/2003 6:00:00.0,14,1,0,00,0,-,-,$AUCTION120,$MM1,$MM1,C,FALSE,M,U,0,-,-,$SESSION1,TRUE,TRUE,Comment
PAUSE,40000
ORDERFILLVERIFICATION,$CUST1,$CUST1EXCHANGE,$CUST1EXECFIRM,RJI,5644,ABC,*,0,0,3,500,2,2,1,25,TRUE,TRUE,Comment
ORDERFILLVERIFICATION,$MM5,$MM5EXCHANGE,$MM5EXECFIRM,ROJ,5763,ABC,*,0,0,3,400,1,2,1,25,TRUE,TRUE,Comment
QUOTEFILLVERIFICATION,$MM3,$CLASS1PRODUCT1,$SESSION1,100,100,1,2,1,25,User Assigned Id..,TRUE,TRUE,Comment
QUOTECANCEL,$MM3,$SESSION1,$CLASS1PRODUCT1,2,TRUE,TRUE,Comment
QUOTECANCELVERIFICATION,$MM3,$SESSION1,$CLASS1PRODUCT1,2,TRUE,TRUE,Comment
ORDERCANCELNOWAIT,$MM4,$MM4EXCHANGE,$MM4EXECFIRM,BMW,490,ABC,*,100,$SESSION1,1,TRUE,TRUE,Comment
CURRENTMARKETV4BESTMARKETQUERY,$MM1,CBOE2,$CLASS1PRODUCT1,0,1,0,00,0,1,0,00,TRUE,TRUE,Comment

COMMENT, Test Case 18:CBOE is not NBBO on Both side and IF the Mo Price is With in Inside the NBBOthen PO trades with MO at the MO price Internalization no auction trade must happen
UPDATEALLEXCHANGESBBOWITHNEWFORMAT,$SA1,$SESSION1,$CLASS1,$CLASS1PRODUCT1,NYSE:B:1.100:10:BOTR:N:A:1.15:100:BOTR:N,TRUE,TRUE,Comment
SETPRODUCTSTATEBYPRODUCT,$SA1,$SESSION1,$CLASS1PRODUCT1,$CLASS1,1,TRUE,TRUE,Comment
PRODUCTSTATEQUERY,$SA1,$SESSION1,$CLASS1PRODUCT1,1,TRUE,TRUE,Comment
SETPRODUCTSTATEBYPRODUCT,$SA1,$SESSION1,$CLASS1PRODUCT1,$CLASS1,2,TRUE,TRUE,Comment
PRODUCTSTATEQUERY,$SA1,$SESSION1,$CLASS1PRODUCT1,2,TRUE,TRUE,Comment
SETPRODUCTSTATEBYPRODUCT,$SA1,$SESSION1,$CLASS1PRODUCT1,$CLASS1,3,TRUE,TRUE,Comment
PRODUCTSTATEQUERY,$SA1,$SESSION1,$CLASS1PRODUCT1,3,TRUE,TRUE,Comment
SETPRODUCTSTATEBYPRODUCT,$SA1,$SESSION1,$CLASS1PRODUCT1,$CLASS1,4,TRUE,TRUE,Comment
PRODUCTSTATEQUERY,$SA1,$SESSION1,$CLASS1PRODUCT1,4,TRUE,TRUE,Comment
TOPOFBOOKVERIFICATION,$MM1,$SESSION1,$CLASS1PRODUCT1,0,1,0,00,0,1,0,00,TRUE,TRUE,Comment
QUOTE,$MM3,2,1,00,100,2,1,20,100,$CLASS1PRODUCT1,$SESSION1,User Assigned Id..,TRUE,TRUE,Comment
INTERNALIZEDORDER,$CUST1,2,$CUST1EXCHANGE,$CUST1EXECFIRM,MNO,6045,ABC,*,$CUST1EXCHANGE,$CUST1,100,$CLASS1PRODUCT1,B,2,1,15,D,21/12/2003 6:00:00.0,1,1,0,00,0,-,-,-,$CUST1,$CUST1,C,FALSE,C,U,0,-,-,$SESSION1,$CUST1EXCHANGE,$CUST1EXECFIRM,MNO,60451,ABC,*,$CUST1EXCHANGE,$CUST1,100,$CLASS1PRODUCT1,S,2,1,10,D,21/12/2003 6:00:00.0,1,1,0,00,0,-,-,-,$CUST1,$CUST1,C,FALSE,C,U,0,-,-,$SESSION1,TRUE,TRUE,Comment
RFPQUERY,$MM1,$SESSION1,$CLASS1PRODUCT1,$AUCTION120,B,100,1,0,00,FALSE,TRUE,Comment
ORDERFILLVERIFICATION,$CUST1,$CUST1EXCHANGE,$CUST1EXECFIRM,MNO,6045,ABC,*,0,0,3,100,1,2,1,10,TRUE,TRUE,Comment
ORDERFILLVERIFICATION,$CUST1,$CUST1EXCHANGE,$CUST1EXECFIRM,MNO,60451,ABC,*,0,0,3,100,1,2,1,10,TRUE,TRUE,Comment
QUOTECANCEL,$MM3,$SESSION1,$CLASS1PRODUCT1,2,TRUE,TRUE,Comment
QUOTECANCELVERIFICATION,$MM3,$SESSION1,$CLASS1PRODUCT1,2,TRUE,TRUE,Comment
CURRENTMARKETV4BESTMARKETQUERY,$MM1,CBOE2,$CLASS1PRODUCT1,0,1,0,00,0,1,0,00,TRUE,TRUE,Comment

COMMENT, Test Case 19:CBOE is NBBo MO and RFP are differnt price and better than MO PO will trade with Auction Response based on Price time. Then InternalizationFixed pic will takes place( 50
UPDATEALLEXCHANGESBBOWITHNEWFORMAT,$SA1,$SESSION1,$CLASS1,$CLASS1PRODUCT1,NYSE:B:1.100:10:BOTR:N:A:1.20:100:BOTR:N,TRUE,TRUE,Comment
SETPRODUCTSTATEBYPRODUCT,$SA1,$SESSION1,$CLASS1PRODUCT1,$CLASS1,1,TRUE,TRUE,Comment
PRODUCTSTATEQUERY,$SA1,$SESSION1,$CLASS1PRODUCT1,1,TRUE,TRUE,Comment
SETPRODUCTSTATEBYPRODUCT,$SA1,$SESSION1,$CLASS1PRODUCT1,$CLASS1,2,TRUE,TRUE,Comment
PRODUCTSTATEQUERY,$SA1,$SESSION1,$CLASS1PRODUCT1,2,TRUE,TRUE,Comment
SETPRODUCTSTATEBYPRODUCT,$SA1,$SESSION1,$CLASS1PRODUCT1,$CLASS1,3,TRUE,TRUE,Comment
PRODUCTSTATEQUERY,$SA1,$SESSION1,$CLASS1PRODUCT1,3,TRUE,TRUE,Comment
SETPRODUCTSTATEBYPRODUCT,$SA1,$SESSION1,$CLASS1PRODUCT1,$CLASS1,4,TRUE,TRUE,Comment
PRODUCTSTATEQUERY,$SA1,$SESSION1,$CLASS1PRODUCT1,4,TRUE,TRUE,Comment
TOPOFBOOKVERIFICATION,$MM1,$SESSION1,$CLASS1PRODUCT1,0,1,0,00,0,1,0,00,TRUE,TRUE,Comment
QUOTE,$MM3,2,1,00,100,2,1,30,100,$CLASS1PRODUCT1,$SESSION1,User Assigned Id..,TRUE,TRUE,Comment
INTERNALIZEDORDER,$CUST1,2,$CUST1EXCHANGE,$CUST1EXECFIRM,XON,3932,ABC,*,$CUST1EXCHANGE,$CUST1,100,$CLASS1PRODUCT1,B,3,0,00,D,21/12/2003 6:00:00.0,1,1,0,00,0,-,-,-,$CUST1,$CUST1,C,FALSE,C,U,0,-,-,$SESSION1,$CUST1EXCHANGE,$CUST1EXECFIRM,XON,39321,ABC,*,$CUST1EXCHANGE,$CUST1,100,$CLASS1PRODUCT1,S,2,1,17,D,21/12/2003 6:00:00.0,1,1,0,00,0,-,-,-,$CUST1,$CUST1,C,FALSE,M,U,0,-,-,$SESSION1,TRUE,TRUE,Comment
RFPQUERY,$MM1,$SESSION1,$CLASS1PRODUCT1,$AUCTION120,B,100,1,0,00,TRUE,TRUE,Comment
ORDER,$MM5,$MM5EXCHANGE,$MM5EXECFIRM,LPN,6456,ABC,*,$MM5EXCHANGE,$MM5,10,$CLASS1PRODUCT1,S,2,1,15,D,21/12/2003 6:00:00.0,14,1,0,00,0,-,-,$AUCTION120,$MM5,$MM5,C,FALSE,M,U,0,-,-,$SESSION1,TRUE,TRUE,Comment
ORDER,$MM1,$MM1EXCHANGE,$MM1EXECFIRM,SKR,1819,ABC,*,$MM1EXCHANGE,$MM1,20,$CLASS1PRODUCT1,S,2,1,15,D,21/12/2003 6:00:00.0,14,1,0,00,0,-,-,$AUCTION120,$MM1,$MM1,C,FALSE,M,U,0,-,-,$SESSION1,TRUE,TRUE,Comment
ORDER,$MM4,$MM4EXCHANGE,$MM4EXECFIRM,TSG,835,ABC,*,$MM4EXCHANGE,$MM4,30,$CLASS1PRODUCT1,S,2,1,16,D,21/12/2003 6:00:00.0,14,1,0,00,0,-,-,$AUCTION120,$MM4,$MM4,C,FALSE,M,U,0,-,-,$SESSION1,TRUE,TRUE,Comment
ORDER,$MM3,$MM3EXCHANGE,$MM3EXECFIRM,LOV,2911,ABC,*,$MM3EXCHANGE,$MM3,10,$CLASS1PRODUCT1,S,2,1,17,D,21/12/2003 6:00:00.0,14,1,0,00,0,-,-,$AUCTION120,$MM3,$MM3,C,FALSE,M,U,0,-,-,$SESSION1,TRUE,TRUE,Comment
PAUSE,40000
ORDERFILLVERIFICATION,$CUST1,$CUST1EXCHANGE,$CUST1EXECFIRM,XON,3932,ABC,*,0,70,1,30,2,2,1,15,TRUE,TRUE,Comment
ORDERFILLVERIFICATION,$CUST1,$CUST1EXCHANGE,$CUST1EXECFIRM,XON,3932,ABC,*,0,40,1,30,1,2,1,16,TRUE,TRUE,Comment
ORDERFILLVERIFICATION,$CUST1,$CUST1EXCHANGE,$CUST1EXECFIRM,XON,3932,ABC,*,0,0,3,40,2,2,1,17,TRUE,TRUE,Comment
ORDERFILLVERIFICATION,$MM5,$MM5EXCHANGE,$MM5EXECFIRM,LPN,6456,ABC,*,0,0,3,10,1,2,1,15,TRUE,TRUE,Comment
ORDERFILLVERIFICATION,$MM1,$MM1EXCHANGE,$MM1EXECFIRM,SKR,1819,ABC,*,0,0,3,20,1,2,1,15,TRUE,TRUE,Comment
ORDERFILLVERIFICATION,$MM4,$MM4EXCHANGE,$MM4EXECFIRM,TSG,835,ABC,*,0,0,3,30,1,2,1,16,TRUE,TRUE,Comment
ORDERFILLVERIFICATION,$CUST1,$CUST1EXCHANGE,$CUST1EXECFIRM,XON,39321,ABC,*,0,70,1,30,1,2,1,17,TRUE,TRUE,Comment
ORDERFILLVERIFICATION,$MM3,$MM3EXCHANGE,$MM3EXECFIRM,LOV,2911,ABC,*,0,0,3,10,1,2,1,17,TRUE,TRUE,Comment
QUOTECANCEL,$MM3,$SESSION1,$CLASS1PRODUCT1,2,TRUE,TRUE,Comment
QUOTECANCELVERIFICATION,$MM3,$SESSION1,$CLASS1PRODUCT1,2,TRUE,TRUE,Comment
CURRENTMARKETV4BESTMARKETQUERY,$MM1,CBOE2,$CLASS1PRODUCT1,0,1,0,00,0,1,0,00,TRUE,TRUE,Comment

COMMENT, Test Case:Cleaning Up Task
TRADERLOGOUT,$MM3,TRUE,TRUE,Comment
TRADERLOGOUT,$MM2,TRUE,TRUE,Comment
TRADERLOGOUT,$MM1,TRUE,TRUE,Comment
TRADERLOGOUT,$MM6,TRUE,TRUE,Comment
TRADERLOGOUT,$MM4,TRUE,TRUE,Comment
TRADERLOGOUT,$MM5,TRUE,TRUE,Comment
TRADERLOGOUT,$CUST1,TRUE,TRUE,Comment

SALOGOUT,$SA1,TRUE,TRUE,Comment
ENDPOINT,
PRINTOUTPUTSUMMARY,