TESTSUITENAME,QCT_Simple_Customer_order_Enhancements_C2_MAIN_ Test Plan
PRINTOUTPUTHEADING,
STARTPOINT,
SALOGIN,$SA1,$SA1,TRUE,TRUE,Comment


COMMENT, Test Cases:1

COMMENT, Test Environment Setup
SELECTCLASSESANDPRODUCTS,$SA1,$SESSION1,7,1,CLASS,2,PRODUCT,$HYBRIDCLASSLIST1,TRUE,TRUE,Comment
VERIFYSESSIONSTATE,$SA1,$SESSION1,2,TRUE,TRUE,Comment

COMMENT, User Setup
CREATEUSER,$SA1,$MM1,$MM1EXCHANGE,$MM1EXECFIRM,M,1,Automated API $MM1 User,FALSE,TRUE,TRUE,New User for Clearing Firm "695" and Exchange "CBOE2" !
VERIFYUSEREXISTENCE,$SA1,$MM1EXCHANGE,$MM1,M,TRUE,TRUE,TRUE,Comment
CREATEUSER,$SA1,$CUST1,$CUST1EXCHANGE,$CUST1EXECFIRM,X,1,Automated API $CUST1 User,FALSE,TRUE,TRUE,New User for Clearing Firm "695" and Exchange "CBOE2" !
VERIFYUSEREXISTENCE,$SA1,$CUST1EXCHANGE,$CUST1,X,TRUE,TRUE,TRUE,Comment
CREATEUSER,$SA1,$HOMT1,$HOMT1EXCHANGE,$HOMT1EXECFIRM,A,1,Automated API $HOMT1 User,FALSE,TRUE,TRUE,New User for Clearing Firm "695" and Exchange "CBOE2" !
VERIFYUSEREXISTENCE,$SA1,$HOMT1EXCHANGE,$HOMT1,A,TRUE,TRUE,TRUE,Comment
TRADERLOGIN,$MM1,$MM1,$CASANDPORT,TRUE,TRUE,Comment
TRADERLOGIN,$CUST1,$CUST1,$CASANDPORT,TRUE,TRUE,Comment
OMTLOGIN,$HOMT1,$HOMT1,$CASANDPORT,TRUE,TRUE,Comment


COMMENT, Trading Property Setup
SETALLOWMARKETORDER,$SA1,$SESSION1,$CLASS1,TRUE,TRUE,TRUE,Comment
PAUSE,2000
VERIFYALLOWMARKETORDER,$SA1,$SESSION1,$CLASS1,TRUE,TRUE,TRUE,Comment
SETINDEXHYBRIDINDICATOR,$SA1,$SESSION1,$CLASS1,FALSE,TRUE,TRUE,Comment
PAUSE,2000
VERIFYINDEXHYBRIDINDICATOR,$SA1,$SESSION1,$CLASS1,FALSE,TRUE,TRUE,Comment
SETEXCHANGEPRESCRIBEDWIDTH,$SA1,$SESSION1,$CLASS1,0.0-3.0:0.5;3.0-10:1.0;10-99999:2.0,TRUE,TRUE,Comment
PAUSE,2000
VERIFYEXCHANGEPRESCRIBEDWIDTH,$SA1,$SESSION1,$CLASS1,0.0-3.0:0.5;3.0-10:1.0;10-99999:2.0,TRUE,TRUE,Comment
SETAUCTIONENABLED,$SA1,$SESSION1,$CLASS1,-8:false;5:false;1:false,TRUE,TRUE,Comment
PAUSE,2000
VERIFYAUCTIONENABLED,$SA1,$SESSION1,$CLASS1,-8:false;5:false;1:false,TRUE,TRUE,Comment
SETAUCTIONTIMETOLIVE,$SA1,$SESSION1,$CLASS1,-8:60000-60000;5:60000-60000;1:60000-60000,TRUE,TRUE,Comment
PAUSE,2000
VERIFYAUCTIONTIMETOLIVE,$SA1,$SESSION1,$CLASS1,-8:60000-60000;5:60000-60000;1:60000-60000,TRUE,TRUE,Comment
SETQCCMINVALUE,$SA1,$SESSION1,$CLASS1,500,TRUE,TRUE,Comment
PAUSE,2000
VERIFYQCCMINVALUE,$SA1,$SESSION1,$CLASS1,500,TRUE,TRUE,Comment

COMMENT, Routing Property Setup

COMMENT, Pre-Test Settings
SETPRODUCTSTATEBYPRODUCT,$SA1,$SESSION1,$CLASS1PRODUCT1,$CLASS1,1,TRUE,TRUE,Comment
SETPRODUCTSTATEBYPRODUCT,$SA1,$SESSION1,$CLASS1PRODUCT1,$CLASS1,2,TRUE,TRUE,Comment
SETPRODUCTSTATEBYPRODUCT,$SA1,$SESSION1,$CLASS1PRODUCT1,$CLASS1,3,TRUE,TRUE,Comment
SETPRODUCTSTATEBYPRODUCT,$SA1,$SESSION1,$CLASS1PRODUCT1,$CLASS1,4,TRUE,TRUE,Comment
SUBSCRIBECURRENTMARKET,$MM1,$SESSION1,$CLASS1,$CLASS1PRODUCT1,TRUE,TRUE,Comment
SUBSCRIBERECAP,$MM1,$SESSION1,$CLASS1PRODUCT1,TRUE,TRUE,Comment
SUBSCRIBECURRENTMARKETV4,$MM1,$CLASS1,$CLASS1PRODUCT1,0,TRUE,TRUE,Comment

COMMENT, Test Case 1:If a QCT trade price occurs better than the TOB;QCT order is traded
CLEARALLCALLBACKS,$MM1
SETPRODUCTSTATEBYPRODUCT,$SA1,$SESSION1,$CLASS1PRODUCT1,$CLASS1,1,TRUE,TRUE,Comment
PRODUCTSTATEQUERY,$SA1,$SESSION1,$CLASS1PRODUCT1,1,TRUE,TRUE,Comment
SETPRODUCTSTATEBYPRODUCT,$SA1,$SESSION1,$CLASS1PRODUCT1,$CLASS1,2,TRUE,TRUE,Comment
PRODUCTSTATEQUERY,$SA1,$SESSION1,$CLASS1PRODUCT1,2,TRUE,TRUE,Comment
SETPRODUCTSTATEBYPRODUCT,$SA1,$SESSION1,$CLASS1PRODUCT1,$CLASS1,3,TRUE,TRUE,Comment
PRODUCTSTATEQUERY,$SA1,$SESSION1,$CLASS1PRODUCT1,3,TRUE,TRUE,Comment
SETPRODUCTSTATEBYPRODUCT,$SA1,$SESSION1,$CLASS1PRODUCT1,$CLASS1,4,TRUE,TRUE,Comment
PRODUCTSTATEQUERY,$SA1,$SESSION1,$CLASS1PRODUCT1,4,TRUE,TRUE,Comment
UPDATEBOTR,$SA1,$SESSION1,$CLASS1,$CLASS1PRODUCT1,B,9.90,NYSE=100,TRUE,TRUE,Comment
UPDATEBOTR,$SA1,$SESSION1,$CLASS1,$CLASS1PRODUCT1,S,10.30,NYSE=100,TRUE,TRUE,Comment
TOPOFBOOKVERIFICATION,$MM1,$SESSION1,$CLASS1PRODUCT1,0,1,0,00,0,1,0,00,TRUE,TRUE,Comment
QUOTE,$MM1,2,10,00,100,2,10,20,100,$CLASS1PRODUCT1,$SESSION1,User Assigned Id..,TRUE,TRUE,Comment
CURRENTMARKETV4BESTMARKETQUERY,$MM1,CBOE2,$CLASS1PRODUCT1,100,2,10,00,100,2,10,20,TRUE,TRUE,Comment
ORDER,$MM1,$MM1EXCHANGE,$MM1EXECFIRM,MDC,3469,ABC,*,$MM1EXCHANGE,$MM1,100,$CLASS1PRODUCT1,B,2,10,05,D,21/12/2003 6:00:00.0,1,1,0,00,0,-,-,-,$MM1,$MM1,C,FALSE,M,U,0,-,-,$SESSION1,TRUE,TRUE,Comment
CURRENTMARKETV4BESTMARKETQUERY,$MM1,CBOE2,$CLASS1PRODUCT1,100,2,10,05,100,2,10,20,TRUE,TRUE,Comment
ORDER,$MM1,$MM1EXCHANGE,$MM1EXECFIRM,CWJ,6014,ABC,*,$MM1EXCHANGE,$MM1,100,$CLASS1PRODUCT1,S,2,10,15,D,21/12/2003 6:00:00.0,1,1,0,00,0,-,-,-,$MM1,$MM1,C,FALSE,F,U,0,-,-,$SESSION1,TRUE,TRUE,Comment
CURRENTMARKETV4BESTMARKETQUERY,$MM1,CBOE2,$CLASS1PRODUCT1,100,2,10,05,100,2,10,15,TRUE,TRUE,Comment
PAUSE,1000
TOPOFBOOKVERIFICATION,$MM1,$SESSION1,$CLASS1PRODUCT1,100,2,10,05,100,2,10,15,TRUE,TRUE,Comment
INTERNALIZEDORDER,$CUST1,2,$CUST1EXCHANGE,$CUST1EXECFIRM,VHV,6780,ABC,*,$CUST1EXCHANGE,$CUST1,500,$CLASS1PRODUCT1,B,2,10,10,D,21/12/2003 6:00:00.0,1,1,0,00,0,-,-,-,$CUST1,$CUST1,C,FALSE,M,U,0,A:AIQ;,-,$SESSION1,$CUST1EXCHANGE,$CUST1EXECFIRM,VHV,67801,ABC,*,$CUST1EXCHANGE,$CUST1,500,$CLASS1PRODUCT1,S,2,10,10,D,21/12/2003 6:00:00.0,1,1,0,00,0,-,-,-,$CUST1,$CUST1,C,FALSE,M,U,0,A:RE;,-,$SESSION1,TRUE,TRUE,Comment
PAUSE,1000
LASTSALEQUERY,$MM1,$SESSION1,$CLASS1PRODUCT1,2,10,10,500,TRUE,TRUE,Comment
ORDERFILLVERIFICATION,$CUST1,$CUST1EXCHANGE,$CUST1EXECFIRM,VHV,6780,ABC,*,0,0,3,500,1,2,10,10,TRUE,TRUE,Comment
ORDERFILLVERIFICATION,$CUST1,$CUST1EXCHANGE,$CUST1EXECFIRM,VHV,67801,ABC,*,0,0,3,500,1,2,10,10,TRUE,TRUE,Comment
CURRENTMARKETV4BESTMARKETQUERY,$MM1,CBOE2,$CLASS1PRODUCT1,100,2,10,05,100,2,10,15,TRUE,TRUE,Comment
TOPOFBOOKVERIFICATION,$MM1,$SESSION1,$CLASS1PRODUCT1,100,2,10,05,100,2,10,15,TRUE,TRUE,Comment
INTERNALIZEDORDER,$CUST1,2,$CUST1EXCHANGE,$CUST1EXECFIRM,IXI,3662,ABC,*,$CUST1EXCHANGE,$CUST1,500,$CLASS1PRODUCT1,B,2,10,15,D,21/12/2003 6:00:00.0,1,1,0,00,0,-,-,-,$CUST1,$CUST1,C,FALSE,M,U,0,A:AIQ;,-,$SESSION1,$CUST1EXCHANGE,$CUST1EXECFIRM,IXI,36621,ABC,*,$CUST1EXCHANGE,$CUST1,500,$CLASS1PRODUCT1,S,2,10,10,D,21/12/2003 6:00:00.0,1,1,0,00,0,-,-,-,$CUST1,$CUST1,C,FALSE,M,U,0,A:RE;,-,$SESSION1,TRUE,TRUE,Comment
PAUSE,1000
LASTSALEQUERY,$MM1,$SESSION1,$CLASS1PRODUCT1,2,10,10,500,TRUE,TRUE,Comment
ORDERFILLVERIFICATION,$CUST1,$CUST1EXCHANGE,$CUST1EXECFIRM,IXI,3662,ABC,*,0,0,3,500,1,2,10,10,TRUE,TRUE,Comment
ORDERFILLVERIFICATION,$CUST1,$CUST1EXCHANGE,$CUST1EXECFIRM,IXI,36621,ABC,*,0,0,3,500,1,2,10,10,TRUE,TRUE,Comment
CURRENTMARKETV4BESTMARKETQUERY,$MM1,CBOE2,$CLASS1PRODUCT1,100,2,10,05,100,2,10,15,TRUE,TRUE,Comment
TOPOFBOOKVERIFICATION,$MM1,$SESSION1,$CLASS1PRODUCT1,100,2,10,05,100,2,10,15,TRUE,TRUE,Comment
INTERNALIZEDORDER,$CUST1,2,$CUST1EXCHANGE,$CUST1EXECFIRM,WLP,3163,ABC,*,$CUST1EXCHANGE,$CUST1,500,$CLASS1PRODUCT1,B,2,10,14,D,21/12/2003 6:00:00.0,1,1,0,00,0,-,-,-,$CUST1,$CUST1,C,FALSE,M,U,0,A:AIQ;,-,$SESSION1,$CUST1EXCHANGE,$CUST1EXECFIRM,WLP,31631,ABC,*,$CUST1EXCHANGE,$CUST1,500,$CLASS1PRODUCT1,S,2,10,12,D,21/12/2003 6:00:00.0,1,1,0,00,0,-,-,-,$CUST1,$CUST1,C,FALSE,M,U,0,A:RE;,-,$SESSION1,TRUE,TRUE,Comment
PAUSE,1000
LASTSALEQUERY,$MM1,$SESSION1,$CLASS1PRODUCT1,2,10,12,500,TRUE,TRUE,Comment
ORDERFILLVERIFICATION,$CUST1,$CUST1EXCHANGE,$CUST1EXECFIRM,WLP,3163,ABC,*,0,0,3,500,1,2,10,12,TRUE,TRUE,Comment
ORDERFILLVERIFICATION,$CUST1,$CUST1EXCHANGE,$CUST1EXECFIRM,WLP,31631,ABC,*,0,0,3,500,1,2,10,12,TRUE,TRUE,Comment
CURRENTMARKETV4BESTMARKETQUERY,$MM1,CBOE2,$CLASS1PRODUCT1,100,2,10,05,100,2,10,15,TRUE,TRUE,Comment
TOPOFBOOKVERIFICATION,$MM1,$SESSION1,$CLASS1PRODUCT1,100,2,10,05,100,2,10,15,TRUE,TRUE,Comment
ORDERCANCELBYIDNOWAIT,$MM1,$MM1EXCHANGE,$MM1EXECFIRM,MDC,3469,ABC,*,100,$SESSION1,1,TRUE,TRUE,Comment
ORDERCANCELVERIFICATION,$MM1,$MM1EXCHANGE,$MM1EXECFIRM,MDC,3469,ABC,*,$SESSION1,$CLASS1PRODUCT1,2,100,TRUE,TRUE,Comment
ORDERCANCELBYIDNOWAIT,$MM1,$MM1EXCHANGE,$MM1EXECFIRM,CWJ,6014,ABC,*,100,$SESSION1,1,TRUE,TRUE,Comment
ORDERCANCELVERIFICATION,$MM1,$MM1EXCHANGE,$MM1EXECFIRM,CWJ,6014,ABC,*,$SESSION1,$CLASS1PRODUCT1,2,100,TRUE,TRUE,Comment
QUOTECANCEL,$MM1,$SESSION1,$CLASS1PRODUCT1,2,TRUE,TRUE,Comment
QUOTECANCELVERIFICATION,$MM1,$SESSION1,$CLASS1PRODUCT1,2,TRUE,TRUE,Comment

COMMENT, Test Case 2:If a QCT trade price occurs equal TOB for PO and MO on Bid side;QCT order is canceled
CLEARALLCALLBACKS,$MM1
SETPRODUCTSTATEBYPRODUCT,$SA1,$SESSION1,$CLASS1PRODUCT1,$CLASS1,1,TRUE,TRUE,Comment
PRODUCTSTATEQUERY,$SA1,$SESSION1,$CLASS1PRODUCT1,1,TRUE,TRUE,Comment
SETPRODUCTSTATEBYPRODUCT,$SA1,$SESSION1,$CLASS1PRODUCT1,$CLASS1,2,TRUE,TRUE,Comment
PRODUCTSTATEQUERY,$SA1,$SESSION1,$CLASS1PRODUCT1,2,TRUE,TRUE,Comment
SETPRODUCTSTATEBYPRODUCT,$SA1,$SESSION1,$CLASS1PRODUCT1,$CLASS1,3,TRUE,TRUE,Comment
PRODUCTSTATEQUERY,$SA1,$SESSION1,$CLASS1PRODUCT1,3,TRUE,TRUE,Comment
SETPRODUCTSTATEBYPRODUCT,$SA1,$SESSION1,$CLASS1PRODUCT1,$CLASS1,4,TRUE,TRUE,Comment
PRODUCTSTATEQUERY,$SA1,$SESSION1,$CLASS1PRODUCT1,4,TRUE,TRUE,Comment
UPDATEBOTR,$SA1,$SESSION1,$CLASS1,$CLASS1PRODUCT1,B,9.90,NYSE=100,TRUE,TRUE,Comment
UPDATEBOTR,$SA1,$SESSION1,$CLASS1,$CLASS1PRODUCT1,S,10.30,NYSE=100,TRUE,TRUE,Comment
TOPOFBOOKVERIFICATION,$MM1,$SESSION1,$CLASS1PRODUCT1,0,1,0,00,0,1,0,00,TRUE,TRUE,Comment
QUOTE,$MM1,2,10,00,100,2,10,20,100,$CLASS1PRODUCT1,$SESSION1,User Assigned Id..,TRUE,TRUE,Comment
CURRENTMARKETV4BESTMARKETQUERY,$MM1,CBOE2,$CLASS1PRODUCT1,100,2,10,00,100,2,10,20,TRUE,TRUE,Comment
ORDER,$MM1,$MM1EXCHANGE,$MM1EXECFIRM,SCE,3889,ABC,*,$MM1EXCHANGE,$MM1,100,$CLASS1PRODUCT1,B,2,10,05,D,21/12/2003 6:00:00.0,1,1,0,00,0,-,-,-,$MM1,$MM1,C,FALSE,C,U,0,-,-,$SESSION1,TRUE,TRUE,Comment
CURRENTMARKETV4BESTMARKETQUERY,$MM1,CBOE2,$CLASS1PRODUCT1,100,2,10,05,100,2,10,20,TRUE,TRUE,Comment
ORDER,$MM1,$MM1EXCHANGE,$MM1EXECFIRM,SCK,8603,ABC,*,$MM1EXCHANGE,$MM1,100,$CLASS1PRODUCT1,S,2,10,15,D,21/12/2003 6:00:00.0,1,1,0,00,0,-,-,-,$MM1,$MM1,C,FALSE,C,U,0,-,-,$SESSION1,TRUE,TRUE,Comment
CURRENTMARKETV4BESTMARKETQUERY,$MM1,CBOE2,$CLASS1PRODUCT1,100,2,10,05,100,2,10,15,TRUE,TRUE,Comment
PAUSE,1000
TOPOFBOOKVERIFICATION,$MM1,$SESSION1,$CLASS1PRODUCT1,100,2,10,05,100,2,10,15,TRUE,TRUE,Comment
INTERNALIZEDORDER,$CUST1,2,$CUST1EXCHANGE,$CUST1EXECFIRM,UPG,8715,ABC,*,$CUST1EXCHANGE,$CUST1,500,$CLASS1PRODUCT1,B,2,10,05,D,21/12/2003 6:00:00.0,1,1,0,00,0,-,-,-,$CUST1,$CUST1,C,FALSE,M,U,0,A:AIQ;,-,$SESSION1,$CUST1EXCHANGE,$CUST1EXECFIRM,UPG,87151,ABC,*,$CUST1EXCHANGE,$CUST1,500,$CLASS1PRODUCT1,S,2,10,05,D,21/12/2003 6:00:00.0,1,1,0,00,0,-,-,-,$CUST1,$CUST1,C,FALSE,M,U,0,A:RE;,-,$SESSION1,TRUE,TRUE,Comment
PAUSE,1000
LASTSALEQUERY,$MM1,$SESSION1,$CLASS1PRODUCT1,2,10,05,500,FALSE,TRUE,Comment
ORDERCANCELVERIFICATION,$CUST1,$CUST1EXCHANGE,$CUST1EXECFIRM,UPG,8715,ABC,*,$SESSION1,$CLASS1PRODUCT1,3,500,TRUE,TRUE,Comment
ORDERCANCELVERIFICATION,$CUST1,$CUST1EXCHANGE,$CUST1EXECFIRM,UPG,87151,ABC,*,$SESSION1,$CLASS1PRODUCT1,3,500,TRUE,TRUE,Comment
CURRENTMARKETV4BESTMARKETQUERY,$MM1,CBOE2,$CLASS1PRODUCT1,100,2,10,05,100,2,10,15,TRUE,TRUE,Comment
TOPOFBOOKVERIFICATION,$MM1,$SESSION1,$CLASS1PRODUCT1,100,2,10,05,100,2,10,15,TRUE,TRUE,Comment
ORDERCANCELBYIDNOWAIT,$MM1,$MM1EXCHANGE,$MM1EXECFIRM,SCE,3889,ABC,*,100,$SESSION1,1,TRUE,TRUE,Comment
ORDERCANCELVERIFICATION,$MM1,$MM1EXCHANGE,$MM1EXECFIRM,SCE,3889,ABC,*,$SESSION1,$CLASS1PRODUCT1,2,100,TRUE,TRUE,Comment
ORDERCANCELBYIDNOWAIT,$MM1,$MM1EXCHANGE,$MM1EXECFIRM,SCK,8603,ABC,*,100,$SESSION1,1,TRUE,TRUE,Comment
ORDERCANCELVERIFICATION,$MM1,$MM1EXCHANGE,$MM1EXECFIRM,SCK,8603,ABC,*,$SESSION1,$CLASS1PRODUCT1,2,100,TRUE,TRUE,Comment
QUOTECANCEL,$MM1,$SESSION1,$CLASS1PRODUCT1,2,TRUE,TRUE,Comment
QUOTECANCELVERIFICATION,$MM1,$SESSION1,$CLASS1PRODUCT1,2,TRUE,TRUE,Comment

COMMENT, Test Case 3:If a QCT trade price occurs equal TOB for PO and MO on Ask side;QCT order is canceled
CLEARALLCALLBACKS,$MM1
SETPRODUCTSTATEBYPRODUCT,$SA1,$SESSION1,$CLASS1PRODUCT1,$CLASS1,1,TRUE,TRUE,Comment
PRODUCTSTATEQUERY,$SA1,$SESSION1,$CLASS1PRODUCT1,1,TRUE,TRUE,Comment
SETPRODUCTSTATEBYPRODUCT,$SA1,$SESSION1,$CLASS1PRODUCT1,$CLASS1,2,TRUE,TRUE,Comment
PRODUCTSTATEQUERY,$SA1,$SESSION1,$CLASS1PRODUCT1,2,TRUE,TRUE,Comment
SETPRODUCTSTATEBYPRODUCT,$SA1,$SESSION1,$CLASS1PRODUCT1,$CLASS1,3,TRUE,TRUE,Comment
PRODUCTSTATEQUERY,$SA1,$SESSION1,$CLASS1PRODUCT1,3,TRUE,TRUE,Comment
SETPRODUCTSTATEBYPRODUCT,$SA1,$SESSION1,$CLASS1PRODUCT1,$CLASS1,4,TRUE,TRUE,Comment
PRODUCTSTATEQUERY,$SA1,$SESSION1,$CLASS1PRODUCT1,4,TRUE,TRUE,Comment
UPDATEBOTR,$SA1,$SESSION1,$CLASS1,$CLASS1PRODUCT1,B,9.90,NYSE=100,TRUE,TRUE,Comment
UPDATEBOTR,$SA1,$SESSION1,$CLASS1,$CLASS1PRODUCT1,S,10.30,NYSE=100,TRUE,TRUE,Comment
TOPOFBOOKVERIFICATION,$MM1,$SESSION1,$CLASS1PRODUCT1,0,1,0,00,0,1,0,00,TRUE,TRUE,Comment
QUOTE,$MM1,2,10,00,100,2,10,20,100,$CLASS1PRODUCT1,$SESSION1,User Assigned Id..,TRUE,TRUE,Comment
CURRENTMARKETV4BESTMARKETQUERY,$MM1,CBOE2,$CLASS1PRODUCT1,100,2,10,00,100,2,10,20,TRUE,TRUE,Comment
ORDER,$MM1,$MM1EXCHANGE,$MM1EXECFIRM,KUC,85,ABC,*,$MM1EXCHANGE,$MM1,100,$CLASS1PRODUCT1,B,2,10,05,D,21/12/2003 6:00:00.0,1,1,0,00,0,-,-,-,$MM1,$MM1,C,FALSE,C,U,0,-,-,$SESSION1,TRUE,TRUE,Comment
CURRENTMARKETV4BESTMARKETQUERY,$MM1,CBOE2,$CLASS1PRODUCT1,100,2,10,05,100,2,10,20,TRUE,TRUE,Comment
ORDER,$MM1,$MM1EXCHANGE,$MM1EXECFIRM,KHY,40,ABC,*,$MM1EXCHANGE,$MM1,100,$CLASS1PRODUCT1,S,2,10,15,D,21/12/2003 6:00:00.0,1,1,0,00,0,-,-,-,$MM1,$MM1,C,FALSE,C,U,0,-,-,$SESSION1,TRUE,TRUE,Comment
CURRENTMARKETV4BESTMARKETQUERY,$MM1,CBOE2,$CLASS1PRODUCT1,100,2,10,05,100,2,10,15,TRUE,TRUE,Comment
PAUSE,1000
TOPOFBOOKVERIFICATION,$MM1,$SESSION1,$CLASS1PRODUCT1,100,2,10,05,100,2,10,15,TRUE,TRUE,Comment
INTERNALIZEDORDER,$CUST1,2,$CUST1EXCHANGE,$CUST1EXECFIRM,SHS,2367,ABC,*,$CUST1EXCHANGE,$CUST1,500,$CLASS1PRODUCT1,B,2,10,15,D,21/12/2003 6:00:00.0,1,1,0,00,0,-,-,-,$CUST1,$CUST1,C,FALSE,M,U,0,A:AIQ;,-,$SESSION1,$CUST1EXCHANGE,$CUST1EXECFIRM,SHS,23671,ABC,*,$CUST1EXCHANGE,$CUST1,500,$CLASS1PRODUCT1,S,2,10,15,D,21/12/2003 6:00:00.0,1,1,0,00,0,-,-,-,$CUST1,$CUST1,C,FALSE,M,U,0,A:RE;,-,$SESSION1,TRUE,TRUE,Comment
ORDERCANCELVERIFICATION,$CUST1,$CUST1EXCHANGE,$CUST1EXECFIRM,SHS,2367,ABC,*,$SESSION1,$CLASS1PRODUCT1,3,500,TRUE,TRUE,Comment
ORDERCANCELVERIFICATION,$CUST1,$CUST1EXCHANGE,$CUST1EXECFIRM,SHS,23671,ABC,*,$SESSION1,$CLASS1PRODUCT1,3,500,TRUE,TRUE,Comment
CURRENTMARKETV4BESTMARKETQUERY,$MM1,CBOE2,$CLASS1PRODUCT1,100,2,10,05,100,2,10,15,TRUE,TRUE,Comment
TOPOFBOOKVERIFICATION,$MM1,$SESSION1,$CLASS1PRODUCT1,100,2,10,05,100,2,10,15,TRUE,TRUE,Comment
ORDERCANCELBYIDNOWAIT,$MM1,$MM1EXCHANGE,$MM1EXECFIRM,KUC,85,ABC,*,100,$SESSION1,1,TRUE,TRUE,Comment
ORDERCANCELVERIFICATION,$MM1,$MM1EXCHANGE,$MM1EXECFIRM,KUC,85,ABC,*,$SESSION1,$CLASS1PRODUCT1,2,100,TRUE,TRUE,Comment
ORDERCANCELBYIDNOWAIT,$MM1,$MM1EXCHANGE,$MM1EXECFIRM,KHY,40,ABC,*,100,$SESSION1,1,TRUE,TRUE,Comment
ORDERCANCELVERIFICATION,$MM1,$MM1EXCHANGE,$MM1EXECFIRM,KHY,40,ABC,*,$SESSION1,$CLASS1PRODUCT1,2,100,TRUE,TRUE,Comment
QUOTECANCEL,$MM1,$SESSION1,$CLASS1PRODUCT1,2,TRUE,TRUE,Comment
QUOTECANCELVERIFICATION,$MM1,$SESSION1,$CLASS1PRODUCT1,2,TRUE,TRUE,Comment

COMMENT, Test Case 4:If a QCT trade price occurs equal TOB for PO on Ask side and MO on Bid side;QCT order is canceled
CLEARALLCALLBACKS,$MM1
SETPRODUCTSTATEBYPRODUCT,$SA1,$SESSION1,$CLASS1PRODUCT1,$CLASS1,1,TRUE,TRUE,Comment
PRODUCTSTATEQUERY,$SA1,$SESSION1,$CLASS1PRODUCT1,1,TRUE,TRUE,Comment
SETPRODUCTSTATEBYPRODUCT,$SA1,$SESSION1,$CLASS1PRODUCT1,$CLASS1,2,TRUE,TRUE,Comment
PRODUCTSTATEQUERY,$SA1,$SESSION1,$CLASS1PRODUCT1,2,TRUE,TRUE,Comment
SETPRODUCTSTATEBYPRODUCT,$SA1,$SESSION1,$CLASS1PRODUCT1,$CLASS1,3,TRUE,TRUE,Comment
PRODUCTSTATEQUERY,$SA1,$SESSION1,$CLASS1PRODUCT1,3,TRUE,TRUE,Comment
SETPRODUCTSTATEBYPRODUCT,$SA1,$SESSION1,$CLASS1PRODUCT1,$CLASS1,4,TRUE,TRUE,Comment
PRODUCTSTATEQUERY,$SA1,$SESSION1,$CLASS1PRODUCT1,4,TRUE,TRUE,Comment
UPDATEBOTR,$SA1,$SESSION1,$CLASS1,$CLASS1PRODUCT1,B,9.90,NYSE=100,TRUE,TRUE,Comment
UPDATEBOTR,$SA1,$SESSION1,$CLASS1,$CLASS1PRODUCT1,S,10.30,NYSE=100,TRUE,TRUE,Comment
TOPOFBOOKVERIFICATION,$MM1,$SESSION1,$CLASS1PRODUCT1,0,1,0,00,0,1,0,00,TRUE,TRUE,Comment
QUOTE,$MM1,2,10,00,100,2,10,20,100,$CLASS1PRODUCT1,$SESSION1,User Assigned Id..,TRUE,TRUE,Comment
CURRENTMARKETV4BESTMARKETQUERY,$MM1,CBOE2,$CLASS1PRODUCT1,100,2,10,00,100,2,10,20,TRUE,TRUE,Comment
ORDER,$MM1,$MM1EXCHANGE,$MM1EXECFIRM,SDM,1870,ABC,*,$MM1EXCHANGE,$MM1,100,$CLASS1PRODUCT1,B,2,10,05,D,21/12/2003 6:00:00.0,1,1,0,00,0,-,-,-,$MM1,$MM1,C,FALSE,C,U,0,-,-,$SESSION1,TRUE,TRUE,Comment
CURRENTMARKETV4BESTMARKETQUERY,$MM1,CBOE2,$CLASS1PRODUCT1,100,2,10,05,100,2,10,20,TRUE,TRUE,Comment
ORDER,$MM1,$MM1EXCHANGE,$MM1EXECFIRM,QPO,7938,ABC,*,$MM1EXCHANGE,$MM1,100,$CLASS1PRODUCT1,S,2,10,15,D,21/12/2003 6:00:00.0,1,1,0,00,0,-,-,-,$MM1,$MM1,C,FALSE,C,U,0,-,-,$SESSION1,TRUE,TRUE,Comment
CURRENTMARKETV4BESTMARKETQUERY,$MM1,CBOE2,$CLASS1PRODUCT1,100,2,10,05,100,2,10,15,TRUE,TRUE,Comment
PAUSE,1000
TOPOFBOOKVERIFICATION,$MM1,$SESSION1,$CLASS1PRODUCT1,100,2,10,05,100,2,10,15,TRUE,TRUE,Comment
INTERNALIZEDORDER,$CUST1,2,$CUST1EXCHANGE,$CUST1EXECFIRM,ESP,6399,ABC,*,$CUST1EXCHANGE,$CUST1,500,$CLASS1PRODUCT1,B,2,10,15,D,21/12/2003 6:00:00.0,1,1,0,00,0,-,-,-,$CUST1,$CUST1,C,FALSE,M,U,0,A:AIQ;,-,$SESSION1,$CUST1EXCHANGE,$CUST1EXECFIRM,ESP,63991,ABC,*,$CUST1EXCHANGE,$CUST1,500,$CLASS1PRODUCT1,S,2,10,05,D,21/12/2003 6:00:00.0,1,1,0,00,0,-,-,-,$CUST1,$CUST1,C,FALSE,M,U,0,A:RE;,-,$SESSION1,TRUE,TRUE,Comment
ORDERCANCELVERIFICATION,$CUST1,$CUST1EXCHANGE,$CUST1EXECFIRM,ESP,6399,ABC,*,$SESSION1,$CLASS1PRODUCT1,3,500,TRUE,TRUE,Comment
ORDERCANCELVERIFICATION,$CUST1,$CUST1EXCHANGE,$CUST1EXECFIRM,ESP,63991,ABC,*,$SESSION1,$CLASS1PRODUCT1,3,500,TRUE,TRUE,Comment
CURRENTMARKETV4BESTMARKETQUERY,$MM1,CBOE2,$CLASS1PRODUCT1,100,2,10,05,100,2,10,15,TRUE,TRUE,Comment
TOPOFBOOKVERIFICATION,$MM1,$SESSION1,$CLASS1PRODUCT1,100,2,10,05,100,2,10,15,TRUE,TRUE,Comment
ORDERCANCELBYIDNOWAIT,$MM1,$MM1EXCHANGE,$MM1EXECFIRM,SDM,1870,ABC,*,100,$SESSION1,1,TRUE,TRUE,Comment
ORDERCANCELVERIFICATION,$MM1,$MM1EXCHANGE,$MM1EXECFIRM,SDM,1870,ABC,*,$SESSION1,$CLASS1PRODUCT1,2,100,TRUE,TRUE,Comment
ORDERCANCELBYIDNOWAIT,$MM1,$MM1EXCHANGE,$MM1EXECFIRM,QPO,7938,ABC,*,100,$SESSION1,1,TRUE,TRUE,Comment
ORDERCANCELVERIFICATION,$MM1,$MM1EXCHANGE,$MM1EXECFIRM,QPO,7938,ABC,*,$SESSION1,$CLASS1PRODUCT1,2,100,TRUE,TRUE,Comment
QUOTECANCEL,$MM1,$SESSION1,$CLASS1PRODUCT1,2,TRUE,TRUE,Comment
QUOTECANCELVERIFICATION,$MM1,$SESSION1,$CLASS1PRODUCT1,2,TRUE,TRUE,Comment

COMMENT, Test Case 5:If a QCT trade price occurs equal TOB only for MO on Ask side and PO is better than the TOB;QCT order is rejected
CLEARALLCALLBACKS,$MM1
SETPRODUCTSTATEBYPRODUCT,$SA1,$SESSION1,$CLASS1PRODUCT1,$CLASS1,1,TRUE,TRUE,Comment
PRODUCTSTATEQUERY,$SA1,$SESSION1,$CLASS1PRODUCT1,1,TRUE,TRUE,Comment
SETPRODUCTSTATEBYPRODUCT,$SA1,$SESSION1,$CLASS1PRODUCT1,$CLASS1,2,TRUE,TRUE,Comment
PRODUCTSTATEQUERY,$SA1,$SESSION1,$CLASS1PRODUCT1,2,TRUE,TRUE,Comment
SETPRODUCTSTATEBYPRODUCT,$SA1,$SESSION1,$CLASS1PRODUCT1,$CLASS1,3,TRUE,TRUE,Comment
PRODUCTSTATEQUERY,$SA1,$SESSION1,$CLASS1PRODUCT1,3,TRUE,TRUE,Comment
SETPRODUCTSTATEBYPRODUCT,$SA1,$SESSION1,$CLASS1PRODUCT1,$CLASS1,4,TRUE,TRUE,Comment
PRODUCTSTATEQUERY,$SA1,$SESSION1,$CLASS1PRODUCT1,4,TRUE,TRUE,Comment
UPDATEBOTR,$SA1,$SESSION1,$CLASS1,$CLASS1PRODUCT1,B,9.90,NYSE=100,TRUE,TRUE,Comment
UPDATEBOTR,$SA1,$SESSION1,$CLASS1,$CLASS1PRODUCT1,S,10.30,NYSE=100,TRUE,TRUE,Comment
TOPOFBOOKVERIFICATION,$MM1,$SESSION1,$CLASS1PRODUCT1,0,1,0,00,0,1,0,00,TRUE,TRUE,Comment
QUOTE,$MM1,2,10,00,100,2,10,20,100,$CLASS1PRODUCT1,$SESSION1,User Assigned Id..,TRUE,TRUE,Comment
CURRENTMARKETV4BESTMARKETQUERY,$MM1,CBOE2,$CLASS1PRODUCT1,100,2,10,00,100,2,10,20,TRUE,TRUE,Comment
ORDER,$MM1,$MM1EXCHANGE,$MM1EXECFIRM,SIY,9222,ABC,*,$MM1EXCHANGE,$MM1,100,$CLASS1PRODUCT1,B,2,10,05,D,21/12/2003 6:00:00.0,1,1,0,00,0,-,-,-,$MM1,$MM1,C,FALSE,C,U,0,-,-,$SESSION1,TRUE,TRUE,Comment
CURRENTMARKETV4BESTMARKETQUERY,$MM1,CBOE2,$CLASS1PRODUCT1,100,2,10,05,100,2,10,20,TRUE,TRUE,Comment
ORDER,$MM1,$MM1EXCHANGE,$MM1EXECFIRM,QMH,3749,ABC,*,$MM1EXCHANGE,$MM1,100,$CLASS1PRODUCT1,S,2,10,15,D,21/12/2003 6:00:00.0,1,1,0,00,0,-,-,-,$MM1,$MM1,C,FALSE,C,U,0,-,-,$SESSION1,TRUE,TRUE,Comment
CURRENTMARKETV4BESTMARKETQUERY,$MM1,CBOE2,$CLASS1PRODUCT1,100,2,10,05,100,2,10,15,TRUE,TRUE,Comment
PAUSE,1000
TOPOFBOOKVERIFICATION,$MM1,$SESSION1,$CLASS1PRODUCT1,100,2,10,05,100,2,10,15,TRUE,TRUE,Comment
INTERNALIZEDORDER,$CUST1,2,$CUST1EXCHANGE,$CUST1EXECFIRM,HOO,1003,ABC,*,$CUST1EXCHANGE,$CUST1,500,$CLASS1PRODUCT1,B,2,10,10,D,21/12/2003 6:00:00.0,1,1,0,00,0,-,-,-,$CUST1,$CUST1,C,FALSE,M,U,0,A:AIQ;,-,$SESSION1,$CUST1EXCHANGE,$CUST1EXECFIRM,HOO,10031,ABC,*,$CUST1EXCHANGE,$CUST1,500,$CLASS1PRODUCT1,S,2,10,15,D,21/12/2003 6:00:00.0,1,1,0,00,0,-,-,-,$CUST1,$CUST1,C,FALSE,M,U,0,A:RE;,-,$SESSION1,FALSE,TRUE,Comment
CURRENTMARKETV4BESTMARKETQUERY,$MM1,CBOE2,$CLASS1PRODUCT1,100,2,10,05,100,2,10,15,TRUE,TRUE,Comment
TOPOFBOOKVERIFICATION,$MM1,$SESSION1,$CLASS1PRODUCT1,100,2,10,05,100,2,10,15,TRUE,TRUE,Comment
ORDERCANCELBYIDNOWAIT,$MM1,$MM1EXCHANGE,$MM1EXECFIRM,SIY,9222,ABC,*,100,$SESSION1,1,TRUE,TRUE,Comment
ORDERCANCELVERIFICATION,$MM1,$MM1EXCHANGE,$MM1EXECFIRM,SIY,9222,ABC,*,$SESSION1,$CLASS1PRODUCT1,2,100,TRUE,TRUE,Comment
ORDERCANCELBYIDNOWAIT,$MM1,$MM1EXCHANGE,$MM1EXECFIRM,QMH,3749,ABC,*,100,$SESSION1,1,TRUE,TRUE,Comment
ORDERCANCELVERIFICATION,$MM1,$MM1EXCHANGE,$MM1EXECFIRM,QMH,3749,ABC,*,$SESSION1,$CLASS1PRODUCT1,2,100,TRUE,TRUE,Comment
QUOTECANCEL,$MM1,$SESSION1,$CLASS1PRODUCT1,2,TRUE,TRUE,Comment
QUOTECANCELVERIFICATION,$MM1,$SESSION1,$CLASS1PRODUCT1,2,TRUE,TRUE,Comment

COMMENT, Test Case 6:If a QCT trade price occurs equal TOB for MO on Ask side and for PO on Bid side;QCT order is rejected
CLEARALLCALLBACKS,$MM1
SETPRODUCTSTATEBYPRODUCT,$SA1,$SESSION1,$CLASS1PRODUCT1,$CLASS1,1,TRUE,TRUE,Comment
PRODUCTSTATEQUERY,$SA1,$SESSION1,$CLASS1PRODUCT1,1,TRUE,TRUE,Comment
SETPRODUCTSTATEBYPRODUCT,$SA1,$SESSION1,$CLASS1PRODUCT1,$CLASS1,2,TRUE,TRUE,Comment
PRODUCTSTATEQUERY,$SA1,$SESSION1,$CLASS1PRODUCT1,2,TRUE,TRUE,Comment
SETPRODUCTSTATEBYPRODUCT,$SA1,$SESSION1,$CLASS1PRODUCT1,$CLASS1,3,TRUE,TRUE,Comment
PRODUCTSTATEQUERY,$SA1,$SESSION1,$CLASS1PRODUCT1,3,TRUE,TRUE,Comment
SETPRODUCTSTATEBYPRODUCT,$SA1,$SESSION1,$CLASS1PRODUCT1,$CLASS1,4,TRUE,TRUE,Comment
PRODUCTSTATEQUERY,$SA1,$SESSION1,$CLASS1PRODUCT1,4,TRUE,TRUE,Comment
UPDATEBOTR,$SA1,$SESSION1,$CLASS1,$CLASS1PRODUCT1,B,9.90,NYSE=100,TRUE,TRUE,Comment
UPDATEBOTR,$SA1,$SESSION1,$CLASS1,$CLASS1PRODUCT1,S,10.30,NYSE=100,TRUE,TRUE,Comment
TOPOFBOOKVERIFICATION,$MM1,$SESSION1,$CLASS1PRODUCT1,0,1,0,00,0,1,0,00,TRUE,TRUE,Comment
QUOTE,$MM1,2,10,00,100,2,10,20,100,$CLASS1PRODUCT1,$SESSION1,User Assigned Id..,TRUE,TRUE,Comment
CURRENTMARKETV4BESTMARKETQUERY,$MM1,CBOE2,$CLASS1PRODUCT1,100,2,10,00,100,2,10,20,TRUE,TRUE,Comment
ORDER,$MM1,$MM1EXCHANGE,$MM1EXECFIRM,TLQ,2589,ABC,*,$MM1EXCHANGE,$MM1,100,$CLASS1PRODUCT1,B,2,10,05,D,21/12/2003 6:00:00.0,1,1,0,00,0,-,-,-,$MM1,$MM1,C,FALSE,C,U,0,-,-,$SESSION1,TRUE,TRUE,Comment
CURRENTMARKETV4BESTMARKETQUERY,$MM1,CBOE2,$CLASS1PRODUCT1,100,2,10,05,100,2,10,20,TRUE,TRUE,Comment
ORDER,$MM1,$MM1EXCHANGE,$MM1EXECFIRM,KAU,9381,ABC,*,$MM1EXCHANGE,$MM1,100,$CLASS1PRODUCT1,S,2,10,15,D,21/12/2003 6:00:00.0,1,1,0,00,0,-,-,-,$MM1,$MM1,C,FALSE,C,U,0,-,-,$SESSION1,TRUE,TRUE,Comment
CURRENTMARKETV4BESTMARKETQUERY,$MM1,CBOE2,$CLASS1PRODUCT1,100,2,10,05,100,2,10,15,TRUE,TRUE,Comment
PAUSE,1000
TOPOFBOOKVERIFICATION,$MM1,$SESSION1,$CLASS1PRODUCT1,100,2,10,05,100,2,10,15,TRUE,TRUE,Comment
INTERNALIZEDORDER,$CUST1,2,$CUST1EXCHANGE,$CUST1EXECFIRM,PCK,7324,ABC,*,$CUST1EXCHANGE,$CUST1,500,$CLASS1PRODUCT1,B,2,10,05,D,21/12/2003 6:00:00.0,1,1,0,00,0,-,-,-,$CUST1,$CUST1,C,FALSE,M,U,0,A:AIQ;,-,$SESSION1,$CUST1EXCHANGE,$CUST1EXECFIRM,PCK,73241,ABC,*,$CUST1EXCHANGE,$CUST1,500,$CLASS1PRODUCT1,S,2,10,15,D,21/12/2003 6:00:00.0,1,1,0,00,0,-,-,-,$CUST1,$CUST1,C,FALSE,M,U,0,A:RE;,-,$SESSION1,FALSE,TRUE,Comment
CURRENTMARKETV4BESTMARKETQUERY,$MM1,CBOE2,$CLASS1PRODUCT1,100,2,10,05,100,2,10,15,TRUE,TRUE,Comment
TOPOFBOOKVERIFICATION,$MM1,$SESSION1,$CLASS1PRODUCT1,100,2,10,05,100,2,10,15,TRUE,TRUE,Comment
ORDERCANCELBYIDNOWAIT,$MM1,$MM1EXCHANGE,$MM1EXECFIRM,TLQ,2589,ABC,*,100,$SESSION1,1,TRUE,TRUE,Comment
ORDERCANCELVERIFICATION,$MM1,$MM1EXCHANGE,$MM1EXECFIRM,TLQ,2589,ABC,*,$SESSION1,$CLASS1PRODUCT1,2,100,TRUE,TRUE,Comment
ORDERCANCELBYIDNOWAIT,$MM1,$MM1EXCHANGE,$MM1EXECFIRM,KAU,9381,ABC,*,100,$SESSION1,1,TRUE,TRUE,Comment
ORDERCANCELVERIFICATION,$MM1,$MM1EXCHANGE,$MM1EXECFIRM,KAU,9381,ABC,*,$SESSION1,$CLASS1PRODUCT1,2,100,TRUE,TRUE,Comment
QUOTECANCEL,$MM1,$SESSION1,$CLASS1PRODUCT1,2,TRUE,TRUE,Comment
QUOTECANCELVERIFICATION,$MM1,$SESSION1,$CLASS1PRODUCT1,2,TRUE,TRUE,Comment

COMMENT, Test Case 7:If a QCT trade price occurs equal TOB only for PO on Bid side and MO is better than the TOB;QCT order is rejected
CLEARALLCALLBACKS,$MM1
SETPRODUCTSTATEBYPRODUCT,$SA1,$SESSION1,$CLASS1PRODUCT1,$CLASS1,1,TRUE,TRUE,Comment
PRODUCTSTATEQUERY,$SA1,$SESSION1,$CLASS1PRODUCT1,1,TRUE,TRUE,Comment
SETPRODUCTSTATEBYPRODUCT,$SA1,$SESSION1,$CLASS1PRODUCT1,$CLASS1,2,TRUE,TRUE,Comment
PRODUCTSTATEQUERY,$SA1,$SESSION1,$CLASS1PRODUCT1,2,TRUE,TRUE,Comment
SETPRODUCTSTATEBYPRODUCT,$SA1,$SESSION1,$CLASS1PRODUCT1,$CLASS1,3,TRUE,TRUE,Comment
PRODUCTSTATEQUERY,$SA1,$SESSION1,$CLASS1PRODUCT1,3,TRUE,TRUE,Comment
SETPRODUCTSTATEBYPRODUCT,$SA1,$SESSION1,$CLASS1PRODUCT1,$CLASS1,4,TRUE,TRUE,Comment
PRODUCTSTATEQUERY,$SA1,$SESSION1,$CLASS1PRODUCT1,4,TRUE,TRUE,Comment
UPDATEBOTR,$SA1,$SESSION1,$CLASS1,$CLASS1PRODUCT1,B,9.90,NYSE=100,TRUE,TRUE,Comment
UPDATEBOTR,$SA1,$SESSION1,$CLASS1,$CLASS1PRODUCT1,S,10.30,NYSE=100,TRUE,TRUE,Comment
TOPOFBOOKVERIFICATION,$MM1,$SESSION1,$CLASS1PRODUCT1,0,1,0,00,0,1,0,00,TRUE,TRUE,Comment
QUOTE,$MM1,2,10,00,100,2,10,20,100,$CLASS1PRODUCT1,$SESSION1,User Assigned Id..,TRUE,TRUE,Comment
CURRENTMARKETV4BESTMARKETQUERY,$MM1,CBOE2,$CLASS1PRODUCT1,100,2,10,00,100,2,10,20,TRUE,TRUE,Comment
ORDER,$MM1,$MM1EXCHANGE,$MM1EXECFIRM,IMQ,8699,ABC,*,$MM1EXCHANGE,$MM1,100,$CLASS1PRODUCT1,B,2,10,05,D,21/12/2003 6:00:00.0,1,1,0,00,0,-,-,-,$MM1,$MM1,C,FALSE,C,U,0,-,-,$SESSION1,TRUE,TRUE,Comment
CURRENTMARKETV4BESTMARKETQUERY,$MM1,CBOE2,$CLASS1PRODUCT1,100,2,10,05,100,2,10,20,TRUE,TRUE,Comment
ORDER,$MM1,$MM1EXCHANGE,$MM1EXECFIRM,EHX,3754,ABC,*,$MM1EXCHANGE,$MM1,100,$CLASS1PRODUCT1,S,2,10,15,D,21/12/2003 6:00:00.0,1,1,0,00,0,-,-,-,$MM1,$MM1,C,FALSE,C,U,0,-,-,$SESSION1,TRUE,TRUE,Comment
CURRENTMARKETV4BESTMARKETQUERY,$MM1,CBOE2,$CLASS1PRODUCT1,100,2,10,05,100,2,10,15,TRUE,TRUE,Comment
PAUSE,1000
TOPOFBOOKVERIFICATION,$MM1,$SESSION1,$CLASS1PRODUCT1,100,2,10,05,100,2,10,15,TRUE,TRUE,Comment
INTERNALIZEDORDER,$CUST1,2,$CUST1EXCHANGE,$CUST1EXECFIRM,ICW,3735,ABC,*,$CUST1EXCHANGE,$CUST1,500,$CLASS1PRODUCT1,B,2,10,05,D,21/12/2003 6:00:00.0,1,1,0,00,0,-,-,-,$CUST1,$CUST1,C,FALSE,M,U,0,A:AIQ;,-,$SESSION1,$CUST1EXCHANGE,$CUST1EXECFIRM,ICW,37351,ABC,*,$CUST1EXCHANGE,$CUST1,500,$CLASS1PRODUCT1,S,2,10,10,D,21/12/2003 6:00:00.0,1,1,0,00,0,-,-,-,$CUST1,$CUST1,C,FALSE,M,U,0,A:RE;,-,$SESSION1,FALSE,TRUE,Comment
CURRENTMARKETV4BESTMARKETQUERY,$MM1,CBOE2,$CLASS1PRODUCT1,100,2,10,05,100,2,10,15,TRUE,TRUE,Comment
TOPOFBOOKVERIFICATION,$MM1,$SESSION1,$CLASS1PRODUCT1,100,2,10,05,100,2,10,15,TRUE,TRUE,Comment
ORDERCANCELBYIDNOWAIT,$MM1,$MM1EXCHANGE,$MM1EXECFIRM,IMQ,8699,ABC,*,100,$SESSION1,1,TRUE,TRUE,Comment
ORDERCANCELVERIFICATION,$MM1,$MM1EXCHANGE,$MM1EXECFIRM,IMQ,8699,ABC,*,$SESSION1,$CLASS1PRODUCT1,2,100,TRUE,TRUE,Comment
ORDERCANCELBYIDNOWAIT,$MM1,$MM1EXCHANGE,$MM1EXECFIRM,EHX,3754,ABC,*,100,$SESSION1,1,TRUE,TRUE,Comment
ORDERCANCELVERIFICATION,$MM1,$MM1EXCHANGE,$MM1EXECFIRM,EHX,3754,ABC,*,$SESSION1,$CLASS1PRODUCT1,2,100,TRUE,TRUE,Comment
QUOTECANCEL,$MM1,$SESSION1,$CLASS1PRODUCT1,2,TRUE,TRUE,Comment
QUOTECANCELVERIFICATION,$MM1,$SESSION1,$CLASS1PRODUCT1,2,TRUE,TRUE,Comment

COMMENT, Test Case 8:If a QCT trade price occurs equal TOB for MO on Bid side and PO is better than TOB;QCT order is canceled
CLEARALLCALLBACKS,$MM1
SETPRODUCTSTATEBYPRODUCT,$SA1,$SESSION1,$CLASS1PRODUCT1,$CLASS1,1,TRUE,TRUE,Comment
PRODUCTSTATEQUERY,$SA1,$SESSION1,$CLASS1PRODUCT1,1,TRUE,TRUE,Comment
SETPRODUCTSTATEBYPRODUCT,$SA1,$SESSION1,$CLASS1PRODUCT1,$CLASS1,2,TRUE,TRUE,Comment
PRODUCTSTATEQUERY,$SA1,$SESSION1,$CLASS1PRODUCT1,2,TRUE,TRUE,Comment
SETPRODUCTSTATEBYPRODUCT,$SA1,$SESSION1,$CLASS1PRODUCT1,$CLASS1,3,TRUE,TRUE,Comment
PRODUCTSTATEQUERY,$SA1,$SESSION1,$CLASS1PRODUCT1,3,TRUE,TRUE,Comment
SETPRODUCTSTATEBYPRODUCT,$SA1,$SESSION1,$CLASS1PRODUCT1,$CLASS1,4,TRUE,TRUE,Comment
PRODUCTSTATEQUERY,$SA1,$SESSION1,$CLASS1PRODUCT1,4,TRUE,TRUE,Comment
UPDATEBOTR,$SA1,$SESSION1,$CLASS1,$CLASS1PRODUCT1,B,9.90,NYSE=100,TRUE,TRUE,Comment
UPDATEBOTR,$SA1,$SESSION1,$CLASS1,$CLASS1PRODUCT1,S,10.30,NYSE=100,TRUE,TRUE,Comment
TOPOFBOOKVERIFICATION,$MM1,$SESSION1,$CLASS1PRODUCT1,0,1,0,00,0,1,0,00,TRUE,TRUE,Comment
QUOTE,$MM1,2,10,00,100,2,10,20,100,$CLASS1PRODUCT1,$SESSION1,User Assigned Id..,TRUE,TRUE,Comment
CURRENTMARKETV4BESTMARKETQUERY,$MM1,CBOE2,$CLASS1PRODUCT1,100,2,10,00,100,2,10,20,TRUE,TRUE,Comment
ORDER,$MM1,$MM1EXCHANGE,$MM1EXECFIRM,RGV,8255,ABC,*,$MM1EXCHANGE,$MM1,100,$CLASS1PRODUCT1,B,2,10,05,D,21/12/2003 6:00:00.0,1,1,0,00,0,-,-,-,$MM1,$MM1,C,FALSE,C,U,0,-,-,$SESSION1,TRUE,TRUE,Comment
CURRENTMARKETV4BESTMARKETQUERY,$MM1,CBOE2,$CLASS1PRODUCT1,100,2,10,05,100,2,10,20,TRUE,TRUE,Comment
ORDER,$MM1,$MM1EXCHANGE,$MM1EXECFIRM,CUQ,3345,ABC,*,$MM1EXCHANGE,$MM1,100,$CLASS1PRODUCT1,S,2,10,15,D,21/12/2003 6:00:00.0,1,1,0,00,0,-,-,-,$MM1,$MM1,C,FALSE,C,U,0,-,-,$SESSION1,TRUE,TRUE,Comment
CURRENTMARKETV4BESTMARKETQUERY,$MM1,CBOE2,$CLASS1PRODUCT1,100,2,10,05,100,2,10,15,TRUE,TRUE,Comment
PAUSE,1000
TOPOFBOOKVERIFICATION,$MM1,$SESSION1,$CLASS1PRODUCT1,100,2,10,05,100,2,10,15,TRUE,TRUE,Comment
INTERNALIZEDORDER,$CUST1,2,$CUST1EXCHANGE,$CUST1EXECFIRM,QBE,4103,ABC,*,$CUST1EXCHANGE,$CUST1,500,$CLASS1PRODUCT1,B,2,10,10,D,21/12/2003 6:00:00.0,1,1,0,00,0,-,-,-,$CUST1,$CUST1,C,FALSE,M,U,0,A:AIQ;,-,$SESSION1,$CUST1EXCHANGE,$CUST1EXECFIRM,QBE,41031,ABC,*,$CUST1EXCHANGE,$CUST1,500,$CLASS1PRODUCT1,S,2,10,05,D,21/12/2003 6:00:00.0,1,1,0,00,0,-,-,-,$CUST1,$CUST1,C,FALSE,M,U,0,A:RE;,-,$SESSION1,TRUE,TRUE,Comment
PAUSE,1000
LASTSALEQUERY,$MM1,$SESSION1,$CLASS1PRODUCT1,2,10,10,500,FALSE,TRUE,Comment
ORDERCANCELVERIFICATION,$CUST1,$CUST1EXCHANGE,$CUST1EXECFIRM,QBE,4103,ABC,*,$SESSION1,$CLASS1PRODUCT1,3,500,TRUE,TRUE,Comment
ORDERCANCELVERIFICATION,$CUST1,$CUST1EXCHANGE,$CUST1EXECFIRM,QBE,41031,ABC,*,$SESSION1,$CLASS1PRODUCT1,3,500,TRUE,TRUE,Comment
CURRENTMARKETV4BESTMARKETQUERY,$MM1,CBOE2,$CLASS1PRODUCT1,100,2,10,05,100,2,10,15,TRUE,TRUE,Comment
TOPOFBOOKVERIFICATION,$MM1,$SESSION1,$CLASS1PRODUCT1,100,2,10,05,100,2,10,15,TRUE,TRUE,Comment
ORDERCANCELBYIDNOWAIT,$MM1,$MM1EXCHANGE,$MM1EXECFIRM,RGV,8255,ABC,*,100,$SESSION1,1,TRUE,TRUE,Comment
ORDERCANCELVERIFICATION,$MM1,$MM1EXCHANGE,$MM1EXECFIRM,RGV,8255,ABC,*,$SESSION1,$CLASS1PRODUCT1,2,100,TRUE,TRUE,Comment
ORDERCANCELBYIDNOWAIT,$MM1,$MM1EXCHANGE,$MM1EXECFIRM,CUQ,3345,ABC,*,100,$SESSION1,1,TRUE,TRUE,Comment
ORDERCANCELVERIFICATION,$MM1,$MM1EXCHANGE,$MM1EXECFIRM,CUQ,3345,ABC,*,$SESSION1,$CLASS1PRODUCT1,2,100,TRUE,TRUE,Comment
QUOTECANCEL,$MM1,$SESSION1,$CLASS1PRODUCT1,2,TRUE,TRUE,Comment
QUOTECANCELVERIFICATION,$MM1,$SESSION1,$CLASS1PRODUCT1,2,TRUE,TRUE,Comment

COMMENT, Test Case 9:If a QCT trade price occurs worse than TOB for PO and MO on Ask side;QCT order is canceled
CLEARALLCALLBACKS,$MM1
SETPRODUCTSTATEBYPRODUCT,$SA1,$SESSION1,$CLASS1PRODUCT1,$CLASS1,1,TRUE,TRUE,Comment
PRODUCTSTATEQUERY,$SA1,$SESSION1,$CLASS1PRODUCT1,1,TRUE,TRUE,Comment
SETPRODUCTSTATEBYPRODUCT,$SA1,$SESSION1,$CLASS1PRODUCT1,$CLASS1,2,TRUE,TRUE,Comment
PRODUCTSTATEQUERY,$SA1,$SESSION1,$CLASS1PRODUCT1,2,TRUE,TRUE,Comment
SETPRODUCTSTATEBYPRODUCT,$SA1,$SESSION1,$CLASS1PRODUCT1,$CLASS1,3,TRUE,TRUE,Comment
PRODUCTSTATEQUERY,$SA1,$SESSION1,$CLASS1PRODUCT1,3,TRUE,TRUE,Comment
SETPRODUCTSTATEBYPRODUCT,$SA1,$SESSION1,$CLASS1PRODUCT1,$CLASS1,4,TRUE,TRUE,Comment
PRODUCTSTATEQUERY,$SA1,$SESSION1,$CLASS1PRODUCT1,4,TRUE,TRUE,Comment
UPDATEBOTR,$SA1,$SESSION1,$CLASS1,$CLASS1PRODUCT1,B,9.90,NYSE=100,TRUE,TRUE,Comment
UPDATEBOTR,$SA1,$SESSION1,$CLASS1,$CLASS1PRODUCT1,S,10.30,NYSE=100,TRUE,TRUE,Comment
TOPOFBOOKVERIFICATION,$MM1,$SESSION1,$CLASS1PRODUCT1,0,1,0,00,0,1,0,00,TRUE,TRUE,Comment
QUOTE,$MM1,2,10,00,100,2,10,20,100,$CLASS1PRODUCT1,$SESSION1,User Assigned Id..,TRUE,TRUE,Comment
CURRENTMARKETV4BESTMARKETQUERY,$MM1,CBOE2,$CLASS1PRODUCT1,100,2,10,00,100,2,10,20,TRUE,TRUE,Comment
ORDER,$MM1,$MM1EXCHANGE,$MM1EXECFIRM,LKB,2334,ABC,*,$MM1EXCHANGE,$MM1,100,$CLASS1PRODUCT1,B,2,10,05,D,21/12/2003 6:00:00.0,1,1,0,00,0,-,-,-,$MM1,$MM1,C,FALSE,C,U,0,-,-,$SESSION1,TRUE,TRUE,Comment
CURRENTMARKETV4BESTMARKETQUERY,$MM1,CBOE2,$CLASS1PRODUCT1,100,2,10,05,100,2,10,20,TRUE,TRUE,Comment
ORDER,$MM1,$MM1EXCHANGE,$MM1EXECFIRM,FOW,6983,ABC,*,$MM1EXCHANGE,$MM1,100,$CLASS1PRODUCT1,S,2,10,15,D,21/12/2003 6:00:00.0,1,1,0,00,0,-,-,-,$MM1,$MM1,C,FALSE,C,U,0,-,-,$SESSION1,TRUE,TRUE,Comment
CURRENTMARKETV4BESTMARKETQUERY,$MM1,CBOE2,$CLASS1PRODUCT1,100,2,10,05,100,2,10,15,TRUE,TRUE,Comment
PAUSE,1000
TOPOFBOOKVERIFICATION,$MM1,$SESSION1,$CLASS1PRODUCT1,100,2,10,05,100,2,10,15,TRUE,TRUE,Comment
INTERNALIZEDORDER,$CUST1,2,$CUST1EXCHANGE,$CUST1EXECFIRM,TPP,232,ABC,*,$CUST1EXCHANGE,$CUST1,500,$CLASS1PRODUCT1,B,2,10,20,D,21/12/2003 6:00:00.0,1,1,0,00,0,-,-,-,$CUST1,$CUST1,C,FALSE,M,U,0,A:AIQ;,-,$SESSION1,$CUST1EXCHANGE,$CUST1EXECFIRM,TPP,2321,ABC,*,$CUST1EXCHANGE,$CUST1,500,$CLASS1PRODUCT1,S,2,10,17,D,21/12/2003 6:00:00.0,1,1,0,00,0,-,-,-,$CUST1,$CUST1,C,FALSE,M,U,0,A:RE;,-,$SESSION1,TRUE,TRUE,Comment
ORDERCANCELVERIFICATION,$CUST1,$CUST1EXCHANGE,$CUST1EXECFIRM,TPP,232,ABC,*,$SESSION1,$CLASS1PRODUCT1,3,500,TRUE,TRUE,Comment
ORDERCANCELVERIFICATION,$CUST1,$CUST1EXCHANGE,$CUST1EXECFIRM,TPP,2321,ABC,*,$SESSION1,$CLASS1PRODUCT1,3,500,TRUE,TRUE,Comment
CURRENTMARKETV4BESTMARKETQUERY,$MM1,CBOE2,$CLASS1PRODUCT1,100,2,10,05,100,2,10,15,TRUE,TRUE,Comment
TOPOFBOOKVERIFICATION,$MM1,$SESSION1,$CLASS1PRODUCT1,100,2,10,05,100,2,10,15,TRUE,TRUE,Comment
ORDERCANCELBYIDNOWAIT,$MM1,$MM1EXCHANGE,$MM1EXECFIRM,LKB,2334,ABC,*,100,$SESSION1,1,TRUE,TRUE,Comment
ORDERCANCELVERIFICATION,$MM1,$MM1EXCHANGE,$MM1EXECFIRM,LKB,2334,ABC,*,$SESSION1,$CLASS1PRODUCT1,2,100,TRUE,TRUE,Comment
ORDERCANCELBYIDNOWAIT,$MM1,$MM1EXCHANGE,$MM1EXECFIRM,FOW,6983,ABC,*,100,$SESSION1,1,TRUE,TRUE,Comment
ORDERCANCELVERIFICATION,$MM1,$MM1EXCHANGE,$MM1EXECFIRM,FOW,6983,ABC,*,$SESSION1,$CLASS1PRODUCT1,2,100,TRUE,TRUE,Comment
QUOTECANCEL,$MM1,$SESSION1,$CLASS1PRODUCT1,2,TRUE,TRUE,Comment
QUOTECANCELVERIFICATION,$MM1,$SESSION1,$CLASS1PRODUCT1,2,TRUE,TRUE,Comment

COMMENT, Test Case 10:If a QCT trade price occurs worse than TOB for PO on Ask side and MO is equal TOB on same side;QCT order is canceled
CLEARALLCALLBACKS,$MM1
SETPRODUCTSTATEBYPRODUCT,$SA1,$SESSION1,$CLASS1PRODUCT1,$CLASS1,1,TRUE,TRUE,Comment
PRODUCTSTATEQUERY,$SA1,$SESSION1,$CLASS1PRODUCT1,1,TRUE,TRUE,Comment
SETPRODUCTSTATEBYPRODUCT,$SA1,$SESSION1,$CLASS1PRODUCT1,$CLASS1,2,TRUE,TRUE,Comment
PRODUCTSTATEQUERY,$SA1,$SESSION1,$CLASS1PRODUCT1,2,TRUE,TRUE,Comment
SETPRODUCTSTATEBYPRODUCT,$SA1,$SESSION1,$CLASS1PRODUCT1,$CLASS1,3,TRUE,TRUE,Comment
PRODUCTSTATEQUERY,$SA1,$SESSION1,$CLASS1PRODUCT1,3,TRUE,TRUE,Comment
SETPRODUCTSTATEBYPRODUCT,$SA1,$SESSION1,$CLASS1PRODUCT1,$CLASS1,4,TRUE,TRUE,Comment
PRODUCTSTATEQUERY,$SA1,$SESSION1,$CLASS1PRODUCT1,4,TRUE,TRUE,Comment
UPDATEBOTR,$SA1,$SESSION1,$CLASS1,$CLASS1PRODUCT1,B,9.90,NYSE=100,TRUE,TRUE,Comment
UPDATEBOTR,$SA1,$SESSION1,$CLASS1,$CLASS1PRODUCT1,S,10.30,NYSE=100,TRUE,TRUE,Comment
TOPOFBOOKVERIFICATION,$MM1,$SESSION1,$CLASS1PRODUCT1,0,1,0,00,0,1,0,00,TRUE,TRUE,Comment
QUOTE,$MM1,2,10,00,100,2,10,20,100,$CLASS1PRODUCT1,$SESSION1,User Assigned Id..,TRUE,TRUE,Comment
CURRENTMARKETV4BESTMARKETQUERY,$MM1,CBOE2,$CLASS1PRODUCT1,100,2,10,00,100,2,10,20,TRUE,TRUE,Comment
ORDER,$MM1,$MM1EXCHANGE,$MM1EXECFIRM,SIS,4296,ABC,*,$MM1EXCHANGE,$MM1,100,$CLASS1PRODUCT1,B,2,10,05,D,21/12/2003 6:00:00.0,1,1,0,00,0,-,-,-,$MM1,$MM1,C,FALSE,C,U,0,-,-,$SESSION1,TRUE,TRUE,Comment
CURRENTMARKETV4BESTMARKETQUERY,$MM1,CBOE2,$CLASS1PRODUCT1,100,2,10,05,100,2,10,20,TRUE,TRUE,Comment
ORDER,$MM1,$MM1EXCHANGE,$MM1EXECFIRM,OOE,1577,ABC,*,$MM1EXCHANGE,$MM1,100,$CLASS1PRODUCT1,S,2,10,15,D,21/12/2003 6:00:00.0,1,1,0,00,0,-,-,-,$MM1,$MM1,C,FALSE,C,U,0,-,-,$SESSION1,TRUE,TRUE,Comment
CURRENTMARKETV4BESTMARKETQUERY,$MM1,CBOE2,$CLASS1PRODUCT1,100,2,10,05,100,2,10,15,TRUE,TRUE,Comment
PAUSE,1000
TOPOFBOOKVERIFICATION,$MM1,$SESSION1,$CLASS1PRODUCT1,100,2,10,05,100,2,10,15,TRUE,TRUE,Comment
INTERNALIZEDORDER,$CUST1,2,$CUST1EXCHANGE,$CUST1EXECFIRM,XDK,6876,ABC,*,$CUST1EXCHANGE,$CUST1,500,$CLASS1PRODUCT1,B,2,10,20,D,21/12/2003 6:00:00.0,1,1,0,00,0,-,-,-,$CUST1,$CUST1,C,FALSE,M,U,0,A:AIQ;,-,$SESSION1,$CUST1EXCHANGE,$CUST1EXECFIRM,XDK,68761,ABC,*,$CUST1EXCHANGE,$CUST1,500,$CLASS1PRODUCT1,S,2,10,15,D,21/12/2003 6:00:00.0,1,1,0,00,0,-,-,-,$CUST1,$CUST1,C,FALSE,M,U,0,A:RE;,-,$SESSION1,TRUE,TRUE,Comment
ORDERCANCELVERIFICATION,$CUST1,$CUST1EXCHANGE,$CUST1EXECFIRM,XDK,6876,ABC,*,$SESSION1,$CLASS1PRODUCT1,3,500,TRUE,TRUE,Comment
ORDERCANCELVERIFICATION,$CUST1,$CUST1EXCHANGE,$CUST1EXECFIRM,XDK,68761,ABC,*,$SESSION1,$CLASS1PRODUCT1,3,500,TRUE,TRUE,Comment
CURRENTMARKETV4BESTMARKETQUERY,$MM1,CBOE2,$CLASS1PRODUCT1,100,2,10,05,100,2,10,15,TRUE,TRUE,Comment
TOPOFBOOKVERIFICATION,$MM1,$SESSION1,$CLASS1PRODUCT1,100,2,10,05,100,2,10,15,TRUE,TRUE,Comment
ORDERCANCELBYIDNOWAIT,$MM1,$MM1EXCHANGE,$MM1EXECFIRM,SIS,4296,ABC,*,100,$SESSION1,1,TRUE,TRUE,Comment
ORDERCANCELVERIFICATION,$MM1,$MM1EXCHANGE,$MM1EXECFIRM,SIS,4296,ABC,*,$SESSION1,$CLASS1PRODUCT1,2,100,TRUE,TRUE,Comment
ORDERCANCELBYIDNOWAIT,$MM1,$MM1EXCHANGE,$MM1EXECFIRM,OOE,1577,ABC,*,100,$SESSION1,1,TRUE,TRUE,Comment
ORDERCANCELVERIFICATION,$MM1,$MM1EXCHANGE,$MM1EXECFIRM,OOE,1577,ABC,*,$SESSION1,$CLASS1PRODUCT1,2,100,TRUE,TRUE,Comment
QUOTECANCEL,$MM1,$SESSION1,$CLASS1PRODUCT1,2,TRUE,TRUE,Comment
QUOTECANCELVERIFICATION,$MM1,$SESSION1,$CLASS1PRODUCT1,2,TRUE,TRUE,Comment

COMMENT, Test Case 11:If a QCT trade price occurs worse than TOB for PO on Ask side and MO is equal TOB on opposit side;QCT order is canceled
CLEARALLCALLBACKS,$MM1
SETPRODUCTSTATEBYPRODUCT,$SA1,$SESSION1,$CLASS1PRODUCT1,$CLASS1,1,TRUE,TRUE,Comment
PRODUCTSTATEQUERY,$SA1,$SESSION1,$CLASS1PRODUCT1,1,TRUE,TRUE,Comment
SETPRODUCTSTATEBYPRODUCT,$SA1,$SESSION1,$CLASS1PRODUCT1,$CLASS1,2,TRUE,TRUE,Comment
PRODUCTSTATEQUERY,$SA1,$SESSION1,$CLASS1PRODUCT1,2,TRUE,TRUE,Comment
SETPRODUCTSTATEBYPRODUCT,$SA1,$SESSION1,$CLASS1PRODUCT1,$CLASS1,3,TRUE,TRUE,Comment
PRODUCTSTATEQUERY,$SA1,$SESSION1,$CLASS1PRODUCT1,3,TRUE,TRUE,Comment
SETPRODUCTSTATEBYPRODUCT,$SA1,$SESSION1,$CLASS1PRODUCT1,$CLASS1,4,TRUE,TRUE,Comment
PRODUCTSTATEQUERY,$SA1,$SESSION1,$CLASS1PRODUCT1,4,TRUE,TRUE,Comment
UPDATEBOTR,$SA1,$SESSION1,$CLASS1,$CLASS1PRODUCT1,B,9.90,NYSE=100,TRUE,TRUE,Comment
UPDATEBOTR,$SA1,$SESSION1,$CLASS1,$CLASS1PRODUCT1,S,10.30,NYSE=100,TRUE,TRUE,Comment
TOPOFBOOKVERIFICATION,$MM1,$SESSION1,$CLASS1PRODUCT1,0,1,0,00,0,1,0,00,TRUE,TRUE,Comment
QUOTE,$MM1,2,10,00,100,2,10,20,100,$CLASS1PRODUCT1,$SESSION1,User Assigned Id..,TRUE,TRUE,Comment
CURRENTMARKETV4BESTMARKETQUERY,$MM1,CBOE2,$CLASS1PRODUCT1,100,2,10,00,100,2,10,20,TRUE,TRUE,Comment
ORDER,$MM1,$MM1EXCHANGE,$MM1EXECFIRM,QIF,6781,ABC,*,$MM1EXCHANGE,$MM1,100,$CLASS1PRODUCT1,B,2,10,05,D,21/12/2003 6:00:00.0,1,1,0,00,0,-,-,-,$MM1,$MM1,C,FALSE,C,U,0,-,-,$SESSION1,TRUE,TRUE,Comment
CURRENTMARKETV4BESTMARKETQUERY,$MM1,CBOE2,$CLASS1PRODUCT1,100,2,10,05,100,2,10,20,TRUE,TRUE,Comment
ORDER,$MM1,$MM1EXCHANGE,$MM1EXECFIRM,BHQ,4870,ABC,*,$MM1EXCHANGE,$MM1,100,$CLASS1PRODUCT1,S,2,10,15,D,21/12/2003 6:00:00.0,1,1,0,00,0,-,-,-,$MM1,$MM1,C,FALSE,C,U,0,-,-,$SESSION1,TRUE,TRUE,Comment
CURRENTMARKETV4BESTMARKETQUERY,$MM1,CBOE2,$CLASS1PRODUCT1,100,2,10,05,100,2,10,15,TRUE,TRUE,Comment
PAUSE,1000
TOPOFBOOKVERIFICATION,$MM1,$SESSION1,$CLASS1PRODUCT1,100,2,10,05,100,2,10,15,TRUE,TRUE,Comment
INTERNALIZEDORDER,$CUST1,2,$CUST1EXCHANGE,$CUST1EXECFIRM,EFG,6763,ABC,*,$CUST1EXCHANGE,$CUST1,500,$CLASS1PRODUCT1,B,2,10,20,D,21/12/2003 6:00:00.0,1,1,0,00,0,-,-,-,$CUST1,$CUST1,C,FALSE,M,U,0,A:AIQ;,-,$SESSION1,$CUST1EXCHANGE,$CUST1EXECFIRM,EFG,67631,ABC,*,$CUST1EXCHANGE,$CUST1,500,$CLASS1PRODUCT1,S,2,10,05,D,21/12/2003 6:00:00.0,1,1,0,00,0,-,-,-,$CUST1,$CUST1,C,FALSE,M,U,0,A:RE;,-,$SESSION1,TRUE,TRUE,Comment
ORDERCANCELVERIFICATION,$CUST1,$CUST1EXCHANGE,$CUST1EXECFIRM,EFG,6763,ABC,*,$SESSION1,$CLASS1PRODUCT1,3,500,TRUE,TRUE,Comment
ORDERCANCELVERIFICATION,$CUST1,$CUST1EXCHANGE,$CUST1EXECFIRM,EFG,67631,ABC,*,$SESSION1,$CLASS1PRODUCT1,3,500,TRUE,TRUE,Comment
CURRENTMARKETV4BESTMARKETQUERY,$MM1,CBOE2,$CLASS1PRODUCT1,100,2,10,05,100,2,10,15,TRUE,TRUE,Comment
TOPOFBOOKVERIFICATION,$MM1,$SESSION1,$CLASS1PRODUCT1,100,2,10,05,100,2,10,15,TRUE,TRUE,Comment
ORDERCANCELBYIDNOWAIT,$MM1,$MM1EXCHANGE,$MM1EXECFIRM,QIF,6781,ABC,*,100,$SESSION1,1,TRUE,TRUE,Comment
ORDERCANCELVERIFICATION,$MM1,$MM1EXCHANGE,$MM1EXECFIRM,QIF,6781,ABC,*,$SESSION1,$CLASS1PRODUCT1,2,100,TRUE,TRUE,Comment
ORDERCANCELBYIDNOWAIT,$MM1,$MM1EXCHANGE,$MM1EXECFIRM,BHQ,4870,ABC,*,100,$SESSION1,1,TRUE,TRUE,Comment
ORDERCANCELVERIFICATION,$MM1,$MM1EXCHANGE,$MM1EXECFIRM,BHQ,4870,ABC,*,$SESSION1,$CLASS1PRODUCT1,2,100,TRUE,TRUE,Comment
QUOTECANCEL,$MM1,$SESSION1,$CLASS1PRODUCT1,2,TRUE,TRUE,Comment
QUOTECANCELVERIFICATION,$MM1,$SESSION1,$CLASS1PRODUCT1,2,TRUE,TRUE,Comment

COMMENT, Test Case 12:If a QCT trade price occurs worse than TOB for PO on Ask side and MO is worse than TOB on opposit side;QCT order is canceled
CLEARALLCALLBACKS,$MM1
SETPRODUCTSTATEBYPRODUCT,$SA1,$SESSION1,$CLASS1PRODUCT1,$CLASS1,1,TRUE,TRUE,Comment
PRODUCTSTATEQUERY,$SA1,$SESSION1,$CLASS1PRODUCT1,1,TRUE,TRUE,Comment
SETPRODUCTSTATEBYPRODUCT,$SA1,$SESSION1,$CLASS1PRODUCT1,$CLASS1,2,TRUE,TRUE,Comment
PRODUCTSTATEQUERY,$SA1,$SESSION1,$CLASS1PRODUCT1,2,TRUE,TRUE,Comment
SETPRODUCTSTATEBYPRODUCT,$SA1,$SESSION1,$CLASS1PRODUCT1,$CLASS1,3,TRUE,TRUE,Comment
PRODUCTSTATEQUERY,$SA1,$SESSION1,$CLASS1PRODUCT1,3,TRUE,TRUE,Comment
SETPRODUCTSTATEBYPRODUCT,$SA1,$SESSION1,$CLASS1PRODUCT1,$CLASS1,4,TRUE,TRUE,Comment
PRODUCTSTATEQUERY,$SA1,$SESSION1,$CLASS1PRODUCT1,4,TRUE,TRUE,Comment
UPDATEBOTR,$SA1,$SESSION1,$CLASS1,$CLASS1PRODUCT1,B,9.90,NYSE=100,TRUE,TRUE,Comment
UPDATEBOTR,$SA1,$SESSION1,$CLASS1,$CLASS1PRODUCT1,S,10.30,NYSE=100,TRUE,TRUE,Comment
TOPOFBOOKVERIFICATION,$MM1,$SESSION1,$CLASS1PRODUCT1,0,1,0,00,0,1,0,00,TRUE,TRUE,Comment
QUOTE,$MM1,2,10,00,100,2,10,20,100,$CLASS1PRODUCT1,$SESSION1,User Assigned Id..,TRUE,TRUE,Comment
CURRENTMARKETV4BESTMARKETQUERY,$MM1,CBOE2,$CLASS1PRODUCT1,100,2,10,00,100,2,10,20,TRUE,TRUE,Comment
ORDER,$MM1,$MM1EXCHANGE,$MM1EXECFIRM,JIZ,8964,ABC,*,$MM1EXCHANGE,$MM1,100,$CLASS1PRODUCT1,B,2,10,05,D,21/12/2003 6:00:00.0,1,1,0,00,0,-,-,-,$MM1,$MM1,C,FALSE,C,U,0,-,-,$SESSION1,TRUE,TRUE,Comment
CURRENTMARKETV4BESTMARKETQUERY,$MM1,CBOE2,$CLASS1PRODUCT1,100,2,10,05,100,2,10,20,TRUE,TRUE,Comment
ORDER,$MM1,$MM1EXCHANGE,$MM1EXECFIRM,GOQ,3458,ABC,*,$MM1EXCHANGE,$MM1,100,$CLASS1PRODUCT1,S,2,10,15,D,21/12/2003 6:00:00.0,1,1,0,00,0,-,-,-,$MM1,$MM1,C,FALSE,C,U,0,-,-,$SESSION1,TRUE,TRUE,Comment
CURRENTMARKETV4BESTMARKETQUERY,$MM1,CBOE2,$CLASS1PRODUCT1,100,2,10,05,100,2,10,15,TRUE,TRUE,Comment
PAUSE,1000
TOPOFBOOKVERIFICATION,$MM1,$SESSION1,$CLASS1PRODUCT1,100,2,10,05,100,2,10,15,TRUE,TRUE,Comment
INTERNALIZEDORDER,$CUST1,2,$CUST1EXCHANGE,$CUST1EXECFIRM,KVD,4894,ABC,*,$CUST1EXCHANGE,$CUST1,500,$CLASS1PRODUCT1,B,2,10,20,D,21/12/2003 6:00:00.0,1,1,0,00,0,-,-,-,$CUST1,$CUST1,C,FALSE,M,U,0,A:AIQ;,-,$SESSION1,$CUST1EXCHANGE,$CUST1EXECFIRM,KVD,48941,ABC,*,$CUST1EXCHANGE,$CUST1,500,$CLASS1PRODUCT1,S,2,10,00,D,21/12/2003 6:00:00.0,1,1,0,00,0,-,-,-,$CUST1,$CUST1,C,FALSE,M,U,0,A:RE;,-,$SESSION1,TRUE,TRUE,Comment
ORDERCANCELVERIFICATION,$CUST1,$CUST1EXCHANGE,$CUST1EXECFIRM,KVD,4894,ABC,*,$SESSION1,$CLASS1PRODUCT1,3,500,TRUE,TRUE,Comment
ORDERCANCELVERIFICATION,$CUST1,$CUST1EXCHANGE,$CUST1EXECFIRM,KVD,48941,ABC,*,$SESSION1,$CLASS1PRODUCT1,3,500,TRUE,TRUE,Comment
CURRENTMARKETV4BESTMARKETQUERY,$MM1,CBOE2,$CLASS1PRODUCT1,100,2,10,05,100,2,10,15,TRUE,TRUE,Comment
TOPOFBOOKVERIFICATION,$MM1,$SESSION1,$CLASS1PRODUCT1,100,2,10,05,100,2,10,15,TRUE,TRUE,Comment
ORDERCANCELBYIDNOWAIT,$MM1,$MM1EXCHANGE,$MM1EXECFIRM,JIZ,8964,ABC,*,100,$SESSION1,1,TRUE,TRUE,Comment
ORDERCANCELVERIFICATION,$MM1,$MM1EXCHANGE,$MM1EXECFIRM,JIZ,8964,ABC,*,$SESSION1,$CLASS1PRODUCT1,2,100,TRUE,TRUE,Comment
ORDERCANCELBYIDNOWAIT,$MM1,$MM1EXCHANGE,$MM1EXECFIRM,GOQ,3458,ABC,*,100,$SESSION1,1,TRUE,TRUE,Comment
ORDERCANCELVERIFICATION,$MM1,$MM1EXCHANGE,$MM1EXECFIRM,GOQ,3458,ABC,*,$SESSION1,$CLASS1PRODUCT1,2,100,TRUE,TRUE,Comment
QUOTECANCEL,$MM1,$SESSION1,$CLASS1PRODUCT1,2,TRUE,TRUE,Comment
QUOTECANCELVERIFICATION,$MM1,$SESSION1,$CLASS1PRODUCT1,2,TRUE,TRUE,Comment

COMMENT, Test Case 13:If a QCT trade price occurs equal TOB for PO on Ask side and MO is worse than TOB on opposit side;QCT order is canceled
CLEARALLCALLBACKS,$MM1
SETPRODUCTSTATEBYPRODUCT,$SA1,$SESSION1,$CLASS1PRODUCT1,$CLASS1,1,TRUE,TRUE,Comment
PRODUCTSTATEQUERY,$SA1,$SESSION1,$CLASS1PRODUCT1,1,TRUE,TRUE,Comment
SETPRODUCTSTATEBYPRODUCT,$SA1,$SESSION1,$CLASS1PRODUCT1,$CLASS1,2,TRUE,TRUE,Comment
PRODUCTSTATEQUERY,$SA1,$SESSION1,$CLASS1PRODUCT1,2,TRUE,TRUE,Comment
SETPRODUCTSTATEBYPRODUCT,$SA1,$SESSION1,$CLASS1PRODUCT1,$CLASS1,3,TRUE,TRUE,Comment
PRODUCTSTATEQUERY,$SA1,$SESSION1,$CLASS1PRODUCT1,3,TRUE,TRUE,Comment
SETPRODUCTSTATEBYPRODUCT,$SA1,$SESSION1,$CLASS1PRODUCT1,$CLASS1,4,TRUE,TRUE,Comment
PRODUCTSTATEQUERY,$SA1,$SESSION1,$CLASS1PRODUCT1,4,TRUE,TRUE,Comment
UPDATEBOTR,$SA1,$SESSION1,$CLASS1,$CLASS1PRODUCT1,B,9.90,NYSE=100,TRUE,TRUE,Comment
UPDATEBOTR,$SA1,$SESSION1,$CLASS1,$CLASS1PRODUCT1,S,10.30,NYSE=100,TRUE,TRUE,Comment
TOPOFBOOKVERIFICATION,$MM1,$SESSION1,$CLASS1PRODUCT1,0,1,0,00,0,1,0,00,TRUE,TRUE,Comment
QUOTE,$MM1,2,10,00,100,2,10,20,100,$CLASS1PRODUCT1,$SESSION1,User Assigned Id..,TRUE,TRUE,Comment
CURRENTMARKETV4BESTMARKETQUERY,$MM1,CBOE2,$CLASS1PRODUCT1,100,2,10,00,100,2,10,20,TRUE,TRUE,Comment
ORDER,$MM1,$MM1EXCHANGE,$MM1EXECFIRM,STO,7661,ABC,*,$MM1EXCHANGE,$MM1,100,$CLASS1PRODUCT1,B,2,10,05,D,21/12/2003 6:00:00.0,1,1,0,00,0,-,-,-,$MM1,$MM1,C,FALSE,C,U,0,-,-,$SESSION1,TRUE,TRUE,Comment
CURRENTMARKETV4BESTMARKETQUERY,$MM1,CBOE2,$CLASS1PRODUCT1,100,2,10,05,100,2,10,20,TRUE,TRUE,Comment
ORDER,$MM1,$MM1EXCHANGE,$MM1EXECFIRM,HJW,9259,ABC,*,$MM1EXCHANGE,$MM1,100,$CLASS1PRODUCT1,S,2,10,15,D,21/12/2003 6:00:00.0,1,1,0,00,0,-,-,-,$MM1,$MM1,C,FALSE,C,U,0,-,-,$SESSION1,TRUE,TRUE,Comment
CURRENTMARKETV4BESTMARKETQUERY,$MM1,CBOE2,$CLASS1PRODUCT1,100,2,10,05,100,2,10,15,TRUE,TRUE,Comment
PAUSE,1000
TOPOFBOOKVERIFICATION,$MM1,$SESSION1,$CLASS1PRODUCT1,100,2,10,05,100,2,10,15,TRUE,TRUE,Comment
INTERNALIZEDORDER,$CUST1,2,$CUST1EXCHANGE,$CUST1EXECFIRM,GMW,6062,ABC,*,$CUST1EXCHANGE,$CUST1,500,$CLASS1PRODUCT1,B,2,10,15,D,21/12/2003 6:00:00.0,1,1,0,00,0,-,-,-,$CUST1,$CUST1,C,FALSE,M,U,0,A:AIQ;,-,$SESSION1,$CUST1EXCHANGE,$CUST1EXECFIRM,GMW,60621,ABC,*,$CUST1EXCHANGE,$CUST1,500,$CLASS1PRODUCT1,S,2,10,00,D,21/12/2003 6:00:00.0,1,1,0,00,0,-,-,-,$CUST1,$CUST1,C,FALSE,M,U,0,A:RE;,-,$SESSION1,TRUE,TRUE,Comment
ORDERCANCELVERIFICATION,$CUST1,$CUST1EXCHANGE,$CUST1EXECFIRM,GMW,6062,ABC,*,$SESSION1,$CLASS1PRODUCT1,3,500,TRUE,TRUE,Comment
ORDERCANCELVERIFICATION,$CUST1,$CUST1EXCHANGE,$CUST1EXECFIRM,GMW,60621,ABC,*,$SESSION1,$CLASS1PRODUCT1,3,500,TRUE,TRUE,Comment
CURRENTMARKETV4BESTMARKETQUERY,$MM1,CBOE2,$CLASS1PRODUCT1,100,2,10,05,100,2,10,15,TRUE,TRUE,Comment
TOPOFBOOKVERIFICATION,$MM1,$SESSION1,$CLASS1PRODUCT1,100,2,10,05,100,2,10,15,TRUE,TRUE,Comment
ORDERCANCELBYIDNOWAIT,$MM1,$MM1EXCHANGE,$MM1EXECFIRM,STO,7661,ABC,*,100,$SESSION1,1,TRUE,TRUE,Comment
ORDERCANCELVERIFICATION,$MM1,$MM1EXCHANGE,$MM1EXECFIRM,STO,7661,ABC,*,$SESSION1,$CLASS1PRODUCT1,2,100,TRUE,TRUE,Comment
ORDERCANCELBYIDNOWAIT,$MM1,$MM1EXCHANGE,$MM1EXECFIRM,HJW,9259,ABC,*,100,$SESSION1,1,TRUE,TRUE,Comment
ORDERCANCELVERIFICATION,$MM1,$MM1EXCHANGE,$MM1EXECFIRM,HJW,9259,ABC,*,$SESSION1,$CLASS1PRODUCT1,2,100,TRUE,TRUE,Comment
QUOTECANCEL,$MM1,$SESSION1,$CLASS1PRODUCT1,2,TRUE,TRUE,Comment
QUOTECANCELVERIFICATION,$MM1,$SESSION1,$CLASS1PRODUCT1,2,TRUE,TRUE,Comment

COMMENT, Test Case 14:If a QCT trade price occurs better TOB for PO on Ask side and MO is worse than TOB on opposit side;QCT order is canceled
CLEARALLCALLBACKS,$MM1
SETPRODUCTSTATEBYPRODUCT,$SA1,$SESSION1,$CLASS1PRODUCT1,$CLASS1,1,TRUE,TRUE,Comment
PRODUCTSTATEQUERY,$SA1,$SESSION1,$CLASS1PRODUCT1,1,TRUE,TRUE,Comment
SETPRODUCTSTATEBYPRODUCT,$SA1,$SESSION1,$CLASS1PRODUCT1,$CLASS1,2,TRUE,TRUE,Comment
PRODUCTSTATEQUERY,$SA1,$SESSION1,$CLASS1PRODUCT1,2,TRUE,TRUE,Comment
SETPRODUCTSTATEBYPRODUCT,$SA1,$SESSION1,$CLASS1PRODUCT1,$CLASS1,3,TRUE,TRUE,Comment
PRODUCTSTATEQUERY,$SA1,$SESSION1,$CLASS1PRODUCT1,3,TRUE,TRUE,Comment
SETPRODUCTSTATEBYPRODUCT,$SA1,$SESSION1,$CLASS1PRODUCT1,$CLASS1,4,TRUE,TRUE,Comment
PRODUCTSTATEQUERY,$SA1,$SESSION1,$CLASS1PRODUCT1,4,TRUE,TRUE,Comment
UPDATEBOTR,$SA1,$SESSION1,$CLASS1,$CLASS1PRODUCT1,B,9.90,NYSE=100,TRUE,TRUE,Comment
UPDATEBOTR,$SA1,$SESSION1,$CLASS1,$CLASS1PRODUCT1,S,10.30,NYSE=100,TRUE,TRUE,Comment
TOPOFBOOKVERIFICATION,$MM1,$SESSION1,$CLASS1PRODUCT1,0,1,0,00,0,1,0,00,TRUE,TRUE,Comment
QUOTE,$MM1,2,10,00,100,2,10,20,100,$CLASS1PRODUCT1,$SESSION1,User Assigned Id..,TRUE,TRUE,Comment
CURRENTMARKETV4BESTMARKETQUERY,$MM1,CBOE2,$CLASS1PRODUCT1,100,2,10,00,100,2,10,20,TRUE,TRUE,Comment
ORDER,$MM1,$MM1EXCHANGE,$MM1EXECFIRM,TXN,7085,ABC,*,$MM1EXCHANGE,$MM1,100,$CLASS1PRODUCT1,B,2,10,05,D,21/12/2003 6:00:00.0,1,1,0,00,0,-,-,-,$MM1,$MM1,C,FALSE,C,U,0,-,-,$SESSION1,TRUE,TRUE,Comment
CURRENTMARKETV4BESTMARKETQUERY,$MM1,CBOE2,$CLASS1PRODUCT1,100,2,10,05,100,2,10,20,TRUE,TRUE,Comment
ORDER,$MM1,$MM1EXCHANGE,$MM1EXECFIRM,SUB,5439,ABC,*,$MM1EXCHANGE,$MM1,100,$CLASS1PRODUCT1,S,2,10,15,D,21/12/2003 6:00:00.0,1,1,0,00,0,-,-,-,$MM1,$MM1,C,FALSE,C,U,0,-,-,$SESSION1,TRUE,TRUE,Comment
CURRENTMARKETV4BESTMARKETQUERY,$MM1,CBOE2,$CLASS1PRODUCT1,100,2,10,05,100,2,10,15,TRUE,TRUE,Comment
PAUSE,1000
TOPOFBOOKVERIFICATION,$MM1,$SESSION1,$CLASS1PRODUCT1,100,2,10,05,100,2,10,15,TRUE,TRUE,Comment
INTERNALIZEDORDER,$CUST1,2,$CUST1EXCHANGE,$CUST1EXECFIRM,SNR,7001,ABC,*,$CUST1EXCHANGE,$CUST1,500,$CLASS1PRODUCT1,B,2,10,10,D,21/12/2003 6:00:00.0,1,1,0,00,0,-,-,-,$CUST1,$CUST1,C,FALSE,M,U,0,A:AIQ;,-,$SESSION1,$CUST1EXCHANGE,$CUST1EXECFIRM,SNR,70011,ABC,*,$CUST1EXCHANGE,$CUST1,500,$CLASS1PRODUCT1,S,2,10,00,D,21/12/2003 6:00:00.0,1,1,0,00,0,-,-,-,$CUST1,$CUST1,C,FALSE,M,U,0,A:RE;,-,$SESSION1,TRUE,TRUE,Comment
ORDERCANCELVERIFICATION,$CUST1,$CUST1EXCHANGE,$CUST1EXECFIRM,SNR,7001,ABC,*,$SESSION1,$CLASS1PRODUCT1,3,500,TRUE,TRUE,Comment
ORDERCANCELVERIFICATION,$CUST1,$CUST1EXCHANGE,$CUST1EXECFIRM,SNR,70011,ABC,*,$SESSION1,$CLASS1PRODUCT1,3,500,TRUE,TRUE,Comment
CURRENTMARKETV4BESTMARKETQUERY,$MM1,CBOE2,$CLASS1PRODUCT1,100,2,10,05,100,2,10,15,TRUE,TRUE,Comment
TOPOFBOOKVERIFICATION,$MM1,$SESSION1,$CLASS1PRODUCT1,100,2,10,05,100,2,10,15,TRUE,TRUE,Comment
ORDERCANCELBYIDNOWAIT,$MM1,$MM1EXCHANGE,$MM1EXECFIRM,TXN,7085,ABC,*,100,$SESSION1,1,TRUE,TRUE,Comment
ORDERCANCELVERIFICATION,$MM1,$MM1EXCHANGE,$MM1EXECFIRM,TXN,7085,ABC,*,$SESSION1,$CLASS1PRODUCT1,2,100,TRUE,TRUE,Comment
ORDERCANCELBYIDNOWAIT,$MM1,$MM1EXCHANGE,$MM1EXECFIRM,SUB,5439,ABC,*,100,$SESSION1,1,TRUE,TRUE,Comment
ORDERCANCELVERIFICATION,$MM1,$MM1EXCHANGE,$MM1EXECFIRM,SUB,5439,ABC,*,$SESSION1,$CLASS1PRODUCT1,2,100,TRUE,TRUE,Comment
QUOTECANCEL,$MM1,$SESSION1,$CLASS1PRODUCT1,2,TRUE,TRUE,Comment
QUOTECANCELVERIFICATION,$MM1,$SESSION1,$CLASS1PRODUCT1,2,TRUE,TRUE,Comment

COMMENT, Test Case 15:If a QCT trade price occurs equal TOB for PO on Bid side and MO is worse than TOB on same side;QCT order is canceled
CLEARALLCALLBACKS,$MM1
SETPRODUCTSTATEBYPRODUCT,$SA1,$SESSION1,$CLASS1PRODUCT1,$CLASS1,1,TRUE,TRUE,Comment
PRODUCTSTATEQUERY,$SA1,$SESSION1,$CLASS1PRODUCT1,1,TRUE,TRUE,Comment
SETPRODUCTSTATEBYPRODUCT,$SA1,$SESSION1,$CLASS1PRODUCT1,$CLASS1,2,TRUE,TRUE,Comment
PRODUCTSTATEQUERY,$SA1,$SESSION1,$CLASS1PRODUCT1,2,TRUE,TRUE,Comment
SETPRODUCTSTATEBYPRODUCT,$SA1,$SESSION1,$CLASS1PRODUCT1,$CLASS1,3,TRUE,TRUE,Comment
PRODUCTSTATEQUERY,$SA1,$SESSION1,$CLASS1PRODUCT1,3,TRUE,TRUE,Comment
SETPRODUCTSTATEBYPRODUCT,$SA1,$SESSION1,$CLASS1PRODUCT1,$CLASS1,4,TRUE,TRUE,Comment
PRODUCTSTATEQUERY,$SA1,$SESSION1,$CLASS1PRODUCT1,4,TRUE,TRUE,Comment
UPDATEBOTR,$SA1,$SESSION1,$CLASS1,$CLASS1PRODUCT1,B,9.90,NYSE=100,TRUE,TRUE,Comment
UPDATEBOTR,$SA1,$SESSION1,$CLASS1,$CLASS1PRODUCT1,S,10.30,NYSE=100,TRUE,TRUE,Comment
TOPOFBOOKVERIFICATION,$MM1,$SESSION1,$CLASS1PRODUCT1,0,1,0,00,0,1,0,00,TRUE,TRUE,Comment
QUOTE,$MM1,2,10,00,100,2,10,20,100,$CLASS1PRODUCT1,$SESSION1,User Assigned Id..,TRUE,TRUE,Comment
CURRENTMARKETV4BESTMARKETQUERY,$MM1,CBOE2,$CLASS1PRODUCT1,100,2,10,00,100,2,10,20,TRUE,TRUE,Comment
ORDER,$MM1,$MM1EXCHANGE,$MM1EXECFIRM,JYF,6089,ABC,*,$MM1EXCHANGE,$MM1,100,$CLASS1PRODUCT1,B,2,10,05,D,21/12/2003 6:00:00.0,1,1,0,00,0,-,-,-,$MM1,$MM1,C,FALSE,C,U,0,-,-,$SESSION1,TRUE,TRUE,Comment
CURRENTMARKETV4BESTMARKETQUERY,$MM1,CBOE2,$CLASS1PRODUCT1,100,2,10,05,100,2,10,20,TRUE,TRUE,Comment
ORDER,$MM1,$MM1EXCHANGE,$MM1EXECFIRM,HBI,3356,ABC,*,$MM1EXCHANGE,$MM1,100,$CLASS1PRODUCT1,S,2,10,15,D,21/12/2003 6:00:00.0,1,1,0,00,0,-,-,-,$MM1,$MM1,C,FALSE,C,U,0,-,-,$SESSION1,TRUE,TRUE,Comment
CURRENTMARKETV4BESTMARKETQUERY,$MM1,CBOE2,$CLASS1PRODUCT1,100,2,10,05,100,2,10,15,TRUE,TRUE,Comment
PAUSE,1000
TOPOFBOOKVERIFICATION,$MM1,$SESSION1,$CLASS1PRODUCT1,100,2,10,05,100,2,10,15,TRUE,TRUE,Comment
INTERNALIZEDORDER,$CUST1,2,$CUST1EXCHANGE,$CUST1EXECFIRM,UWS,4843,ABC,*,$CUST1EXCHANGE,$CUST1,500,$CLASS1PRODUCT1,B,2,10,05,D,21/12/2003 6:00:00.0,1,1,0,00,0,-,-,-,$CUST1,$CUST1,C,FALSE,M,U,0,A:AIQ;,-,$SESSION1,$CUST1EXCHANGE,$CUST1EXECFIRM,UWS,48431,ABC,*,$CUST1EXCHANGE,$CUST1,500,$CLASS1PRODUCT1,S,2,10,00,D,21/12/2003 6:00:00.0,1,1,0,00,0,-,-,-,$CUST1,$CUST1,C,FALSE,M,U,0,A:RE;,-,$SESSION1,TRUE,TRUE,Comment
ORDERCANCELVERIFICATION,$CUST1,$CUST1EXCHANGE,$CUST1EXECFIRM,UWS,4843,ABC,*,$SESSION1,$CLASS1PRODUCT1,3,500,TRUE,TRUE,Comment
ORDERCANCELVERIFICATION,$CUST1,$CUST1EXCHANGE,$CUST1EXECFIRM,UWS,48431,ABC,*,$SESSION1,$CLASS1PRODUCT1,3,500,TRUE,TRUE,Comment
CURRENTMARKETV4BESTMARKETQUERY,$MM1,CBOE2,$CLASS1PRODUCT1,100,2,10,05,100,2,10,15,TRUE,TRUE,Comment
TOPOFBOOKVERIFICATION,$MM1,$SESSION1,$CLASS1PRODUCT1,100,2,10,05,100,2,10,15,TRUE,TRUE,Comment
ORDERCANCELBYIDNOWAIT,$MM1,$MM1EXCHANGE,$MM1EXECFIRM,JYF,6089,ABC,*,100,$SESSION1,1,TRUE,TRUE,Comment
ORDERCANCELVERIFICATION,$MM1,$MM1EXCHANGE,$MM1EXECFIRM,JYF,6089,ABC,*,$SESSION1,$CLASS1PRODUCT1,2,100,TRUE,TRUE,Comment
ORDERCANCELBYIDNOWAIT,$MM1,$MM1EXCHANGE,$MM1EXECFIRM,HBI,3356,ABC,*,100,$SESSION1,1,TRUE,TRUE,Comment
ORDERCANCELVERIFICATION,$MM1,$MM1EXCHANGE,$MM1EXECFIRM,HBI,3356,ABC,*,$SESSION1,$CLASS1PRODUCT1,2,100,TRUE,TRUE,Comment
QUOTECANCEL,$MM1,$SESSION1,$CLASS1PRODUCT1,2,TRUE,TRUE,Comment
QUOTECANCELVERIFICATION,$MM1,$SESSION1,$CLASS1PRODUCT1,2,TRUE,TRUE,Comment

COMMENT, Test Case 16:If a QCT trade price occurs equal TOB for PO and MO on Bid side;QCT order is canceled
CLEARALLCALLBACKS,$MM1
SETPRODUCTSTATEBYPRODUCT,$SA1,$SESSION1,$CLASS1PRODUCT1,$CLASS1,1,TRUE,TRUE,Comment
PRODUCTSTATEQUERY,$SA1,$SESSION1,$CLASS1PRODUCT1,1,TRUE,TRUE,Comment
SETPRODUCTSTATEBYPRODUCT,$SA1,$SESSION1,$CLASS1PRODUCT1,$CLASS1,2,TRUE,TRUE,Comment
PRODUCTSTATEQUERY,$SA1,$SESSION1,$CLASS1PRODUCT1,2,TRUE,TRUE,Comment
SETPRODUCTSTATEBYPRODUCT,$SA1,$SESSION1,$CLASS1PRODUCT1,$CLASS1,3,TRUE,TRUE,Comment
PRODUCTSTATEQUERY,$SA1,$SESSION1,$CLASS1PRODUCT1,3,TRUE,TRUE,Comment
SETPRODUCTSTATEBYPRODUCT,$SA1,$SESSION1,$CLASS1PRODUCT1,$CLASS1,4,TRUE,TRUE,Comment
PRODUCTSTATEQUERY,$SA1,$SESSION1,$CLASS1PRODUCT1,4,TRUE,TRUE,Comment
UPDATEBOTR,$SA1,$SESSION1,$CLASS1,$CLASS1PRODUCT1,B,9.90,NYSE=100,TRUE,TRUE,Comment
UPDATEBOTR,$SA1,$SESSION1,$CLASS1,$CLASS1PRODUCT1,S,10.30,NYSE=100,TRUE,TRUE,Comment
TOPOFBOOKVERIFICATION,$MM1,$SESSION1,$CLASS1PRODUCT1,0,1,0,00,0,1,0,00,TRUE,TRUE,Comment
QUOTE,$MM1,2,10,00,100,2,10,20,100,$CLASS1PRODUCT1,$SESSION1,User Assigned Id..,TRUE,TRUE,Comment
CURRENTMARKETV4BESTMARKETQUERY,$MM1,CBOE2,$CLASS1PRODUCT1,100,2,10,00,100,2,10,20,TRUE,TRUE,Comment
ORDER,$MM1,$MM1EXCHANGE,$MM1EXECFIRM,JUC,8592,ABC,*,$MM1EXCHANGE,$MM1,100,$CLASS1PRODUCT1,B,2,10,05,D,21/12/2003 6:00:00.0,1,1,0,00,0,-,-,-,$MM1,$MM1,C,FALSE,C,U,0,-,-,$SESSION1,TRUE,TRUE,Comment
CURRENTMARKETV4BESTMARKETQUERY,$MM1,CBOE2,$CLASS1PRODUCT1,100,2,10,05,100,2,10,20,TRUE,TRUE,Comment
ORDER,$MM1,$MM1EXCHANGE,$MM1EXECFIRM,SJK,5531,ABC,*,$MM1EXCHANGE,$MM1,100,$CLASS1PRODUCT1,S,2,10,15,D,21/12/2003 6:00:00.0,1,1,0,00,0,-,-,-,$MM1,$MM1,C,FALSE,C,U,0,-,-,$SESSION1,TRUE,TRUE,Comment
CURRENTMARKETV4BESTMARKETQUERY,$MM1,CBOE2,$CLASS1PRODUCT1,100,2,10,05,100,2,10,15,TRUE,TRUE,Comment
PAUSE,1000
TOPOFBOOKVERIFICATION,$MM1,$SESSION1,$CLASS1PRODUCT1,100,2,10,05,100,2,10,15,TRUE,TRUE,Comment
INTERNALIZEDORDER,$CUST1,2,$CUST1EXCHANGE,$CUST1EXECFIRM,JVI,6681,ABC,*,$CUST1EXCHANGE,$CUST1,500,$CLASS1PRODUCT1,B,2,10,00,D,21/12/2003 6:00:00.0,1,1,0,00,0,-,-,-,$CUST1,$CUST1,C,FALSE,M,U,0,A:AIQ;,-,$SESSION1,$CUST1EXCHANGE,$CUST1EXECFIRM,JVI,66811,ABC,*,$CUST1EXCHANGE,$CUST1,500,$CLASS1PRODUCT1,S,2,10,00,D,21/12/2003 6:00:00.0,1,1,0,00,0,-,-,-,$CUST1,$CUST1,C,FALSE,M,U,0,A:RE;,-,$SESSION1,TRUE,TRUE,Comment
ORDERCANCELVERIFICATION,$CUST1,$CUST1EXCHANGE,$CUST1EXECFIRM,JVI,6681,ABC,*,$SESSION1,$CLASS1PRODUCT1,3,500,TRUE,TRUE,Comment
ORDERCANCELVERIFICATION,$CUST1,$CUST1EXCHANGE,$CUST1EXECFIRM,JVI,66811,ABC,*,$SESSION1,$CLASS1PRODUCT1,3,500,TRUE,TRUE,Comment
CURRENTMARKETV4BESTMARKETQUERY,$MM1,CBOE2,$CLASS1PRODUCT1,100,2,10,05,100,2,10,15,TRUE,TRUE,Comment
TOPOFBOOKVERIFICATION,$MM1,$SESSION1,$CLASS1PRODUCT1,100,2,10,05,100,2,10,15,TRUE,TRUE,Comment
ORDERCANCELBYIDNOWAIT,$MM1,$MM1EXCHANGE,$MM1EXECFIRM,JUC,8592,ABC,*,100,$SESSION1,1,TRUE,TRUE,Comment
ORDERCANCELVERIFICATION,$MM1,$MM1EXCHANGE,$MM1EXECFIRM,JUC,8592,ABC,*,$SESSION1,$CLASS1PRODUCT1,2,100,TRUE,TRUE,Comment
ORDERCANCELBYIDNOWAIT,$MM1,$MM1EXCHANGE,$MM1EXECFIRM,SJK,5531,ABC,*,100,$SESSION1,1,TRUE,TRUE,Comment
ORDERCANCELVERIFICATION,$MM1,$MM1EXCHANGE,$MM1EXECFIRM,SJK,5531,ABC,*,$SESSION1,$CLASS1PRODUCT1,2,100,TRUE,TRUE,Comment
QUOTECANCEL,$MM1,$SESSION1,$CLASS1PRODUCT1,2,TRUE,TRUE,Comment
QUOTECANCELVERIFICATION,$MM1,$SESSION1,$CLASS1PRODUCT1,2,TRUE,TRUE,Comment

COMMENT, Test Case 17:If a QCT trade price occurs equal TOB for PO on Ask side and MO is worse than TOB on same side;QCT order is rejected
CLEARALLCALLBACKS,$MM1
SETPRODUCTSTATEBYPRODUCT,$SA1,$SESSION1,$CLASS1PRODUCT1,$CLASS1,1,TRUE,TRUE,Comment
PRODUCTSTATEQUERY,$SA1,$SESSION1,$CLASS1PRODUCT1,1,TRUE,TRUE,Comment
SETPRODUCTSTATEBYPRODUCT,$SA1,$SESSION1,$CLASS1PRODUCT1,$CLASS1,2,TRUE,TRUE,Comment
PRODUCTSTATEQUERY,$SA1,$SESSION1,$CLASS1PRODUCT1,2,TRUE,TRUE,Comment
SETPRODUCTSTATEBYPRODUCT,$SA1,$SESSION1,$CLASS1PRODUCT1,$CLASS1,3,TRUE,TRUE,Comment
PRODUCTSTATEQUERY,$SA1,$SESSION1,$CLASS1PRODUCT1,3,TRUE,TRUE,Comment
SETPRODUCTSTATEBYPRODUCT,$SA1,$SESSION1,$CLASS1PRODUCT1,$CLASS1,4,TRUE,TRUE,Comment
PRODUCTSTATEQUERY,$SA1,$SESSION1,$CLASS1PRODUCT1,4,TRUE,TRUE,Comment
UPDATEBOTR,$SA1,$SESSION1,$CLASS1,$CLASS1PRODUCT1,B,9.90,NYSE=100,TRUE,TRUE,Comment
UPDATEBOTR,$SA1,$SESSION1,$CLASS1,$CLASS1PRODUCT1,S,10.30,NYSE=100,TRUE,TRUE,Comment
TOPOFBOOKVERIFICATION,$MM1,$SESSION1,$CLASS1PRODUCT1,0,1,0,00,0,1,0,00,TRUE,TRUE,Comment
QUOTE,$MM1,2,10,00,100,2,10,20,100,$CLASS1PRODUCT1,$SESSION1,User Assigned Id..,TRUE,TRUE,Comment
CURRENTMARKETV4BESTMARKETQUERY,$MM1,CBOE2,$CLASS1PRODUCT1,100,2,10,00,100,2,10,20,TRUE,TRUE,Comment
ORDER,$MM1,$MM1EXCHANGE,$MM1EXECFIRM,XFT,2513,ABC,*,$MM1EXCHANGE,$MM1,100,$CLASS1PRODUCT1,B,2,10,05,D,21/12/2003 6:00:00.0,1,1,0,00,0,-,-,-,$MM1,$MM1,C,FALSE,C,U,0,-,-,$SESSION1,TRUE,TRUE,Comment
CURRENTMARKETV4BESTMARKETQUERY,$MM1,CBOE2,$CLASS1PRODUCT1,100,2,10,05,100,2,10,20,TRUE,TRUE,Comment
ORDER,$MM1,$MM1EXCHANGE,$MM1EXECFIRM,CUK,5855,ABC,*,$MM1EXCHANGE,$MM1,100,$CLASS1PRODUCT1,S,2,10,15,D,21/12/2003 6:00:00.0,1,1,0,00,0,-,-,-,$MM1,$MM1,C,FALSE,C,U,0,-,-,$SESSION1,TRUE,TRUE,Comment
CURRENTMARKETV4BESTMARKETQUERY,$MM1,CBOE2,$CLASS1PRODUCT1,100,2,10,05,100,2,10,15,TRUE,TRUE,Comment
PAUSE,1000
TOPOFBOOKVERIFICATION,$MM1,$SESSION1,$CLASS1PRODUCT1,100,2,10,05,100,2,10,15,TRUE,TRUE,Comment
INTERNALIZEDORDER,$CUST1,2,$CUST1EXCHANGE,$CUST1EXECFIRM,XYK,918,ABC,*,$CUST1EXCHANGE,$CUST1,500,$CLASS1PRODUCT1,B,2,10,15,D,21/12/2003 6:00:00.0,1,1,0,00,0,-,-,-,$CUST1,$CUST1,C,FALSE,M,U,0,A:AIQ;,-,$SESSION1,$CUST1EXCHANGE,$CUST1EXECFIRM,XYK,9181,ABC,*,$CUST1EXCHANGE,$CUST1,500,$CLASS1PRODUCT1,S,2,10,20,D,21/12/2003 6:00:00.0,1,1,0,00,0,-,-,-,$CUST1,$CUST1,C,FALSE,M,U,0,A:RE;,-,$SESSION1,FALSE,TRUE,Comment
CURRENTMARKETV4BESTMARKETQUERY,$MM1,CBOE2,$CLASS1PRODUCT1,100,2,10,05,100,2,10,15,TRUE,TRUE,Comment
TOPOFBOOKVERIFICATION,$MM1,$SESSION1,$CLASS1PRODUCT1,100,2,10,05,100,2,10,15,TRUE,TRUE,Comment
ORDERCANCELBYIDNOWAIT,$MM1,$MM1EXCHANGE,$MM1EXECFIRM,XFT,2513,ABC,*,100,$SESSION1,1,TRUE,TRUE,Comment
ORDERCANCELVERIFICATION,$MM1,$MM1EXCHANGE,$MM1EXECFIRM,XFT,2513,ABC,*,$SESSION1,$CLASS1PRODUCT1,2,100,TRUE,TRUE,Comment
ORDERCANCELBYIDNOWAIT,$MM1,$MM1EXCHANGE,$MM1EXECFIRM,CUK,5855,ABC,*,100,$SESSION1,1,TRUE,TRUE,Comment
ORDERCANCELVERIFICATION,$MM1,$MM1EXCHANGE,$MM1EXECFIRM,CUK,5855,ABC,*,$SESSION1,$CLASS1PRODUCT1,2,100,TRUE,TRUE,Comment
QUOTECANCEL,$MM1,$SESSION1,$CLASS1PRODUCT1,2,TRUE,TRUE,Comment
QUOTECANCELVERIFICATION,$MM1,$SESSION1,$CLASS1PRODUCT1,2,TRUE,TRUE,Comment

COMMENT, Test Case 18:If a QCT trade price occurs better than TOB for PO on Ask side and MO is worse than TOB on same side;QCT order is rejected
CLEARALLCALLBACKS,$MM1
SETPRODUCTSTATEBYPRODUCT,$SA1,$SESSION1,$CLASS1PRODUCT1,$CLASS1,1,TRUE,TRUE,Comment
PRODUCTSTATEQUERY,$SA1,$SESSION1,$CLASS1PRODUCT1,1,TRUE,TRUE,Comment
SETPRODUCTSTATEBYPRODUCT,$SA1,$SESSION1,$CLASS1PRODUCT1,$CLASS1,2,TRUE,TRUE,Comment
PRODUCTSTATEQUERY,$SA1,$SESSION1,$CLASS1PRODUCT1,2,TRUE,TRUE,Comment
SETPRODUCTSTATEBYPRODUCT,$SA1,$SESSION1,$CLASS1PRODUCT1,$CLASS1,3,TRUE,TRUE,Comment
PRODUCTSTATEQUERY,$SA1,$SESSION1,$CLASS1PRODUCT1,3,TRUE,TRUE,Comment
SETPRODUCTSTATEBYPRODUCT,$SA1,$SESSION1,$CLASS1PRODUCT1,$CLASS1,4,TRUE,TRUE,Comment
PRODUCTSTATEQUERY,$SA1,$SESSION1,$CLASS1PRODUCT1,4,TRUE,TRUE,Comment
UPDATEBOTR,$SA1,$SESSION1,$CLASS1,$CLASS1PRODUCT1,B,9.90,NYSE=100,TRUE,TRUE,Comment
UPDATEBOTR,$SA1,$SESSION1,$CLASS1,$CLASS1PRODUCT1,S,10.30,NYSE=100,TRUE,TRUE,Comment
TOPOFBOOKVERIFICATION,$MM1,$SESSION1,$CLASS1PRODUCT1,0,1,0,00,0,1,0,00,TRUE,TRUE,Comment
QUOTE,$MM1,2,10,00,100,2,10,20,100,$CLASS1PRODUCT1,$SESSION1,User Assigned Id..,TRUE,TRUE,Comment
CURRENTMARKETV4BESTMARKETQUERY,$MM1,CBOE2,$CLASS1PRODUCT1,100,2,10,00,100,2,10,20,TRUE,TRUE,Comment
ORDER,$MM1,$MM1EXCHANGE,$MM1EXECFIRM,DKO,5035,ABC,*,$MM1EXCHANGE,$MM1,100,$CLASS1PRODUCT1,B,2,10,05,D,21/12/2003 6:00:00.0,1,1,0,00,0,-,-,-,$MM1,$MM1,C,FALSE,C,U,0,-,-,$SESSION1,TRUE,TRUE,Comment
CURRENTMARKETV4BESTMARKETQUERY,$MM1,CBOE2,$CLASS1PRODUCT1,100,2,10,05,100,2,10,20,TRUE,TRUE,Comment
ORDER,$MM1,$MM1EXCHANGE,$MM1EXECFIRM,NKW,7256,ABC,*,$MM1EXCHANGE,$MM1,100,$CLASS1PRODUCT1,S,2,10,15,D,21/12/2003 6:00:00.0,1,1,0,00,0,-,-,-,$MM1,$MM1,C,FALSE,C,U,0,-,-,$SESSION1,TRUE,TRUE,Comment
CURRENTMARKETV4BESTMARKETQUERY,$MM1,CBOE2,$CLASS1PRODUCT1,100,2,10,05,100,2,10,15,TRUE,TRUE,Comment
PAUSE,1000
TOPOFBOOKVERIFICATION,$MM1,$SESSION1,$CLASS1PRODUCT1,100,2,10,05,100,2,10,15,TRUE,TRUE,Comment
INTERNALIZEDORDER,$CUST1,2,$CUST1EXCHANGE,$CUST1EXECFIRM,NLQ,9831,ABC,*,$CUST1EXCHANGE,$CUST1,500,$CLASS1PRODUCT1,B,2,10,10,D,21/12/2003 6:00:00.0,1,1,0,00,0,-,-,-,$CUST1,$CUST1,C,FALSE,M,U,0,A:AIQ;,-,$SESSION1,$CUST1EXCHANGE,$CUST1EXECFIRM,NLQ,98311,ABC,*,$CUST1EXCHANGE,$CUST1,500,$CLASS1PRODUCT1,S,2,10,20,D,21/12/2003 6:00:00.0,1,1,0,00,0,-,-,-,$CUST1,$CUST1,C,FALSE,M,U,0,A:RE;,-,$SESSION1,FALSE,TRUE,Comment
CURRENTMARKETV4BESTMARKETQUERY,$MM1,CBOE2,$CLASS1PRODUCT1,100,2,10,05,100,2,10,15,TRUE,TRUE,Comment
TOPOFBOOKVERIFICATION,$MM1,$SESSION1,$CLASS1PRODUCT1,100,2,10,05,100,2,10,15,TRUE,TRUE,Comment
ORDERCANCELBYIDNOWAIT,$MM1,$MM1EXCHANGE,$MM1EXECFIRM,DKO,5035,ABC,*,100,$SESSION1,1,TRUE,TRUE,Comment
ORDERCANCELVERIFICATION,$MM1,$MM1EXCHANGE,$MM1EXECFIRM,DKO,5035,ABC,*,$SESSION1,$CLASS1PRODUCT1,2,100,TRUE,TRUE,Comment
ORDERCANCELBYIDNOWAIT,$MM1,$MM1EXCHANGE,$MM1EXECFIRM,NKW,7256,ABC,*,100,$SESSION1,1,TRUE,TRUE,Comment
ORDERCANCELVERIFICATION,$MM1,$MM1EXCHANGE,$MM1EXECFIRM,NKW,7256,ABC,*,$SESSION1,$CLASS1PRODUCT1,2,100,TRUE,TRUE,Comment
QUOTECANCEL,$MM1,$SESSION1,$CLASS1PRODUCT1,2,TRUE,TRUE,Comment
QUOTECANCELVERIFICATION,$MM1,$SESSION1,$CLASS1PRODUCT1,2,TRUE,TRUE,Comment

COMMENT, Test Case 19:If a QCT trade price occurs equal TOB for PO on Bid side and MO is worse than TOB on opposite side;QCT order is rejected
CLEARALLCALLBACKS,$MM1
SETPRODUCTSTATEBYPRODUCT,$SA1,$SESSION1,$CLASS1PRODUCT1,$CLASS1,1,TRUE,TRUE,Comment
PRODUCTSTATEQUERY,$SA1,$SESSION1,$CLASS1PRODUCT1,1,TRUE,TRUE,Comment
SETPRODUCTSTATEBYPRODUCT,$SA1,$SESSION1,$CLASS1PRODUCT1,$CLASS1,2,TRUE,TRUE,Comment
PRODUCTSTATEQUERY,$SA1,$SESSION1,$CLASS1PRODUCT1,2,TRUE,TRUE,Comment
SETPRODUCTSTATEBYPRODUCT,$SA1,$SESSION1,$CLASS1PRODUCT1,$CLASS1,3,TRUE,TRUE,Comment
PRODUCTSTATEQUERY,$SA1,$SESSION1,$CLASS1PRODUCT1,3,TRUE,TRUE,Comment
SETPRODUCTSTATEBYPRODUCT,$SA1,$SESSION1,$CLASS1PRODUCT1,$CLASS1,4,TRUE,TRUE,Comment
PRODUCTSTATEQUERY,$SA1,$SESSION1,$CLASS1PRODUCT1,4,TRUE,TRUE,Comment
UPDATEBOTR,$SA1,$SESSION1,$CLASS1,$CLASS1PRODUCT1,B,9.90,NYSE=100,TRUE,TRUE,Comment
UPDATEBOTR,$SA1,$SESSION1,$CLASS1,$CLASS1PRODUCT1,S,10.30,NYSE=100,TRUE,TRUE,Comment
TOPOFBOOKVERIFICATION,$MM1,$SESSION1,$CLASS1PRODUCT1,0,1,0,00,0,1,0,00,TRUE,TRUE,Comment
QUOTE,$MM1,2,10,00,100,2,10,20,100,$CLASS1PRODUCT1,$SESSION1,User Assigned Id..,TRUE,TRUE,Comment
CURRENTMARKETV4BESTMARKETQUERY,$MM1,CBOE2,$CLASS1PRODUCT1,100,2,10,00,100,2,10,20,TRUE,TRUE,Comment
ORDER,$MM1,$MM1EXCHANGE,$MM1EXECFIRM,DCY,7298,ABC,*,$MM1EXCHANGE,$MM1,100,$CLASS1PRODUCT1,B,2,10,05,D,21/12/2003 6:00:00.0,1,1,0,00,0,-,-,-,$MM1,$MM1,C,FALSE,C,U,0,-,-,$SESSION1,TRUE,TRUE,Comment
CURRENTMARKETV4BESTMARKETQUERY,$MM1,CBOE2,$CLASS1PRODUCT1,100,2,10,05,100,2,10,20,TRUE,TRUE,Comment
ORDER,$MM1,$MM1EXCHANGE,$MM1EXECFIRM,EHP,8949,ABC,*,$MM1EXCHANGE,$MM1,100,$CLASS1PRODUCT1,S,2,10,15,D,21/12/2003 6:00:00.0,1,1,0,00,0,-,-,-,$MM1,$MM1,C,FALSE,C,U,0,-,-,$SESSION1,TRUE,TRUE,Comment
CURRENTMARKETV4BESTMARKETQUERY,$MM1,CBOE2,$CLASS1PRODUCT1,100,2,10,05,100,2,10,15,TRUE,TRUE,Comment
PAUSE,1000
TOPOFBOOKVERIFICATION,$MM1,$SESSION1,$CLASS1PRODUCT1,100,2,10,05,100,2,10,15,TRUE,TRUE,Comment
INTERNALIZEDORDER,$CUST1,2,$CUST1EXCHANGE,$CUST1EXECFIRM,UDR,4292,ABC,*,$CUST1EXCHANGE,$CUST1,500,$CLASS1PRODUCT1,B,2,10,05,D,21/12/2003 6:00:00.0,1,1,0,00,0,-,-,-,$CUST1,$CUST1,C,FALSE,M,U,0,A:AIQ;,-,$SESSION1,$CUST1EXCHANGE,$CUST1EXECFIRM,UDR,42921,ABC,*,$CUST1EXCHANGE,$CUST1,500,$CLASS1PRODUCT1,S,2,10,20,D,21/12/2003 6:00:00.0,1,1,0,00,0,-,-,-,$CUST1,$CUST1,C,FALSE,M,U,0,A:RE;,-,$SESSION1,FALSE,TRUE,Comment
CURRENTMARKETV4BESTMARKETQUERY,$MM1,CBOE2,$CLASS1PRODUCT1,100,2,10,05,100,2,10,15,TRUE,TRUE,Comment
TOPOFBOOKVERIFICATION,$MM1,$SESSION1,$CLASS1PRODUCT1,100,2,10,05,100,2,10,15,TRUE,TRUE,Comment
ORDERCANCELBYIDNOWAIT,$MM1,$MM1EXCHANGE,$MM1EXECFIRM,DCY,7298,ABC,*,100,$SESSION1,1,TRUE,TRUE,Comment
ORDERCANCELVERIFICATION,$MM1,$MM1EXCHANGE,$MM1EXECFIRM,DCY,7298,ABC,*,$SESSION1,$CLASS1PRODUCT1,2,100,TRUE,TRUE,Comment
ORDERCANCELBYIDNOWAIT,$MM1,$MM1EXCHANGE,$MM1EXECFIRM,EHP,8949,ABC,*,100,$SESSION1,1,TRUE,TRUE,Comment
ORDERCANCELVERIFICATION,$MM1,$MM1EXCHANGE,$MM1EXECFIRM,EHP,8949,ABC,*,$SESSION1,$CLASS1PRODUCT1,2,100,TRUE,TRUE,Comment
QUOTECANCEL,$MM1,$SESSION1,$CLASS1PRODUCT1,2,TRUE,TRUE,Comment
QUOTECANCELVERIFICATION,$MM1,$SESSION1,$CLASS1PRODUCT1,2,TRUE,TRUE,Comment

COMMENT, Test Case 20:QCT trade price occurs equal TOB for PO and MO on Ask side;no resting customer orders on TOB;QCT order is traded
CLEARALLCALLBACKS,$MM1
SETPRODUCTSTATEBYPRODUCT,$SA1,$SESSION1,$CLASS1PRODUCT1,$CLASS1,1,TRUE,TRUE,Comment
PRODUCTSTATEQUERY,$SA1,$SESSION1,$CLASS1PRODUCT1,1,TRUE,TRUE,Comment
SETPRODUCTSTATEBYPRODUCT,$SA1,$SESSION1,$CLASS1PRODUCT1,$CLASS1,2,TRUE,TRUE,Comment
PRODUCTSTATEQUERY,$SA1,$SESSION1,$CLASS1PRODUCT1,2,TRUE,TRUE,Comment
SETPRODUCTSTATEBYPRODUCT,$SA1,$SESSION1,$CLASS1PRODUCT1,$CLASS1,3,TRUE,TRUE,Comment
PRODUCTSTATEQUERY,$SA1,$SESSION1,$CLASS1PRODUCT1,3,TRUE,TRUE,Comment
SETPRODUCTSTATEBYPRODUCT,$SA1,$SESSION1,$CLASS1PRODUCT1,$CLASS1,4,TRUE,TRUE,Comment
PRODUCTSTATEQUERY,$SA1,$SESSION1,$CLASS1PRODUCT1,4,TRUE,TRUE,Comment
UPDATEBOTR,$SA1,$SESSION1,$CLASS1,$CLASS1PRODUCT1,B,9.90,NYSE=100,TRUE,TRUE,Comment
UPDATEBOTR,$SA1,$SESSION1,$CLASS1,$CLASS1PRODUCT1,S,10.30,NYSE=100,TRUE,TRUE,Comment
TOPOFBOOKVERIFICATION,$MM1,$SESSION1,$CLASS1PRODUCT1,0,1,0,00,0,1,0,00,TRUE,TRUE,Comment
QUOTE,$MM1,2,10,00,100,2,10,20,100,$CLASS1PRODUCT1,$SESSION1,User Assigned Id..,TRUE,TRUE,Comment
CURRENTMARKETV4BESTMARKETQUERY,$MM1,CBOE2,$CLASS1PRODUCT1,100,2,10,00,100,2,10,20,TRUE,TRUE,Comment
ORDER,$MM1,$MM1EXCHANGE,$MM1EXECFIRM,ECN,9705,ABC,*,$MM1EXCHANGE,$MM1,100,$CLASS1PRODUCT1,B,2,10,05,D,21/12/2003 6:00:00.0,1,1,0,00,0,-,-,-,$MM1,$MM1,C,FALSE,M,U,0,-,-,$SESSION1,TRUE,TRUE,Comment
CURRENTMARKETV4BESTMARKETQUERY,$MM1,CBOE2,$CLASS1PRODUCT1,100,2,10,05,100,2,10,20,TRUE,TRUE,Comment
ORDER,$MM1,$MM1EXCHANGE,$MM1EXECFIRM,BQD,9986,ABC,*,$MM1EXCHANGE,$MM1,100,$CLASS1PRODUCT1,S,2,10,15,D,21/12/2003 6:00:00.0,1,1,0,00,0,-,-,-,$MM1,$MM1,C,FALSE,F,U,0,-,-,$SESSION1,TRUE,TRUE,Comment
CURRENTMARKETV4BESTMARKETQUERY,$MM1,CBOE2,$CLASS1PRODUCT1,100,2,10,05,100,2,10,15,TRUE,TRUE,Comment
PAUSE,1000
TOPOFBOOKVERIFICATION,$MM1,$SESSION1,$CLASS1PRODUCT1,100,2,10,05,100,2,10,15,TRUE,TRUE,Comment
INTERNALIZEDORDER,$CUST1,2,$CUST1EXCHANGE,$CUST1EXECFIRM,PZG,5928,ABC,*,$CUST1EXCHANGE,$CUST1,500,$CLASS1PRODUCT1,B,2,10,15,D,21/12/2003 6:00:00.0,1,1,0,00,0,-,-,-,$CUST1,$CUST1,C,FALSE,M,U,0,A:AIQ;,-,$SESSION1,$CUST1EXCHANGE,$CUST1EXECFIRM,PZG,59281,ABC,*,$CUST1EXCHANGE,$CUST1,500,$CLASS1PRODUCT1,S,2,10,15,D,21/12/2003 6:00:00.0,1,1,0,00,0,-,-,-,$CUST1,$CUST1,C,FALSE,M,U,0,A:RE;,-,$SESSION1,TRUE,TRUE,Comment
PAUSE,1000
LASTSALEQUERY,$MM1,$SESSION1,$CLASS1PRODUCT1,2,10,15,500,TRUE,TRUE,Comment
ORDERFILLVERIFICATION,$CUST1,$CUST1EXCHANGE,$CUST1EXECFIRM,PZG,5928,ABC,*,0,0,3,500,1,2,10,15,TRUE,TRUE,Comment
ORDERFILLVERIFICATION,$CUST1,$CUST1EXCHANGE,$CUST1EXECFIRM,PZG,59281,ABC,*,0,0,3,500,1,2,10,15,TRUE,TRUE,Comment
CURRENTMARKETV4BESTMARKETQUERY,$MM1,CBOE2,$CLASS1PRODUCT1,100,2,10,05,100,2,10,15,TRUE,TRUE,Comment
TOPOFBOOKVERIFICATION,$MM1,$SESSION1,$CLASS1PRODUCT1,100,2,10,05,100,2,10,15,TRUE,TRUE,Comment
ORDERCANCELBYIDNOWAIT,$MM1,$MM1EXCHANGE,$MM1EXECFIRM,ECN,9705,ABC,*,100,$SESSION1,1,TRUE,TRUE,Comment
ORDERCANCELVERIFICATION,$MM1,$MM1EXCHANGE,$MM1EXECFIRM,ECN,9705,ABC,*,$SESSION1,$CLASS1PRODUCT1,2,100,TRUE,TRUE,Comment
ORDERCANCELBYIDNOWAIT,$MM1,$MM1EXCHANGE,$MM1EXECFIRM,BQD,9986,ABC,*,100,$SESSION1,1,TRUE,TRUE,Comment
ORDERCANCELVERIFICATION,$MM1,$MM1EXCHANGE,$MM1EXECFIRM,BQD,9986,ABC,*,$SESSION1,$CLASS1PRODUCT1,2,100,TRUE,TRUE,Comment
QUOTECANCEL,$MM1,$SESSION1,$CLASS1PRODUCT1,2,TRUE,TRUE,Comment
QUOTECANCELVERIFICATION,$MM1,$SESSION1,$CLASS1PRODUCT1,2,TRUE,TRUE,Comment

COMMENT, Test Case 21:QCT trade price occurs equal TOB for PO and MO on Bid side;no resting customer orders on TOB;QCT order is traded
CLEARALLCALLBACKS,$MM1
SETPRODUCTSTATEBYPRODUCT,$SA1,$SESSION1,$CLASS1PRODUCT1,$CLASS1,1,TRUE,TRUE,Comment
PRODUCTSTATEQUERY,$SA1,$SESSION1,$CLASS1PRODUCT1,1,TRUE,TRUE,Comment
SETPRODUCTSTATEBYPRODUCT,$SA1,$SESSION1,$CLASS1PRODUCT1,$CLASS1,2,TRUE,TRUE,Comment
PRODUCTSTATEQUERY,$SA1,$SESSION1,$CLASS1PRODUCT1,2,TRUE,TRUE,Comment
SETPRODUCTSTATEBYPRODUCT,$SA1,$SESSION1,$CLASS1PRODUCT1,$CLASS1,3,TRUE,TRUE,Comment
PRODUCTSTATEQUERY,$SA1,$SESSION1,$CLASS1PRODUCT1,3,TRUE,TRUE,Comment
SETPRODUCTSTATEBYPRODUCT,$SA1,$SESSION1,$CLASS1PRODUCT1,$CLASS1,4,TRUE,TRUE,Comment
PRODUCTSTATEQUERY,$SA1,$SESSION1,$CLASS1PRODUCT1,4,TRUE,TRUE,Comment
UPDATEBOTR,$SA1,$SESSION1,$CLASS1,$CLASS1PRODUCT1,B,9.90,NYSE=100,TRUE,TRUE,Comment
UPDATEBOTR,$SA1,$SESSION1,$CLASS1,$CLASS1PRODUCT1,S,10.30,NYSE=100,TRUE,TRUE,Comment
TOPOFBOOKVERIFICATION,$MM1,$SESSION1,$CLASS1PRODUCT1,0,1,0,00,0,1,0,00,TRUE,TRUE,Comment
QUOTE,$MM1,2,10,00,100,2,10,20,100,$CLASS1PRODUCT1,$SESSION1,User Assigned Id..,TRUE,TRUE,Comment
CURRENTMARKETV4BESTMARKETQUERY,$MM1,CBOE2,$CLASS1PRODUCT1,100,2,10,00,100,2,10,20,TRUE,TRUE,Comment
ORDER,$MM1,$MM1EXCHANGE,$MM1EXECFIRM,PML,9946,ABC,*,$MM1EXCHANGE,$MM1,100,$CLASS1PRODUCT1,B,2,10,05,D,21/12/2003 6:00:00.0,1,1,0,00,0,-,-,-,$MM1,$MM1,C,FALSE,M,U,0,-,-,$SESSION1,TRUE,TRUE,Comment
CURRENTMARKETV4BESTMARKETQUERY,$MM1,CBOE2,$CLASS1PRODUCT1,100,2,10,05,100,2,10,20,TRUE,TRUE,Comment
ORDER,$MM1,$MM1EXCHANGE,$MM1EXECFIRM,DPH,3348,ABC,*,$MM1EXCHANGE,$MM1,100,$CLASS1PRODUCT1,S,2,10,15,D,21/12/2003 6:00:00.0,1,1,0,00,0,-,-,-,$MM1,$MM1,C,FALSE,F,U,0,-,-,$SESSION1,TRUE,TRUE,Comment
CURRENTMARKETV4BESTMARKETQUERY,$MM1,CBOE2,$CLASS1PRODUCT1,100,2,10,05,100,2,10,15,TRUE,TRUE,Comment
PAUSE,1000
TOPOFBOOKVERIFICATION,$MM1,$SESSION1,$CLASS1PRODUCT1,100,2,10,05,100,2,10,15,TRUE,TRUE,Comment
INTERNALIZEDORDER,$CUST1,2,$CUST1EXCHANGE,$CUST1EXECFIRM,YEP,9191,ABC,*,$CUST1EXCHANGE,$CUST1,500,$CLASS1PRODUCT1,B,2,10,05,D,21/12/2003 6:00:00.0,1,1,0,00,0,-,-,-,$CUST1,$CUST1,C,FALSE,M,U,0,A:AIQ;,-,$SESSION1,$CUST1EXCHANGE,$CUST1EXECFIRM,YEP,91911,ABC,*,$CUST1EXCHANGE,$CUST1,500,$CLASS1PRODUCT1,S,2,10,05,D,21/12/2003 6:00:00.0,1,1,0,00,0,-,-,-,$CUST1,$CUST1,C,FALSE,M,U,0,A:RE;,-,$SESSION1,TRUE,TRUE,Comment
PAUSE,1000
LASTSALEQUERY,$MM1,$SESSION1,$CLASS1PRODUCT1,2,10,05,500,TRUE,TRUE,Comment
ORDERFILLVERIFICATION,$CUST1,$CUST1EXCHANGE,$CUST1EXECFIRM,YEP,9191,ABC,*,0,0,3,500,1,2,10,05,TRUE,TRUE,Comment
ORDERFILLVERIFICATION,$CUST1,$CUST1EXCHANGE,$CUST1EXECFIRM,YEP,91911,ABC,*,0,0,3,500,1,2,10,05,TRUE,TRUE,Comment
CURRENTMARKETV4BESTMARKETQUERY,$MM1,CBOE2,$CLASS1PRODUCT1,100,2,10,05,100,2,10,15,TRUE,TRUE,Comment
TOPOFBOOKVERIFICATION,$MM1,$SESSION1,$CLASS1PRODUCT1,100,2,10,05,100,2,10,15,TRUE,TRUE,Comment
ORDERCANCELBYIDNOWAIT,$MM1,$MM1EXCHANGE,$MM1EXECFIRM,PML,9946,ABC,*,100,$SESSION1,1,TRUE,TRUE,Comment
ORDERCANCELVERIFICATION,$MM1,$MM1EXCHANGE,$MM1EXECFIRM,PML,9946,ABC,*,$SESSION1,$CLASS1PRODUCT1,2,100,TRUE,TRUE,Comment
ORDERCANCELBYIDNOWAIT,$MM1,$MM1EXCHANGE,$MM1EXECFIRM,DPH,3348,ABC,*,100,$SESSION1,1,TRUE,TRUE,Comment
ORDERCANCELVERIFICATION,$MM1,$MM1EXCHANGE,$MM1EXECFIRM,DPH,3348,ABC,*,$SESSION1,$CLASS1PRODUCT1,2,100,TRUE,TRUE,Comment
QUOTECANCEL,$MM1,$SESSION1,$CLASS1PRODUCT1,2,TRUE,TRUE,Comment
QUOTECANCELVERIFICATION,$MM1,$SESSION1,$CLASS1PRODUCT1,2,TRUE,TRUE,Comment

COMMENT, Test Case 22:QCT trade price occurs equal TOB for PO and MO on Ask side;no resting orders on TOB;QCT order is traded
CLEARALLCALLBACKS,$MM1
SETPRODUCTSTATEBYPRODUCT,$SA1,$SESSION1,$CLASS1PRODUCT1,$CLASS1,1,TRUE,TRUE,Comment
PRODUCTSTATEQUERY,$SA1,$SESSION1,$CLASS1PRODUCT1,1,TRUE,TRUE,Comment
SETPRODUCTSTATEBYPRODUCT,$SA1,$SESSION1,$CLASS1PRODUCT1,$CLASS1,2,TRUE,TRUE,Comment
PRODUCTSTATEQUERY,$SA1,$SESSION1,$CLASS1PRODUCT1,2,TRUE,TRUE,Comment
SETPRODUCTSTATEBYPRODUCT,$SA1,$SESSION1,$CLASS1PRODUCT1,$CLASS1,3,TRUE,TRUE,Comment
PRODUCTSTATEQUERY,$SA1,$SESSION1,$CLASS1PRODUCT1,3,TRUE,TRUE,Comment
SETPRODUCTSTATEBYPRODUCT,$SA1,$SESSION1,$CLASS1PRODUCT1,$CLASS1,4,TRUE,TRUE,Comment
PRODUCTSTATEQUERY,$SA1,$SESSION1,$CLASS1PRODUCT1,4,TRUE,TRUE,Comment
UPDATEBOTR,$SA1,$SESSION1,$CLASS1,$CLASS1PRODUCT1,B,9.90,NYSE=100,TRUE,TRUE,Comment
UPDATEBOTR,$SA1,$SESSION1,$CLASS1,$CLASS1PRODUCT1,S,10.30,NYSE=100,TRUE,TRUE,Comment
TOPOFBOOKVERIFICATION,$MM1,$SESSION1,$CLASS1PRODUCT1,0,1,0,00,0,1,0,00,TRUE,TRUE,Comment
QUOTE,$MM1,2,10,00,100,2,10,20,100,$CLASS1PRODUCT1,$SESSION1,User Assigned Id..,TRUE,TRUE,Comment
CURRENTMARKETV4BESTMARKETQUERY,$MM1,CBOE2,$CLASS1PRODUCT1,100,2,10,00,100,2,10,20,TRUE,TRUE,Comment
INTERNALIZEDORDER,$CUST1,2,$CUST1EXCHANGE,$CUST1EXECFIRM,KIK,4642,ABC,*,$CUST1EXCHANGE,$CUST1,500,$CLASS1PRODUCT1,B,2,10,20,D,21/12/2003 6:00:00.0,1,1,0,00,0,-,-,-,$CUST1,$CUST1,C,FALSE,M,U,0,A:AIQ;,-,$SESSION1,$CUST1EXCHANGE,$CUST1EXECFIRM,KIK,46421,ABC,*,$CUST1EXCHANGE,$CUST1,500,$CLASS1PRODUCT1,S,2,10,20,D,21/12/2003 6:00:00.0,1,1,0,00,0,-,-,-,$CUST1,$CUST1,C,FALSE,M,U,0,A:RE;,-,$SESSION1,TRUE,TRUE,Comment
PAUSE,1000
LASTSALEQUERY,$MM1,$SESSION1,$CLASS1PRODUCT1,2,10,20,500,TRUE,TRUE,Comment
ORDERFILLVERIFICATION,$CUST1,$CUST1EXCHANGE,$CUST1EXECFIRM,KIK,4642,ABC,*,0,0,3,500,1,2,10,20,TRUE,TRUE,Comment
ORDERFILLVERIFICATION,$CUST1,$CUST1EXCHANGE,$CUST1EXECFIRM,KIK,46421,ABC,*,0,0,3,500,1,2,10,20,TRUE,TRUE,Comment
CURRENTMARKETV4BESTMARKETQUERY,$MM1,CBOE2,$CLASS1PRODUCT1,100,2,10,00,100,2,10,20,TRUE,TRUE,Comment
TOPOFBOOKVERIFICATION,$MM1,$SESSION1,$CLASS1PRODUCT1,100,2,10,00,100,2,10,20,TRUE,TRUE,Comment
QUOTECANCEL,$MM1,$SESSION1,$CLASS1PRODUCT1,2,TRUE,TRUE,Comment
QUOTECANCELVERIFICATION,$MM1,$SESSION1,$CLASS1PRODUCT1,2,TRUE,TRUE,Comment

COMMENT, Test Case 23:QCT trade price occurs equal TOB for PO and MO on Bid side;no resting orders on TOB;QCT order is traded
CLEARALLCALLBACKS,$MM1
SETPRODUCTSTATEBYPRODUCT,$SA1,$SESSION1,$CLASS1PRODUCT1,$CLASS1,1,TRUE,TRUE,Comment
PRODUCTSTATEQUERY,$SA1,$SESSION1,$CLASS1PRODUCT1,1,TRUE,TRUE,Comment
SETPRODUCTSTATEBYPRODUCT,$SA1,$SESSION1,$CLASS1PRODUCT1,$CLASS1,2,TRUE,TRUE,Comment
PRODUCTSTATEQUERY,$SA1,$SESSION1,$CLASS1PRODUCT1,2,TRUE,TRUE,Comment
SETPRODUCTSTATEBYPRODUCT,$SA1,$SESSION1,$CLASS1PRODUCT1,$CLASS1,3,TRUE,TRUE,Comment
PRODUCTSTATEQUERY,$SA1,$SESSION1,$CLASS1PRODUCT1,3,TRUE,TRUE,Comment
SETPRODUCTSTATEBYPRODUCT,$SA1,$SESSION1,$CLASS1PRODUCT1,$CLASS1,4,TRUE,TRUE,Comment
PRODUCTSTATEQUERY,$SA1,$SESSION1,$CLASS1PRODUCT1,4,TRUE,TRUE,Comment
UPDATEBOTR,$SA1,$SESSION1,$CLASS1,$CLASS1PRODUCT1,B,9.90,NYSE=100,TRUE,TRUE,Comment
UPDATEBOTR,$SA1,$SESSION1,$CLASS1,$CLASS1PRODUCT1,S,10.30,NYSE=100,TRUE,TRUE,Comment
TOPOFBOOKVERIFICATION,$MM1,$SESSION1,$CLASS1PRODUCT1,0,1,0,00,0,1,0,00,TRUE,TRUE,Comment
QUOTE,$MM1,2,10,00,100,2,10,20,100,$CLASS1PRODUCT1,$SESSION1,User Assigned Id..,TRUE,TRUE,Comment
CURRENTMARKETV4BESTMARKETQUERY,$MM1,CBOE2,$CLASS1PRODUCT1,100,2,10,00,100,2,10,20,TRUE,TRUE,Comment
INTERNALIZEDORDER,$CUST1,2,$CUST1EXCHANGE,$CUST1EXECFIRM,WAM,1377,ABC,*,$CUST1EXCHANGE,$CUST1,500,$CLASS1PRODUCT1,B,2,10,00,D,21/12/2003 6:00:00.0,1,1,0,00,0,-,-,-,$CUST1,$CUST1,C,FALSE,M,U,0,A:AIQ;,-,$SESSION1,$CUST1EXCHANGE,$CUST1EXECFIRM,WAM,13771,ABC,*,$CUST1EXCHANGE,$CUST1,500,$CLASS1PRODUCT1,S,2,10,00,D,21/12/2003 6:00:00.0,1,1,0,00,0,-,-,-,$CUST1,$CUST1,C,FALSE,M,U,0,A:RE;,-,$SESSION1,TRUE,TRUE,Comment
PAUSE,1000
LASTSALEQUERY,$MM1,$SESSION1,$CLASS1PRODUCT1,2,10,00,500,TRUE,TRUE,Comment
ORDERFILLVERIFICATION,$CUST1,$CUST1EXCHANGE,$CUST1EXECFIRM,WAM,1377,ABC,*,0,0,3,500,1,2,10,00,TRUE,TRUE,Comment
ORDERFILLVERIFICATION,$CUST1,$CUST1EXCHANGE,$CUST1EXECFIRM,WAM,13771,ABC,*,0,0,3,500,1,2,10,00,TRUE,TRUE,Comment
CURRENTMARKETV4BESTMARKETQUERY,$MM1,CBOE2,$CLASS1PRODUCT1,100,2,10,00,100,2,10,20,TRUE,TRUE,Comment
TOPOFBOOKVERIFICATION,$MM1,$SESSION1,$CLASS1PRODUCT1,100,2,10,00,100,2,10,20,TRUE,TRUE,Comment
QUOTECANCEL,$MM1,$SESSION1,$CLASS1PRODUCT1,2,TRUE,TRUE,Comment
QUOTECANCELVERIFICATION,$MM1,$SESSION1,$CLASS1PRODUCT1,2,TRUE,TRUE,Comment

COMMENT, Test Case:Cleaning Up Task
TRADERLOGOUT,$MM1,TRUE,TRUE,Comment
OMTLOGOUT,$HOMT1,TRUE,TRUE,Comment
TRADERLOGOUT,$CUST1,TRUE,TRUE,Comment

SALOGOUT,$SA1,TRUE,TRUE,Comment
ENDPOINT,
PRINTOUTPUTSUMMARY,