TESTSUITENAME,QCT-Complex Customer order on the legs Test Plan
PRINTOUTPUTHEADING,
STARTPOINT,
SALOGIN,$SA1,$SA1,TRUE,TRUE,Comment


COMMENT, Test Cases:48

COMMENT, Test Environment Setup
SELECTCLASSESANDPRODUCTS,$SA1,$SESSION1,7,1,CLASS,4,PRODUCT,$HYBRIDCLASSLIST1,TRUE,TRUE,Comment
VERIFYSESSIONSTATE,$SA1,$SESSION1,2,TRUE,TRUE,Comment

COMMENT, User Setup
CREATEUSER,$SA1,$MM1,$MM1EXCHANGE,$MM1EXECFIRM,M,1,Automated API $MM1 User,FALSE,TRUE,TRUE,New User for Clearing Firm "671" and Exchange "CBOE" !
VERIFYUSEREXISTENCE,$SA1,$MM1EXCHANGE,$MM1,M,TRUE,TRUE,TRUE,Comment
CREATEUSER,$SA1,$HOMT1,$HOMT1EXCHANGE,$HOMT1EXECFIRM,A,1,Automated API $HOMT1 User,FALSE,TRUE,TRUE,New User for Clearing Firm "671" and Exchange "CBOE" !
VERIFYUSEREXISTENCE,$SA1,$HOMT1EXCHANGE,$HOMT1,A,TRUE,TRUE,TRUE,Comment
CREATEUSER,$SA1,$CUST1,$CUST1EXCHANGE,$CUST1EXECFIRM,X,1,Automated API $CUST1 User,FALSE,TRUE,TRUE,New User for Clearing Firm "671" and Exchange "CBOE" !
VERIFYUSEREXISTENCE,$SA1,$CUST1EXCHANGE,$CUST1,X,TRUE,TRUE,TRUE,Comment
TRADERLOGIN,$MM1,$MM1,$CASANDPORT,TRUE,TRUE,Comment
OMTLOGIN,$HOMT1,$HOMT1,$CASANDPORT,TRUE,TRUE,Comment
TRADERLOGIN,$CUST1,$CUST1,$CASANDPORT,TRUE,TRUE,Comment

STRATEGYCREATE,$MM1,$SESSION1,$CLASS1,$STRATEGY1,2,$CLASS1PRODUCT1,1,B,$CLASS1PRODUCT2,1,S,TRUE,TRUE,Comment
STRATEGYCREATE,$MM1,$SESSION1,$CLASS1,$STRATEGY2,3,$CLASS1PRODUCT1,5,B,$CLASS1PRODUCT2,4,B,$CLASS1PRODUCT3,3,S,TRUE,TRUE,Comment

COMMENT, Trading Property Setup
SETAUCTIONENABLED,$SA1,$SESSION1,$STRATEGYCLASS1,2:true,TRUE,TRUE,Comment
PAUSE,2000
VERIFYAUCTIONENABLED,$SA1,$SESSION1,$STRATEGYCLASS1,2:true,TRUE,TRUE,Comment
SETAUCTIONTIMETOLIVE,$SA1,$SESSION1,$STRATEGYCLASS1,2:10000-10000,TRUE,TRUE,Comment
PAUSE,2000
VERIFYAUCTIONTIMETOLIVE,$SA1,$SESSION1,$STRATEGYCLASS1,2:10000-10000,TRUE,TRUE,Comment
SETALLOWMARKETORDER,$SA1,$SESSION1,$STRATEGYCLASS1,TRUE,TRUE,TRUE,Comment
PAUSE,2000
VERIFYALLOWMARKETORDER,$SA1,$SESSION1,$STRATEGYCLASS1,TRUE,TRUE,TRUE,Comment
SETAUCTIONMINQUOTERS,$SA1,$SESSION1,$STRATEGYCLASS1,2:0,TRUE,TRUE,Comment
PAUSE,2000
VERIFYAUCTIONMINQUOTERS,$SA1,$SESSION1,$STRATEGYCLASS1,2:0,TRUE,TRUE,Comment
SETAUCTIONMINMAXORDERSIZE,$SA1,$SESSION1,$STRATEGYCLASS1,2:1-99999,TRUE,TRUE,Comment
PAUSE,2000
VERIFYAUCTIONMINMAXORDERSIZE,$SA1,$SESSION1,$STRATEGYCLASS1,2:1-99999,TRUE,TRUE,Comment
SETAUCTIONRECEIVERTYPES,$SA1,$SESSION1,$STRATEGYCLASS1,2:1,TRUE,TRUE,Comment
PAUSE,2000
VERIFYAUCTIONRECEIVERTYPES,$SA1,$SESSION1,$STRATEGYCLASS1,2:1,TRUE,TRUE,Comment
SETINDEXHYBRIDINDICATOR,$SA1,$SESSION1,$CLASS1,FALSE,TRUE,TRUE,Comment
PAUSE,2000
VERIFYINDEXHYBRIDINDICATOR,$SA1,$SESSION1,$CLASS1,FALSE,TRUE,TRUE,Comment
SETEXCHANGEPRESCRIBEDWIDTH,$SA1,$SESSION1,$CLASS1,0.0-3.0:0.5;3.0-10:1.0;10-99999:2.0,TRUE,TRUE,Comment
PAUSE,2000
VERIFYEXCHANGEPRESCRIBEDWIDTH,$SA1,$SESSION1,$CLASS1,0.0-3.0:0.5;3.0-10:1.0;10-99999:2.0,TRUE,TRUE,Comment
SETAUCTIONENABLED,$SA1,$SESSION1,$CLASS1,-8:false;5:false,TRUE,TRUE,Comment
PAUSE,2000
VERIFYAUCTIONENABLED,$SA1,$SESSION1,$CLASS1,-8:false;5:false,TRUE,TRUE,Comment
SETAUCTIONTIMETOLIVE,$SA1,$SESSION1,$CLASS1,-8:30000-30000,TRUE,TRUE,Comment
PAUSE,2000
VERIFYAUCTIONTIMETOLIVE,$SA1,$SESSION1,$CLASS1,-8:30000-30000,TRUE,TRUE,Comment
SETQCCMINVALUE,$SA1,$SESSION1,$CLASS1,500,TRUE,TRUE,Comment
PAUSE,2000
VERIFYQCCMINVALUE,$SA1,$SESSION1,$CLASS1,500,TRUE,TRUE,Comment
SETQCCMINVALUE,$SA1,$SESSION1,$STRATEGYCLASS1,500,TRUE,TRUE,Comment
PAUSE,2000
VERIFYQCCMINVALUE,$SA1,$SESSION1,$STRATEGYCLASS1,500,TRUE,TRUE,Comment

COMMENT, Routing Property Setup
SETFIRMVOLUMELIMIT,$SA1,$SESSION1,$MM1EXCHANGE,$MM1EXECFIRM,$CLASS1,50000,TRUE,TRUE,Comment
PAUSE,2000
VERIFYFIRMVOLUMELIMIT,$SA1,$SESSION1,$MM1EXCHANGE,$MM1EXECFIRM,$CLASS1,50000,TRUE,TRUE,Comment
SETFIRMVOLUMELIMIT,$SA1,$SESSION1,$MM1EXCHANGE,$MM1EXECFIRM,$STRATEGYCLASS1,50000,TRUE,TRUE,Comment
PAUSE,2000
VERIFYFIRMVOLUMELIMIT,$SA1,$SESSION1,$MM1EXCHANGE,$MM1EXECFIRM,$STRATEGYCLASS1,50000,TRUE,TRUE,Comment
SETHELPDESKDEFAULTDESTINATION,$SA1,$SESSION1,$MM1EXCHANGE,$MM1EXECFIRM,$CLASS1,$HOMT1,TRUE,TRUE,Comment
PAUSE,2000
VERIFYHELPDESKDEFAULTDESTINATION,$SA1,$SESSION1,$MM1EXCHANGE,$MM1EXECFIRM,$CLASS1,$HOMT1:7,TRUE,TRUE,Comment
SETHELPDESKDEFAULTDESTINATION,$SA1,$SESSION1,$MM1EXCHANGE,$MM1EXECFIRM,$STRATEGYCLASS1,$HOMT1,TRUE,TRUE,Comment
PAUSE,2000
VERIFYHELPDESKDEFAULTDESTINATION,$SA1,$SESSION1,$MM1EXCHANGE,$MM1EXECFIRM,$STRATEGYCLASS1,$HOMT1:7,TRUE,TRUE,Comment
SETVOLUMEDEVIATION,$SA1,$SESSION1,$MM1EXCHANGE,$MM1EXECFIRM,$CLASS1,*,1,50000,All,$TE,SIMPLE,TRUE,TRUE,Comment
PAUSE,2000
VERIFYVOLUMEDEVIATION,$SA1,$SESSION1,$MM1EXCHANGE,$MM1EXECFIRM,$CLASS1,*,1,50000,All,$TE,SIMPLE,TRUE,TRUE,Comment
SETVOLUMEDEVIATION,$SA1,$SESSION1,$MM1EXCHANGE,$MM1EXECFIRM,$STRATEGYCLASS1,*,1,50000,All,$TE,COMPLEX,TRUE,TRUE,Comment
PAUSE,2000
VERIFYVOLUMEDEVIATION,$SA1,$SESSION1,$MM1EXCHANGE,$MM1EXECFIRM,$STRATEGYCLASS1,*,1,50000,All,$TE,COMPLEX,TRUE,TRUE,Comment
SETCOAELIGIBLE,$SA1,$SESSION1,$MM1EXCHANGE,$MM1EXECFIRM,$STRATEGYCLASS1,*,0,TRUE,TRUE,Comment
PAUSE,2000
VERIFYCOAELIGIBLE,$SA1,$SESSION1,$MM1EXCHANGE,$MM1EXECFIRM,$STRATEGYCLASS1,*,0,TRUE,TRUE,Comment


COMMENT, Pre-Test Settings
SUBSCRIBECURRENTMARKET,$MM1,$SESSION1,$CLASS1,$CLASS1PRODUCT1,TRUE,TRUE,Comment
SUBSCRIBECURRENTMARKET,$MM1,$SESSION1,$CLASS1,$CLASS1PRODUCT2,TRUE,TRUE,Comment
SUBSCRIBEAUCTION,$MM1,$SESSION1,$STRATEGYCLASS1,2,TRUE,TRUE,Comment
SUBSCRIBERECAP,$MM1,$SESSION1,$STRATEGY1,TRUE,TRUE,Comment
SUBSCRIBECURRENTMARKET,$MM1,$SESSION1,$CLASS1,$CLASS1PRODUCT3,TRUE,TRUE,Comment
SUBSCRIBECURRENTMARKET,$MM1,$SESSION1,$CLASS1,$CLASS1PRODUCT4,TRUE,TRUE,Comment
SUBSCRIBERECAPSTRATEGY,$MM1,$SESSION1,$STRATEGYCLASS1,$STRATEGY1,TRUE,TRUE,Comment
SUBSCRIBERECAP,$MM1,$SESSION1,$CLASS1PRODUCT1,TRUE,TRUE,Comment
SUBSCRIBERECAP,$MM1,$SESSION1,$CLASS1PRODUCT2,TRUE,TRUE,Comment
SUBSCRIBERECAP,$MM1,$SESSION1,$STRATEGY2,TRUE,TRUE,Comment

COMMENT, Test Case 1:If a QCT trade leg price occurs better than the TOB both Customer legs;QCT orders is traded
CLEARALLCALLBACKS,$MM1
SETPRODUCTSTATEBYPRODUCT,$SA1,$SESSION1,$CLASS1PRODUCT1,$CLASS1,1,TRUE,TRUE,Comment
PRODUCTSTATEQUERY,$SA1,$SESSION1,$CLASS1PRODUCT1,1,TRUE,TRUE,Comment
SETPRODUCTSTATEBYPRODUCT,$SA1,$SESSION1,$CLASS1PRODUCT2,$CLASS1,1,TRUE,TRUE,Comment
PRODUCTSTATEQUERY,$SA1,$SESSION1,$CLASS1PRODUCT2,1,TRUE,TRUE,Comment
SETPRODUCTSTATEBYPRODUCT,$SA1,$SESSION1,$CLASS1PRODUCT1,$CLASS1,2,TRUE,TRUE,Comment
PRODUCTSTATEQUERY,$SA1,$SESSION1,$CLASS1PRODUCT1,2,TRUE,TRUE,Comment
SETPRODUCTSTATEBYPRODUCT,$SA1,$SESSION1,$CLASS1PRODUCT2,$CLASS1,2,TRUE,TRUE,Comment
PRODUCTSTATEQUERY,$SA1,$SESSION1,$CLASS1PRODUCT2,2,TRUE,TRUE,Comment
SETPRODUCTSTATEBYPRODUCT,$SA1,$SESSION1,$CLASS1PRODUCT1,$CLASS1,3,TRUE,TRUE,Comment
PRODUCTSTATEQUERY,$SA1,$SESSION1,$CLASS1PRODUCT1,3,TRUE,TRUE,Comment
SETPRODUCTSTATEBYPRODUCT,$SA1,$SESSION1,$CLASS1PRODUCT2,$CLASS1,3,TRUE,TRUE,Comment
PRODUCTSTATEQUERY,$SA1,$SESSION1,$CLASS1PRODUCT2,3,TRUE,TRUE,Comment
SETPRODUCTSTATEBYPRODUCT,$SA1,$SESSION1,$CLASS1PRODUCT1,$CLASS1,4,TRUE,TRUE,Comment
PRODUCTSTATEQUERY,$SA1,$SESSION1,$CLASS1PRODUCT1,4,TRUE,TRUE,Comment
SETPRODUCTSTATEBYPRODUCT,$SA1,$SESSION1,$CLASS1PRODUCT2,$CLASS1,4,TRUE,TRUE,Comment
PRODUCTSTATEQUERY,$SA1,$SESSION1,$CLASS1PRODUCT2,4,TRUE,TRUE,Comment
UPDATEBOTR,$SA1,$SESSION1,$CLASS1,$CLASS1PRODUCT1,B,9.90,NYSE=100,TRUE,TRUE,Comment
UPDATEBOTR,$SA1,$SESSION1,$CLASS1,$CLASS1PRODUCT1,S,10.30,NYSE=100,TRUE,TRUE,Comment
UPDATEBOTR,$SA1,$SESSION1,$CLASS1,$CLASS1PRODUCT2,B,0.90,NYSE=100,TRUE,TRUE,Comment
UPDATEBOTR,$SA1,$SESSION1,$CLASS1,$CLASS1PRODUCT2,S,1.30,NYSE=100,TRUE,TRUE,Comment
TOPOFBOOKVERIFICATION,$MM1,$SESSION1,$CLASS1PRODUCT1,0,1,0,00,0,1,0,00,TRUE,TRUE,Comment
TOPOFBOOKVERIFICATION,$MM1,$SESSION1,$CLASS1PRODUCT2,0,1,0,00,0,1,0,00,TRUE,TRUE,Comment
QUOTE,$MM1,2,10,00,100,2,10,20,100,$CLASS1PRODUCT1,$SESSION1,User Assigned Id..,TRUE,TRUE,Comment
CURRENTMARKETV4BESTMARKETQUERY,$MM1,CBOE,$CLASS1PRODUCT1,100,2,10,00,100,2,10,20,TRUE,TRUE,Comment
QUOTE,$MM1,2,1,00,100,2,1,20,100,$CLASS1PRODUCT2,$SESSION1,User Assigned Id..,TRUE,TRUE,Comment
CURRENTMARKETV4BESTMARKETQUERY,$MM1,CBOE,$CLASS1PRODUCT2,100,2,1,00,100,2,1,20,TRUE,TRUE,Comment
ORDER,$MM1,$MM1EXCHANGE,$MM1EXECFIRM,LYG,7051,ABC,*,$MM1EXCHANGE,$MM1,100,$CLASS1PRODUCT1,S,2,10,15,D,21/12/2003 6:00:00.0,1,1,0,00,0,-,-,-,$MM1,$MM1,C,FALSE,C,U,0,-,-,$SESSION1,TRUE,TRUE,Comment
ORDER,$MM1,$MM1EXCHANGE,$MM1EXECFIRM,EYP,8902,ABC,*,$MM1EXCHANGE,$MM1,100,$CLASS1PRODUCT1,S,2,10,15,D,21/12/2003 6:00:00.0,1,1,0,00,0,-,-,-,$MM1,$MM1,C,FALSE,I,U,0,-,-,$SESSION1,TRUE,TRUE,Comment
CURRENTMARKETV4BESTMARKETQUERY,$MM1,CBOE,$CLASS1PRODUCT1,100,2,10,00,200,2,10,15,TRUE,TRUE,Comment
ORDER,$MM1,$MM1EXCHANGE,$MM1EXECFIRM,QBC,3217,ABC,*,$MM1EXCHANGE,$MM1,100,$CLASS1PRODUCT2,B,2,1,05,D,21/12/2003 6:00:00.0,1,1,0,00,0,-,-,-,$MM1,$MM1,C,FALSE,C,U,0,-,-,$SESSION1,TRUE,TRUE,Comment
ORDER,$MM1,$MM1EXCHANGE,$MM1EXECFIRM,MSK,9005,ABC,*,$MM1EXCHANGE,$MM1,100,$CLASS1PRODUCT2,B,2,1,05,D,21/12/2003 6:00:00.0,1,1,0,00,0,-,-,-,$MM1,$MM1,C,FALSE,M,U,0,-,-,$SESSION1,TRUE,TRUE,Comment
CURRENTMARKETV4BESTMARKETQUERY,$MM1,CBOE,$CLASS1PRODUCT2,200,2,1,05,100,2,1,20,TRUE,TRUE,Comment
SETPRODUCTSTATEBYPRODUCT,$SA1,$SESSION1,$STRATEGY1,$STRATEGYCLASS1,1,TRUE,TRUE,Comment
PRODUCTSTATEQUERY,$SA1,$SESSION1,$STRATEGY1,1,TRUE,TRUE,Comment
SETPRODUCTSTATEBYPRODUCT,$SA1,$SESSION1,$STRATEGY1,$STRATEGYCLASS1,2,TRUE,TRUE,Comment
PRODUCTSTATEQUERY,$SA1,$SESSION1,$STRATEGY1,2,TRUE,TRUE,Comment
SETPRODUCTSTATEBYPRODUCT,$SA1,$SESSION1,$STRATEGY1,$STRATEGYCLASS1,3,TRUE,TRUE,Comment
PRODUCTSTATEQUERY,$SA1,$SESSION1,$STRATEGY1,3,TRUE,TRUE,Comment
SETPRODUCTSTATEBYPRODUCT,$SA1,$SESSION1,$STRATEGY1,$STRATEGYCLASS1,4,TRUE,TRUE,Comment
PRODUCTSTATEQUERY,$SA1,$SESSION1,$STRATEGY1,4,TRUE,TRUE,Comment
PAUSE,1000
TOPOFBOOKVERIFICATION,$MM1,$SESSION1,$STRATEGY1,0,1,0,00,0,1,0,00,TRUE,TRUE,Comment
INTERNALIZEDSTRATEGYORDER,$CUST1,2,$CUST1EXCHANGE,$CUST1EXECFIRM,WKO,6019,ABC,*,$CUST1EXCHANGE,$CUST1,500,$STRATEGY1,D,2,-9,00,D,21/12/2003 6:00:00.0,1,1,0,00,0,-,-,-,$CUST1,$CUST1,C,FALSE,F,U,0,A:AIQ;,-,$SESSION1,$CUST1EXCHANGE,$CUST1EXECFIRM,WKO,60191,ABC,*,$CUST1EXCHANGE,$CUST1,500,$STRATEGY1,O,2,9,00,D,21/12/2003 6:00:00.0,1,1,0,00,0,-,-,BARTID=$WORKSTATION1,$CUST1,$CUST1,C,FALSE,BD,U,0,A:RE;,-,$SESSION1,2,$CLASS1PRODUCT1,$CUST1EXCHANGE,$CUST1EXECFIRM,C,C,$CLASS1PRODUCT2,$CUST1EXCHANGE,$CUST1EXECFIRM,C,C,TRUE,TRUE,Comment
PAUSE,1000
LASTSALEQUERY,$MM1,$SESSION1,$CLASS1PRODUCT1,2,10,10,500,TRUE,TRUE,Comment
LASTSALEQUERY,$MM1,$SESSION1,$CLASS1PRODUCT2,2,1,10,500,TRUE,TRUE,Comment
ORDERFILLVERIFICATION,$CUST1,$CUST1EXCHANGE,$CUST1EXECFIRM,WKO,6019,ABC,*,0,0,3,500,1,2,-9,00,TRUE,TRUE,Comment
ORDERFILLVERIFICATION,$CUST1,$CUST1EXCHANGE,$CUST1EXECFIRM,WKO,60191,ABC,*,0,0,3,500,1,2,9,00,TRUE,TRUE,Comment

COMMENT, Test Scenario A:If a QCT trade leg price occurs Worse than the TOB both Customer legs;QCT orders is CXL
TOPOFBOOKVERIFICATION,$MM1,$SESSION1,$CLASS1PRODUCT1,100,2,10,00,200,2,10,15,TRUE,TRUE,Comment
TOPOFBOOKVERIFICATION,$MM1,$SESSION1,$CLASS1PRODUCT2,200,2,1,05,100,2,1,20,TRUE,TRUE,Comment
INTERNALIZEDSTRATEGYORDER,$CUST1,2,$CUST1EXCHANGE,$CUST1EXECFIRM,UQL,5156,ABC,*,$CUST1EXCHANGE,$CUST1,500,$STRATEGY1,D,2,-9,20,D,21/12/2003 6:00:00.0,1,1,0,00,0,-,-,-,$CUST1,$CUST1,C,FALSE,F,U,0,A:AIQ;,-,$SESSION1,$CUST1EXCHANGE,$CUST1EXECFIRM,UQL,51561,ABC,*,$CUST1EXCHANGE,$CUST1,500,$STRATEGY1,O,2,9,20,D,21/12/2003 6:00:00.0,1,1,0,00,0,-,-,BARTID=$WORKSTATION1,$CUST1,$CUST1,C,FALSE,BD,U,0,A:RE;,-,$SESSION1,2,$CLASS1PRODUCT1,$CUST1EXCHANGE,$CUST1EXECFIRM,C,C,$CLASS1PRODUCT2,$CUST1EXCHANGE,$CUST1EXECFIRM,C,C,TRUE,TRUE,Comment
PAUSE,2000
ORDERCANCELVERIFICATION,$CUST1,$CUST1EXCHANGE,$CUST1EXECFIRM,UQL,5156,ABC,*,$SESSION1,$STRATEGY1,3,500,TRUE,TRUE,Comment
ORDERCANCELVERIFICATION,$CUST1,$CUST1EXCHANGE,$CUST1EXECFIRM,UQL,51561,ABC,*,$SESSION1,$STRATEGY1,3,500,TRUE,TRUE,Comment

COMMENT, Test Scenario B:If a QCT trade leg price occurs equal than the TOB both Customer legs;QCT orders is CXL
TOPOFBOOKVERIFICATION,$MM1,$SESSION1,$CLASS1PRODUCT1,100,2,10,00,200,2,10,15,TRUE,TRUE,Comment
TOPOFBOOKVERIFICATION,$MM1,$SESSION1,$CLASS1PRODUCT2,200,2,1,05,100,2,1,20,TRUE,TRUE,Comment
INTERNALIZEDSTRATEGYORDER,$CUST1,2,$CUST1EXCHANGE,$CUST1EXECFIRM,UYX,6437,ABC,*,$CUST1EXCHANGE,$CUST1,500,$STRATEGY1,D,2,-9,10,D,21/12/2003 6:00:00.0,1,1,0,00,0,-,-,-,$CUST1,$CUST1,C,FALSE,F,U,0,A:AIQ;,-,$SESSION1,$CUST1EXCHANGE,$CUST1EXECFIRM,UYX,64371,ABC,*,$CUST1EXCHANGE,$CUST1,500,$STRATEGY1,O,2,9,10,D,21/12/2003 6:00:00.0,1,1,0,00,0,-,-,BARTID=$WORKSTATION1,$CUST1,$CUST1,C,FALSE,BD,U,0,A:RE;,-,$SESSION1,2,$CLASS1PRODUCT1,$CUST1EXCHANGE,$CUST1EXECFIRM,C,C,$CLASS1PRODUCT2,$CUST1EXCHANGE,$CUST1EXECFIRM,C,C,TRUE,TRUE,Comment
PAUSE,2000
ORDERCANCELVERIFICATION,$CUST1,$CUST1EXCHANGE,$CUST1EXECFIRM,UYX,6437,ABC,*,$SESSION1,$STRATEGY1,3,500,TRUE,TRUE,Comment
ORDERCANCELVERIFICATION,$CUST1,$CUST1EXCHANGE,$CUST1EXECFIRM,UYX,64371,ABC,*,$SESSION1,$STRATEGY1,3,500,TRUE,TRUE,Comment

COMMENT, Test Scenario C:If a QCT trade leg price occurs Equal than the one Customer leg 1;the other leg price is better than Customer leg 2;QCT orders is CXL
TOPOFBOOKVERIFICATION,$MM1,$SESSION1,$CLASS1PRODUCT1,100,2,10,00,200,2,10,15,TRUE,TRUE,Comment
TOPOFBOOKVERIFICATION,$MM1,$SESSION1,$CLASS1PRODUCT2,200,2,1,05,100,2,1,20,TRUE,TRUE,Comment
INTERNALIZEDSTRATEGYORDER,$CUST1,2,$CUST1EXCHANGE,$CUST1EXECFIRM,ALI,8437,ABC,*,$CUST1EXCHANGE,$CUST1,500,$STRATEGY1,D,2,-9,09,D,21/12/2003 6:00:00.0,1,1,0,00,0,-,-,-,$CUST1,$CUST1,C,FALSE,F,U,0,A:AIQ;,-,$SESSION1,$CUST1EXCHANGE,$CUST1EXECFIRM,ALI,84371,ABC,*,$CUST1EXCHANGE,$CUST1,500,$STRATEGY1,O,2,9,09,D,21/12/2003 6:00:00.0,1,1,0,00,0,-,-,BARTID=$WORKSTATION1,$CUST1,$CUST1,C,FALSE,BD,U,0,A:RE;,-,$SESSION1,2,$CLASS1PRODUCT1,$CUST1EXCHANGE,$CUST1EXECFIRM,C,C,$CLASS1PRODUCT2,$CUST1EXCHANGE,$CUST1EXECFIRM,C,C,TRUE,TRUE,Comment
PAUSE,2000
ORDERCANCELVERIFICATION,$CUST1,$CUST1EXCHANGE,$CUST1EXECFIRM,ALI,8437,ABC,*,$SESSION1,$STRATEGY1,3,500,TRUE,TRUE,Comment
ORDERCANCELVERIFICATION,$CUST1,$CUST1EXCHANGE,$CUST1EXECFIRM,ALI,84371,ABC,*,$SESSION1,$STRATEGY1,3,500,TRUE,TRUE,Comment

COMMENT, Test Scenario D:If a QCT trade leg price occurs Equal than the one Customer leg 1;the other leg price is worse than Customer leg 2;QCT orders is CXL
TOPOFBOOKVERIFICATION,$MM1,$SESSION1,$CLASS1PRODUCT1,100,2,10,00,200,2,10,15,TRUE,TRUE,Comment
TOPOFBOOKVERIFICATION,$MM1,$SESSION1,$CLASS1PRODUCT2,200,2,1,05,100,2,1,20,TRUE,TRUE,Comment
INTERNALIZEDSTRATEGYORDER,$CUST1,2,$CUST1EXCHANGE,$CUST1EXECFIRM,BNO,710,ABC,*,$CUST1EXCHANGE,$CUST1,500,$STRATEGY1,D,2,-9,15,D,21/12/2003 6:00:00.0,1,1,0,00,0,-,-,-,$CUST1,$CUST1,C,FALSE,F,U,0,A:AIQ;,-,$SESSION1,$CUST1EXCHANGE,$CUST1EXECFIRM,BNO,7101,ABC,*,$CUST1EXCHANGE,$CUST1,500,$STRATEGY1,O,2,9,15,D,21/12/2003 6:00:00.0,1,1,0,00,0,-,-,BARTID=$WORKSTATION1,$CUST1,$CUST1,C,FALSE,BD,U,0,A:RE;,-,$SESSION1,2,$CLASS1PRODUCT1,$CUST1EXCHANGE,$CUST1EXECFIRM,C,C,$CLASS1PRODUCT2,$CUST1EXCHANGE,$CUST1EXECFIRM,C,C,TRUE,TRUE,Comment
PAUSE,2000
ORDERCANCELVERIFICATION,$CUST1,$CUST1EXCHANGE,$CUST1EXECFIRM,BNO,710,ABC,*,$SESSION1,$STRATEGY1,3,500,TRUE,TRUE,Comment
ORDERCANCELVERIFICATION,$CUST1,$CUST1EXCHANGE,$CUST1EXECFIRM,BNO,7101,ABC,*,$SESSION1,$STRATEGY1,3,500,TRUE,TRUE,Comment

COMMENT, Test Scenario E:If a QCT trade leg price occurs Worse than the one Customer leg 1;the other leg price is better than Customer leg 2;QCT orders is CXL
TOPOFBOOKVERIFICATION,$MM1,$SESSION1,$CLASS1PRODUCT1,100,2,10,00,200,2,10,15,TRUE,TRUE,Comment
TOPOFBOOKVERIFICATION,$MM1,$SESSION1,$CLASS1PRODUCT2,200,2,1,05,100,2,1,20,TRUE,TRUE,Comment
INTERNALIZEDSTRATEGYORDER,$CUST1,2,$CUST1EXCHANGE,$CUST1EXECFIRM,DCW,3449,ABC,*,$CUST1EXCHANGE,$CUST1,500,$STRATEGY1,D,2,-9,11,D,21/12/2003 6:00:00.0,1,1,0,00,0,-,-,-,$CUST1,$CUST1,C,FALSE,F,U,0,A:AIQ;,-,$SESSION1,$CUST1EXCHANGE,$CUST1EXECFIRM,DCW,34491,ABC,*,$CUST1EXCHANGE,$CUST1,500,$STRATEGY1,O,2,9,11,D,21/12/2003 6:00:00.0,1,1,0,00,0,-,-,BARTID=$WORKSTATION1,$CUST1,$CUST1,C,FALSE,BD,U,0,A:RE;,-,$SESSION1,2,$CLASS1PRODUCT1,$CUST1EXCHANGE,$CUST1EXECFIRM,C,C,$CLASS1PRODUCT2,$CUST1EXCHANGE,$CUST1EXECFIRM,C,C,TRUE,TRUE,Comment
PAUSE,2000
ORDERCANCELVERIFICATION,$CUST1,$CUST1EXCHANGE,$CUST1EXECFIRM,DCW,3449,ABC,*,$SESSION1,$STRATEGY1,3,500,TRUE,TRUE,Comment
ORDERCANCELVERIFICATION,$CUST1,$CUST1EXCHANGE,$CUST1EXECFIRM,DCW,34491,ABC,*,$SESSION1,$STRATEGY1,3,500,TRUE,TRUE,Comment
ORDERCANCELBYIDNOWAIT,$MM1,$MM1EXCHANGE,$MM1EXECFIRM,LYG,7051,ABC,*,100,$SESSION1,1,TRUE,TRUE,Comment
ORDERCANCELVERIFICATION,$MM1,$MM1EXCHANGE,$MM1EXECFIRM,LYG,7051,ABC,*,$SESSION1,$CLASS1PRODUCT1,2,100,TRUE,TRUE,Comment
ORDERCANCELBYIDNOWAIT,$MM1,$MM1EXCHANGE,$MM1EXECFIRM,EYP,8902,ABC,*,100,$SESSION1,1,TRUE,TRUE,Comment
ORDERCANCELVERIFICATION,$MM1,$MM1EXCHANGE,$MM1EXECFIRM,EYP,8902,ABC,*,$SESSION1,$CLASS1PRODUCT1,2,100,TRUE,TRUE,Comment
ORDERCANCELBYIDNOWAIT,$MM1,$MM1EXCHANGE,$MM1EXECFIRM,QBC,3217,ABC,*,100,$SESSION1,1,TRUE,TRUE,Comment
ORDERCANCELVERIFICATION,$MM1,$MM1EXCHANGE,$MM1EXECFIRM,QBC,3217,ABC,*,$SESSION1,$CLASS1PRODUCT2,2,100,TRUE,TRUE,Comment
ORDERCANCELBYIDNOWAIT,$MM1,$MM1EXCHANGE,$MM1EXECFIRM,MSK,9005,ABC,*,100,$SESSION1,1,TRUE,TRUE,Comment
ORDERCANCELVERIFICATION,$MM1,$MM1EXCHANGE,$MM1EXECFIRM,MSK,9005,ABC,*,$SESSION1,$CLASS1PRODUCT2,2,100,TRUE,TRUE,Comment
QUOTECANCEL,$MM1,$SESSION1,$CLASS1PRODUCT1,2,TRUE,TRUE,Comment
QUOTECANCELVERIFICATION,$MM1,$SESSION1,$CLASS1PRODUCT1,2,TRUE,TRUE,Comment
QUOTECANCEL,$MM1,$SESSION1,$CLASS1PRODUCT2,2,TRUE,TRUE,Comment
QUOTECANCELVERIFICATION,$MM1,$SESSION1,$CLASS1PRODUCT2,2,TRUE,TRUE,Comment

COMMENT, Test Case 2:If a QCT trade leg price occurs better than the TOB both NON-Customer legs;QCT orders is traded since it s inside DSM
CLEARALLCALLBACKS,$MM1
TOPOFBOOKVERIFICATION,$MM1,$SESSION1,$CLASS1PRODUCT1,0,1,0,00,0,1,0,00,TRUE,TRUE,Comment
TOPOFBOOKVERIFICATION,$MM1,$SESSION1,$CLASS1PRODUCT2,0,1,0,00,0,1,0,00,TRUE,TRUE,Comment
QUOTE,$MM1,2,10,00,100,2,10,20,100,$CLASS1PRODUCT1,$SESSION1,User Assigned Id..,TRUE,TRUE,Comment
CURRENTMARKETV4BESTMARKETQUERY,$MM1,CBOE,$CLASS1PRODUCT1,100,2,10,00,100,2,10,20,TRUE,TRUE,Comment
QUOTE,$MM1,2,1,00,100,2,1,20,100,$CLASS1PRODUCT2,$SESSION1,User Assigned Id..,TRUE,TRUE,Comment
CURRENTMARKETV4BESTMARKETQUERY,$MM1,CBOE,$CLASS1PRODUCT2,100,2,1,00,100,2,1,20,TRUE,TRUE,Comment
ORDER,$MM1,$MM1EXCHANGE,$MM1EXECFIRM,RNJ,4188,ABC,*,$MM1EXCHANGE,$MM1,100,$CLASS1PRODUCT1,S,2,10,15,D,21/12/2003 6:00:00.0,1,1,0,00,0,-,-,-,$MM1,$MM1,C,FALSE,B,U,0,-,-,$SESSION1,TRUE,TRUE,Comment
ORDER,$MM1,$MM1EXCHANGE,$MM1EXECFIRM,YTE,178,ABC,*,$MM1EXCHANGE,$MM1,100,$CLASS1PRODUCT1,S,2,10,15,D,21/12/2003 6:00:00.0,1,1,0,00,0,-,-,-,$MM1,$MM1,C,FALSE,I,U,0,-,-,$SESSION1,TRUE,TRUE,Comment
CURRENTMARKETV4BESTMARKETQUERY,$MM1,CBOE,$CLASS1PRODUCT1,100,2,10,00,200,2,10,15,TRUE,TRUE,Comment
ORDER,$MM1,$MM1EXCHANGE,$MM1EXECFIRM,HMC,9936,ABC,*,$MM1EXCHANGE,$MM1,100,$CLASS1PRODUCT2,B,2,1,05,D,21/12/2003 6:00:00.0,1,1,0,00,0,-,-,-,$MM1,$MM1,C,FALSE,F,U,0,-,-,$SESSION1,TRUE,TRUE,Comment
ORDER,$MM1,$MM1EXCHANGE,$MM1EXECFIRM,WHR,9874,ABC,*,$MM1EXCHANGE,$MM1,100,$CLASS1PRODUCT2,B,2,1,05,D,21/12/2003 6:00:00.0,1,1,0,00,0,-,-,-,$MM1,$MM1,C,FALSE,M,U,0,-,-,$SESSION1,TRUE,TRUE,Comment
CURRENTMARKETV4BESTMARKETQUERY,$MM1,CBOE,$CLASS1PRODUCT2,200,2,1,05,100,2,1,20,TRUE,TRUE,Comment
SETPRODUCTSTATEBYPRODUCT,$SA1,$SESSION1,$STRATEGY1,$STRATEGYCLASS1,1,TRUE,TRUE,Comment
PRODUCTSTATEQUERY,$SA1,$SESSION1,$STRATEGY1,1,TRUE,TRUE,Comment
SETPRODUCTSTATEBYPRODUCT,$SA1,$SESSION1,$STRATEGY1,$STRATEGYCLASS1,2,TRUE,TRUE,Comment
PRODUCTSTATEQUERY,$SA1,$SESSION1,$STRATEGY1,2,TRUE,TRUE,Comment
SETPRODUCTSTATEBYPRODUCT,$SA1,$SESSION1,$STRATEGY1,$STRATEGYCLASS1,3,TRUE,TRUE,Comment
PRODUCTSTATEQUERY,$SA1,$SESSION1,$STRATEGY1,3,TRUE,TRUE,Comment
SETPRODUCTSTATEBYPRODUCT,$SA1,$SESSION1,$STRATEGY1,$STRATEGYCLASS1,4,TRUE,TRUE,Comment
PRODUCTSTATEQUERY,$SA1,$SESSION1,$STRATEGY1,4,TRUE,TRUE,Comment
PAUSE,1000
TOPOFBOOKVERIFICATION,$MM1,$SESSION1,$STRATEGY1,0,1,0,00,0,1,0,00,TRUE,TRUE,Comment
INTERNALIZEDSTRATEGYORDER,$CUST1,2,$CUST1EXCHANGE,$CUST1EXECFIRM,XMD,9074,ABC,*,$CUST1EXCHANGE,$CUST1,500,$STRATEGY1,D,2,-9,00,D,21/12/2003 6:00:00.0,1,1,0,00,0,-,-,-,$CUST1,$CUST1,C,FALSE,F,U,0,A:AIQ;,-,$SESSION1,$CUST1EXCHANGE,$CUST1EXECFIRM,XMD,90741,ABC,*,$CUST1EXCHANGE,$CUST1,500,$STRATEGY1,O,2,9,00,D,21/12/2003 6:00:00.0,1,1,0,00,0,-,-,BARTID=$WORKSTATION1,$CUST1,$CUST1,C,FALSE,BD,U,0,A:RE;,-,$SESSION1,2,$CLASS1PRODUCT1,$CUST1EXCHANGE,$CUST1EXECFIRM,C,C,$CLASS1PRODUCT2,$CUST1EXCHANGE,$CUST1EXECFIRM,C,C,TRUE,TRUE,Comment
PAUSE,1000
LASTSALEQUERY,$MM1,$SESSION1,$CLASS1PRODUCT1,2,10,10,500,TRUE,TRUE,Comment
LASTSALEQUERY,$MM1,$SESSION1,$CLASS1PRODUCT2,2,1,10,500,TRUE,TRUE,Comment
ORDERFILLVERIFICATION,$CUST1,$CUST1EXCHANGE,$CUST1EXECFIRM,XMD,9074,ABC,*,0,0,3,500,1,2,-9,00,TRUE,TRUE,Comment
ORDERFILLVERIFICATION,$CUST1,$CUST1EXCHANGE,$CUST1EXECFIRM,XMD,90741,ABC,*,0,0,3,500,1,2,9,00,TRUE,TRUE,Comment

COMMENT, Test Scenario A:If a QCT trade leg price occurs Worse than the TOB both NON-Customer legs;QCT orders is CXL since it s outside DSM
TOPOFBOOKVERIFICATION,$MM1,$SESSION1,$CLASS1PRODUCT1,100,2,10,00,200,2,10,15,TRUE,TRUE,Comment
TOPOFBOOKVERIFICATION,$MM1,$SESSION1,$CLASS1PRODUCT2,200,2,1,05,100,2,1,20,TRUE,TRUE,Comment
INTERNALIZEDSTRATEGYORDER,$CUST1,2,$CUST1EXCHANGE,$CUST1EXECFIRM,ZNL,1426,ABC,*,$CUST1EXCHANGE,$CUST1,500,$STRATEGY1,D,2,-9,20,D,21/12/2003 6:00:00.0,1,1,0,00,0,-,-,-,$CUST1,$CUST1,C,FALSE,F,U,0,A:AIQ;,-,$SESSION1,$CUST1EXCHANGE,$CUST1EXECFIRM,ZNL,14261,ABC,*,$CUST1EXCHANGE,$CUST1,500,$STRATEGY1,O,2,9,20,D,21/12/2003 6:00:00.0,1,1,0,00,0,-,-,BARTID=$WORKSTATION1,$CUST1,$CUST1,C,FALSE,BD,U,0,A:RE;,-,$SESSION1,2,$CLASS1PRODUCT1,$CUST1EXCHANGE,$CUST1EXECFIRM,C,C,$CLASS1PRODUCT2,$CUST1EXCHANGE,$CUST1EXECFIRM,C,C,TRUE,TRUE,Comment
PAUSE,2000
ORDERCANCELVERIFICATION,$CUST1,$CUST1EXCHANGE,$CUST1EXECFIRM,ZNL,1426,ABC,*,$SESSION1,$STRATEGY1,3,500,TRUE,TRUE,Comment
ORDERCANCELVERIFICATION,$CUST1,$CUST1EXCHANGE,$CUST1EXECFIRM,ZNL,14261,ABC,*,$SESSION1,$STRATEGY1,3,500,TRUE,TRUE,Comment

COMMENT, Test Scenario B:If a QCT trade leg price occurs equal than the TOB both NON-Customer legs;QCT orders is Traded since it equal DSM
TOPOFBOOKVERIFICATION,$MM1,$SESSION1,$CLASS1PRODUCT1,100,2,10,00,200,2,10,15,TRUE,TRUE,Comment
TOPOFBOOKVERIFICATION,$MM1,$SESSION1,$CLASS1PRODUCT2,200,2,1,05,100,2,1,20,TRUE,TRUE,Comment
INTERNALIZEDSTRATEGYORDER,$CUST1,2,$CUST1EXCHANGE,$CUST1EXECFIRM,YHT,2319,ABC,*,$CUST1EXCHANGE,$CUST1,500,$STRATEGY1,D,2,-9,10,D,21/12/2003 6:00:00.0,1,1,0,00,0,-,-,-,$CUST1,$CUST1,C,FALSE,F,U,0,A:AIQ;,-,$SESSION1,$CUST1EXCHANGE,$CUST1EXECFIRM,YHT,23191,ABC,*,$CUST1EXCHANGE,$CUST1,500,$STRATEGY1,O,2,9,10,D,21/12/2003 6:00:00.0,1,1,0,00,0,-,-,BARTID=$WORKSTATION1,$CUST1,$CUST1,C,FALSE,BD,U,0,A:RE;,-,$SESSION1,2,$CLASS1PRODUCT1,$CUST1EXCHANGE,$CUST1EXECFIRM,C,C,$CLASS1PRODUCT2,$CUST1EXCHANGE,$CUST1EXECFIRM,C,C,TRUE,TRUE,Comment
PAUSE,2000
LASTSALEQUERY,$MM1,$SESSION1,$CLASS1PRODUCT1,2,10,15,500,TRUE,TRUE,Comment
LASTSALEQUERY,$MM1,$SESSION1,$CLASS1PRODUCT2,2,1,05,500,TRUE,TRUE,Comment
ORDERFILLVERIFICATION,$CUST1,$CUST1EXCHANGE,$CUST1EXECFIRM,YHT,2319,ABC,*,0,0,3,500,1,2,-9,10,TRUE,TRUE,Comment
ORDERFILLVERIFICATION,$CUST1,$CUST1EXCHANGE,$CUST1EXECFIRM,YHT,23191,ABC,*,0,0,3,500,1,2,9,10,TRUE,TRUE,Comment

COMMENT, Test Scenario C:If a QCT trade leg price occurs Equal than the one NON-Customer leg 1;the other leg price is better than NON-Customer leg 2;QCT orders is Traded since it s inside DSM
TOPOFBOOKVERIFICATION,$MM1,$SESSION1,$CLASS1PRODUCT1,100,2,10,00,200,2,10,15,TRUE,TRUE,Comment
TOPOFBOOKVERIFICATION,$MM1,$SESSION1,$CLASS1PRODUCT2,200,2,1,05,100,2,1,20,TRUE,TRUE,Comment
INTERNALIZEDSTRATEGYORDER,$CUST1,2,$CUST1EXCHANGE,$CUST1EXECFIRM,KWM,7233,ABC,*,$CUST1EXCHANGE,$CUST1,500,$STRATEGY1,D,2,-9,09,D,21/12/2003 6:00:00.0,1,1,0,00,0,-,-,-,$CUST1,$CUST1,C,FALSE,F,U,0,A:AIQ;,-,$SESSION1,$CUST1EXCHANGE,$CUST1EXECFIRM,KWM,72331,ABC,*,$CUST1EXCHANGE,$CUST1,500,$STRATEGY1,O,2,9,09,D,21/12/2003 6:00:00.0,1,1,0,00,0,-,-,BARTID=$WORKSTATION1,$CUST1,$CUST1,C,FALSE,BD,U,0,A:RE;,-,$SESSION1,2,$CLASS1PRODUCT1,$CUST1EXCHANGE,$CUST1EXECFIRM,C,C,$CLASS1PRODUCT2,$CUST1EXCHANGE,$CUST1EXECFIRM,C,C,TRUE,TRUE,Comment
PAUSE,2000
LASTSALEQUERY,$MM1,$SESSION1,$CLASS1PRODUCT1,2,10,15,500,TRUE,TRUE,Comment
LASTSALEQUERY,$MM1,$SESSION1,$CLASS1PRODUCT2,2,1,06,500,TRUE,TRUE,Comment
ORDERFILLVERIFICATION,$CUST1,$CUST1EXCHANGE,$CUST1EXECFIRM,KWM,7233,ABC,*,0,0,3,500,1,2,-9,09,TRUE,TRUE,Comment
ORDERFILLVERIFICATION,$CUST1,$CUST1EXCHANGE,$CUST1EXECFIRM,KWM,72331,ABC,*,0,0,3,500,1,2,9,09,TRUE,TRUE,Comment

COMMENT, Test Scenario D:If a QCT trade leg price occurs Equal than the one NON-Customer leg 1;the other leg price is worse than NON-Customer leg 2;QCT orders is CXL since it s outside DSM
TOPOFBOOKVERIFICATION,$MM1,$SESSION1,$CLASS1PRODUCT1,100,2,10,00,200,2,10,15,TRUE,TRUE,Comment
TOPOFBOOKVERIFICATION,$MM1,$SESSION1,$CLASS1PRODUCT2,200,2,1,05,100,2,1,20,TRUE,TRUE,Comment
INTERNALIZEDSTRATEGYORDER,$CUST1,2,$CUST1EXCHANGE,$CUST1EXECFIRM,LFQ,4747,ABC,*,$CUST1EXCHANGE,$CUST1,500,$STRATEGY1,D,2,-9,15,D,21/12/2003 6:00:00.0,1,1,0,00,0,-,-,-,$CUST1,$CUST1,C,FALSE,F,U,0,A:AIQ;,-,$SESSION1,$CUST1EXCHANGE,$CUST1EXECFIRM,LFQ,47471,ABC,*,$CUST1EXCHANGE,$CUST1,500,$STRATEGY1,O,2,9,15,D,21/12/2003 6:00:00.0,1,1,0,00,0,-,-,BARTID=$WORKSTATION1,$CUST1,$CUST1,C,FALSE,BD,U,0,A:RE;,-,$SESSION1,2,$CLASS1PRODUCT1,$CUST1EXCHANGE,$CUST1EXECFIRM,C,C,$CLASS1PRODUCT2,$CUST1EXCHANGE,$CUST1EXECFIRM,C,C,TRUE,TRUE,Comment
PAUSE,2000
ORDERCANCELVERIFICATION,$CUST1,$CUST1EXCHANGE,$CUST1EXECFIRM,LFQ,4747,ABC,*,$SESSION1,$STRATEGY1,3,500,TRUE,TRUE,Comment
ORDERCANCELVERIFICATION,$CUST1,$CUST1EXCHANGE,$CUST1EXECFIRM,LFQ,47471,ABC,*,$SESSION1,$STRATEGY1,3,500,TRUE,TRUE,Comment

COMMENT, Test Scenario E:If a QCT trade leg price occurs Worse than the one NON-Customer leg 1;the other leg price is better than NON-Customer leg 2;QCT orders is CXL since outside DSM
TOPOFBOOKVERIFICATION,$MM1,$SESSION1,$CLASS1PRODUCT1,100,2,10,00,200,2,10,15,TRUE,TRUE,Comment
TOPOFBOOKVERIFICATION,$MM1,$SESSION1,$CLASS1PRODUCT2,200,2,1,05,100,2,1,20,TRUE,TRUE,Comment
INTERNALIZEDSTRATEGYORDER,$CUST1,2,$CUST1EXCHANGE,$CUST1EXECFIRM,YSL,7732,ABC,*,$CUST1EXCHANGE,$CUST1,500,$STRATEGY1,D,2,-9,11,D,21/12/2003 6:00:00.0,1,1,0,00,0,-,-,-,$CUST1,$CUST1,C,FALSE,F,U,0,A:AIQ;,-,$SESSION1,$CUST1EXCHANGE,$CUST1EXECFIRM,YSL,77321,ABC,*,$CUST1EXCHANGE,$CUST1,500,$STRATEGY1,O,2,9,11,D,21/12/2003 6:00:00.0,1,1,0,00,0,-,-,BARTID=$WORKSTATION1,$CUST1,$CUST1,C,FALSE,BD,U,0,A:RE;,-,$SESSION1,2,$CLASS1PRODUCT1,$CUST1EXCHANGE,$CUST1EXECFIRM,C,C,$CLASS1PRODUCT2,$CUST1EXCHANGE,$CUST1EXECFIRM,C,C,TRUE,TRUE,Comment
PAUSE,2000
ORDERCANCELVERIFICATION,$CUST1,$CUST1EXCHANGE,$CUST1EXECFIRM,YSL,7732,ABC,*,$SESSION1,$STRATEGY1,3,500,TRUE,TRUE,Comment
ORDERCANCELVERIFICATION,$CUST1,$CUST1EXCHANGE,$CUST1EXECFIRM,YSL,77321,ABC,*,$SESSION1,$STRATEGY1,3,500,TRUE,TRUE,Comment
ORDERCANCELBYIDNOWAIT,$MM1,$MM1EXCHANGE,$MM1EXECFIRM,RNJ,4188,ABC,*,100,$SESSION1,1,TRUE,TRUE,Comment
ORDERCANCELVERIFICATION,$MM1,$MM1EXCHANGE,$MM1EXECFIRM,RNJ,4188,ABC,*,$SESSION1,$CLASS1PRODUCT1,2,100,TRUE,TRUE,Comment
ORDERCANCELBYIDNOWAIT,$MM1,$MM1EXCHANGE,$MM1EXECFIRM,YTE,178,ABC,*,100,$SESSION1,1,TRUE,TRUE,Comment
ORDERCANCELVERIFICATION,$MM1,$MM1EXCHANGE,$MM1EXECFIRM,YTE,178,ABC,*,$SESSION1,$CLASS1PRODUCT1,2,100,TRUE,TRUE,Comment
ORDERCANCELBYIDNOWAIT,$MM1,$MM1EXCHANGE,$MM1EXECFIRM,HMC,9936,ABC,*,100,$SESSION1,1,TRUE,TRUE,Comment
ORDERCANCELVERIFICATION,$MM1,$MM1EXCHANGE,$MM1EXECFIRM,HMC,9936,ABC,*,$SESSION1,$CLASS1PRODUCT2,2,100,TRUE,TRUE,Comment
ORDERCANCELBYIDNOWAIT,$MM1,$MM1EXCHANGE,$MM1EXECFIRM,WHR,9874,ABC,*,100,$SESSION1,1,TRUE,TRUE,Comment
ORDERCANCELVERIFICATION,$MM1,$MM1EXCHANGE,$MM1EXECFIRM,WHR,9874,ABC,*,$SESSION1,$CLASS1PRODUCT2,2,100,TRUE,TRUE,Comment
QUOTECANCEL,$MM1,$SESSION1,$CLASS1PRODUCT1,2,TRUE,TRUE,Comment
QUOTECANCELVERIFICATION,$MM1,$SESSION1,$CLASS1PRODUCT1,2,TRUE,TRUE,Comment
QUOTECANCEL,$MM1,$SESSION1,$CLASS1PRODUCT2,2,TRUE,TRUE,Comment
QUOTECANCELVERIFICATION,$MM1,$SESSION1,$CLASS1PRODUCT2,2,TRUE,TRUE,Comment

COMMENT, Test Case 3:If a QCT trade leg price occurs better than the TOB both Customer leg1 and Non-customer leg 2;QCT orders is traded
CLEARALLCALLBACKS,$MM1
TOPOFBOOKVERIFICATION,$MM1,$SESSION1,$CLASS1PRODUCT1,0,1,0,00,0,1,0,00,TRUE,TRUE,Comment
TOPOFBOOKVERIFICATION,$MM1,$SESSION1,$CLASS1PRODUCT2,0,1,0,00,0,1,0,00,TRUE,TRUE,Comment
QUOTE,$MM1,2,10,00,100,2,10,20,100,$CLASS1PRODUCT1,$SESSION1,User Assigned Id..,TRUE,TRUE,Comment
CURRENTMARKETV4BESTMARKETQUERY,$MM1,CBOE,$CLASS1PRODUCT1,100,2,10,00,100,2,10,20,TRUE,TRUE,Comment
QUOTE,$MM1,2,1,00,100,2,1,20,100,$CLASS1PRODUCT2,$SESSION1,User Assigned Id..,TRUE,TRUE,Comment
CURRENTMARKETV4BESTMARKETQUERY,$MM1,CBOE,$CLASS1PRODUCT2,100,2,1,00,100,2,1,20,TRUE,TRUE,Comment
ORDER,$MM1,$MM1EXCHANGE,$MM1EXECFIRM,TJM,7668,ABC,*,$MM1EXCHANGE,$MM1,100,$CLASS1PRODUCT1,S,2,10,15,D,21/12/2003 6:00:00.0,1,1,0,00,0,-,-,-,$MM1,$MM1,C,FALSE,C,U,0,-,-,$SESSION1,TRUE,TRUE,Comment
ORDER,$MM1,$MM1EXCHANGE,$MM1EXECFIRM,MLL,3340,ABC,*,$MM1EXCHANGE,$MM1,100,$CLASS1PRODUCT1,S,2,10,15,D,21/12/2003 6:00:00.0,1,1,0,00,0,-,-,-,$MM1,$MM1,C,FALSE,I,U,0,-,-,$SESSION1,TRUE,TRUE,Comment
CURRENTMARKETV4BESTMARKETQUERY,$MM1,CBOE,$CLASS1PRODUCT1,100,2,10,00,200,2,10,15,TRUE,TRUE,Comment
ORDER,$MM1,$MM1EXCHANGE,$MM1EXECFIRM,DDM,4200,ABC,*,$MM1EXCHANGE,$MM1,100,$CLASS1PRODUCT2,B,2,1,05,D,21/12/2003 6:00:00.0,1,1,0,00,0,-,-,-,$MM1,$MM1,C,FALSE,F,U,0,-,-,$SESSION1,TRUE,TRUE,Comment
ORDER,$MM1,$MM1EXCHANGE,$MM1EXECFIRM,SED,2452,ABC,*,$MM1EXCHANGE,$MM1,100,$CLASS1PRODUCT2,B,2,1,05,D,21/12/2003 6:00:00.0,1,1,0,00,0,-,-,-,$MM1,$MM1,C,FALSE,M,U,0,-,-,$SESSION1,TRUE,TRUE,Comment
CURRENTMARKETV4BESTMARKETQUERY,$MM1,CBOE,$CLASS1PRODUCT2,200,2,1,05,100,2,1,20,TRUE,TRUE,Comment
SETPRODUCTSTATEBYPRODUCT,$SA1,$SESSION1,$STRATEGY1,$STRATEGYCLASS1,1,TRUE,TRUE,Comment
PRODUCTSTATEQUERY,$SA1,$SESSION1,$STRATEGY1,1,TRUE,TRUE,Comment
SETPRODUCTSTATEBYPRODUCT,$SA1,$SESSION1,$STRATEGY1,$STRATEGYCLASS1,2,TRUE,TRUE,Comment
PRODUCTSTATEQUERY,$SA1,$SESSION1,$STRATEGY1,2,TRUE,TRUE,Comment
SETPRODUCTSTATEBYPRODUCT,$SA1,$SESSION1,$STRATEGY1,$STRATEGYCLASS1,3,TRUE,TRUE,Comment
PRODUCTSTATEQUERY,$SA1,$SESSION1,$STRATEGY1,3,TRUE,TRUE,Comment
SETPRODUCTSTATEBYPRODUCT,$SA1,$SESSION1,$STRATEGY1,$STRATEGYCLASS1,4,TRUE,TRUE,Comment
PRODUCTSTATEQUERY,$SA1,$SESSION1,$STRATEGY1,4,TRUE,TRUE,Comment
PAUSE,1000
TOPOFBOOKVERIFICATION,$MM1,$SESSION1,$STRATEGY1,0,1,0,00,0,1,0,00,TRUE,TRUE,Comment
INTERNALIZEDSTRATEGYORDER,$CUST1,2,$CUST1EXCHANGE,$CUST1EXECFIRM,UQO,5315,ABC,*,$CUST1EXCHANGE,$CUST1,500,$STRATEGY1,D,2,-9,00,D,21/12/2003 6:00:00.0,1,1,0,00,0,-,-,-,$CUST1,$CUST1,C,FALSE,F,U,0,A:AIQ;,-,$SESSION1,$CUST1EXCHANGE,$CUST1EXECFIRM,UQO,53151,ABC,*,$CUST1EXCHANGE,$CUST1,500,$STRATEGY1,O,2,9,00,D,21/12/2003 6:00:00.0,1,1,0,00,0,-,-,BARTID=$WORKSTATION1,$CUST1,$CUST1,C,FALSE,BD,U,0,A:RE;,-,$SESSION1,2,$CLASS1PRODUCT1,$CUST1EXCHANGE,$CUST1EXECFIRM,C,C,$CLASS1PRODUCT2,$CUST1EXCHANGE,$CUST1EXECFIRM,C,C,TRUE,TRUE,Comment
PAUSE,1000
LASTSALEQUERY,$MM1,$SESSION1,$CLASS1PRODUCT1,2,10,10,500,TRUE,TRUE,Comment
LASTSALEQUERY,$MM1,$SESSION1,$CLASS1PRODUCT2,2,1,10,500,TRUE,TRUE,Comment
ORDERFILLVERIFICATION,$CUST1,$CUST1EXCHANGE,$CUST1EXECFIRM,UQO,5315,ABC,*,0,0,3,500,1,2,-9,00,TRUE,TRUE,Comment
ORDERFILLVERIFICATION,$CUST1,$CUST1EXCHANGE,$CUST1EXECFIRM,UQO,53151,ABC,*,0,0,3,500,1,2,9,00,TRUE,TRUE,Comment

COMMENT, Test Scenario A:If a QCT trade leg price occurs Worse than the TOB both Customer leg1 and Non-customer leg 2;QCT orders is trade
TOPOFBOOKVERIFICATION,$MM1,$SESSION1,$CLASS1PRODUCT1,100,2,10,00,200,2,10,15,TRUE,TRUE,Comment
TOPOFBOOKVERIFICATION,$MM1,$SESSION1,$CLASS1PRODUCT2,200,2,1,05,100,2,1,20,TRUE,TRUE,Comment
INTERNALIZEDSTRATEGYORDER,$CUST1,2,$CUST1EXCHANGE,$CUST1EXECFIRM,ZCX,8826,ABC,*,$CUST1EXCHANGE,$CUST1,500,$STRATEGY1,D,2,-9,20,D,21/12/2003 6:00:00.0,1,1,0,00,0,-,-,-,$CUST1,$CUST1,C,FALSE,F,U,0,A:AIQ;,-,$SESSION1,$CUST1EXCHANGE,$CUST1EXECFIRM,ZCX,88261,ABC,*,$CUST1EXCHANGE,$CUST1,500,$STRATEGY1,O,2,9,20,D,21/12/2003 6:00:00.0,1,1,0,00,0,-,-,BARTID=$WORKSTATION1,$CUST1,$CUST1,C,FALSE,BD,U,0,A:RE;,-,$SESSION1,2,$CLASS1PRODUCT1,$CUST1EXCHANGE,$CUST1EXECFIRM,C,C,$CLASS1PRODUCT2,$CUST1EXCHANGE,$CUST1EXECFIRM,C,C,TRUE,TRUE,Comment
PAUSE,2000
ORDERCANCELVERIFICATION,$CUST1,$CUST1EXCHANGE,$CUST1EXECFIRM,ZCX,8826,ABC,*,$SESSION1,$STRATEGY1,3,500,TRUE,TRUE,Comment
ORDERCANCELVERIFICATION,$CUST1,$CUST1EXCHANGE,$CUST1EXECFIRM,ZCX,88261,ABC,*,$SESSION1,$STRATEGY1,3,500,TRUE,TRUE,Comment

COMMENT, Test Scenario B:If a QCT trade leg price occurs Equal than the TOB both Customer leg1 and Non-customer leg 2;QCT orders is CXL since Leg 1 is customer and Leg price is equal
TOPOFBOOKVERIFICATION,$MM1,$SESSION1,$CLASS1PRODUCT1,100,2,10,00,200,2,10,15,TRUE,TRUE,Comment
TOPOFBOOKVERIFICATION,$MM1,$SESSION1,$CLASS1PRODUCT2,200,2,1,05,100,2,1,20,TRUE,TRUE,Comment
INTERNALIZEDSTRATEGYORDER,$CUST1,2,$CUST1EXCHANGE,$CUST1EXECFIRM,LKI,8930,ABC,*,$CUST1EXCHANGE,$CUST1,500,$STRATEGY1,D,2,-9,10,D,21/12/2003 6:00:00.0,1,1,0,00,0,-,-,-,$CUST1,$CUST1,C,FALSE,F,U,0,A:AIQ;,-,$SESSION1,$CUST1EXCHANGE,$CUST1EXECFIRM,LKI,89301,ABC,*,$CUST1EXCHANGE,$CUST1,500,$STRATEGY1,O,2,9,10,D,21/12/2003 6:00:00.0,1,1,0,00,0,-,-,BARTID=$WORKSTATION1,$CUST1,$CUST1,C,FALSE,BD,U,0,A:RE;,-,$SESSION1,2,$CLASS1PRODUCT1,$CUST1EXCHANGE,$CUST1EXECFIRM,C,C,$CLASS1PRODUCT2,$CUST1EXCHANGE,$CUST1EXECFIRM,C,C,TRUE,TRUE,Comment
PAUSE,2000
ORDERCANCELVERIFICATION,$CUST1,$CUST1EXCHANGE,$CUST1EXECFIRM,LKI,8930,ABC,*,$SESSION1,$STRATEGY1,3,500,TRUE,TRUE,Comment
ORDERCANCELVERIFICATION,$CUST1,$CUST1EXCHANGE,$CUST1EXECFIRM,LKI,89301,ABC,*,$SESSION1,$STRATEGY1,3,500,TRUE,TRUE,Comment

COMMENT, Test Scenario C:If a QCT trade leg price occurs Equal than the one Customer leg 1;the other leg price is better than NON-Customer leg 2;QCT orders is CXL since there s a Customer order in leg 1
TOPOFBOOKVERIFICATION,$MM1,$SESSION1,$CLASS1PRODUCT1,100,2,10,00,200,2,10,15,TRUE,TRUE,Comment
TOPOFBOOKVERIFICATION,$MM1,$SESSION1,$CLASS1PRODUCT2,200,2,1,05,100,2,1,20,TRUE,TRUE,Comment
INTERNALIZEDSTRATEGYORDER,$CUST1,2,$CUST1EXCHANGE,$CUST1EXECFIRM,EZB,5814,ABC,*,$CUST1EXCHANGE,$CUST1,500,$STRATEGY1,D,2,-9,09,D,21/12/2003 6:00:00.0,1,1,0,00,0,-,-,-,$CUST1,$CUST1,C,FALSE,F,U,0,A:AIQ;,-,$SESSION1,$CUST1EXCHANGE,$CUST1EXECFIRM,EZB,58141,ABC,*,$CUST1EXCHANGE,$CUST1,500,$STRATEGY1,O,2,9,09,D,21/12/2003 6:00:00.0,1,1,0,00,0,-,-,BARTID=$WORKSTATION1,$CUST1,$CUST1,C,FALSE,BD,U,0,A:RE;,-,$SESSION1,2,$CLASS1PRODUCT1,$CUST1EXCHANGE,$CUST1EXECFIRM,C,C,$CLASS1PRODUCT2,$CUST1EXCHANGE,$CUST1EXECFIRM,C,C,TRUE,TRUE,Comment
PAUSE,2000
ORDERCANCELVERIFICATION,$CUST1,$CUST1EXCHANGE,$CUST1EXECFIRM,EZB,5814,ABC,*,$SESSION1,$STRATEGY1,3,500,TRUE,TRUE,Comment
ORDERCANCELVERIFICATION,$CUST1,$CUST1EXCHANGE,$CUST1EXECFIRM,EZB,58141,ABC,*,$SESSION1,$STRATEGY1,3,500,TRUE,TRUE,Comment

COMMENT, Test Scenario D:If a QCT trade leg price occurs Equal than the one Customer leg 1;the other leg price is worse than Non-Customer leg 2;QCT orders is CXL since there s a Customer order in leg 1 and outside DSM
TOPOFBOOKVERIFICATION,$MM1,$SESSION1,$CLASS1PRODUCT1,100,2,10,00,200,2,10,15,TRUE,TRUE,Comment
TOPOFBOOKVERIFICATION,$MM1,$SESSION1,$CLASS1PRODUCT2,200,2,1,05,100,2,1,20,TRUE,TRUE,Comment
INTERNALIZEDSTRATEGYORDER,$CUST1,2,$CUST1EXCHANGE,$CUST1EXECFIRM,PII,3775,ABC,*,$CUST1EXCHANGE,$CUST1,500,$STRATEGY1,D,2,-9,15,D,21/12/2003 6:00:00.0,1,1,0,00,0,-,-,-,$CUST1,$CUST1,C,FALSE,F,U,0,A:AIQ;,-,$SESSION1,$CUST1EXCHANGE,$CUST1EXECFIRM,PII,37751,ABC,*,$CUST1EXCHANGE,$CUST1,500,$STRATEGY1,O,2,9,15,D,21/12/2003 6:00:00.0,1,1,0,00,0,-,-,BARTID=$WORKSTATION1,$CUST1,$CUST1,C,FALSE,BD,U,0,A:RE;,-,$SESSION1,2,$CLASS1PRODUCT1,$CUST1EXCHANGE,$CUST1EXECFIRM,C,C,$CLASS1PRODUCT2,$CUST1EXCHANGE,$CUST1EXECFIRM,C,C,TRUE,TRUE,Comment
PAUSE,2000
ORDERCANCELVERIFICATION,$CUST1,$CUST1EXCHANGE,$CUST1EXECFIRM,PII,3775,ABC,*,$SESSION1,$STRATEGY1,3,500,TRUE,TRUE,Comment
ORDERCANCELVERIFICATION,$CUST1,$CUST1EXCHANGE,$CUST1EXECFIRM,PII,37751,ABC,*,$SESSION1,$STRATEGY1,3,500,TRUE,TRUE,Comment

COMMENT, Test Scenario E:If a QCT trade leg price occurs Worse than the one Customer leg 1;the other leg price is better than NON-Customer leg 2;QCT orders is CXL
TOPOFBOOKVERIFICATION,$MM1,$SESSION1,$CLASS1PRODUCT1,100,2,10,00,200,2,10,15,TRUE,TRUE,Comment
TOPOFBOOKVERIFICATION,$MM1,$SESSION1,$CLASS1PRODUCT2,200,2,1,05,100,2,1,20,TRUE,TRUE,Comment
INTERNALIZEDSTRATEGYORDER,$CUST1,2,$CUST1EXCHANGE,$CUST1EXECFIRM,YLP,2421,ABC,*,$CUST1EXCHANGE,$CUST1,500,$STRATEGY1,D,2,-9,11,D,21/12/2003 6:00:00.0,1,1,0,00,0,-,-,-,$CUST1,$CUST1,C,FALSE,F,U,0,A:AIQ;,-,$SESSION1,$CUST1EXCHANGE,$CUST1EXECFIRM,YLP,24211,ABC,*,$CUST1EXCHANGE,$CUST1,500,$STRATEGY1,O,2,9,11,D,21/12/2003 6:00:00.0,1,1,0,00,0,-,-,BARTID=$WORKSTATION1,$CUST1,$CUST1,C,FALSE,BD,U,0,A:RE;,-,$SESSION1,2,$CLASS1PRODUCT1,$CUST1EXCHANGE,$CUST1EXECFIRM,C,C,$CLASS1PRODUCT2,$CUST1EXCHANGE,$CUST1EXECFIRM,C,C,TRUE,TRUE,Comment
PAUSE,2000
ORDERCANCELVERIFICATION,$CUST1,$CUST1EXCHANGE,$CUST1EXECFIRM,YLP,2421,ABC,*,$SESSION1,$STRATEGY1,3,500,TRUE,TRUE,Comment
ORDERCANCELVERIFICATION,$CUST1,$CUST1EXCHANGE,$CUST1EXECFIRM,YLP,24211,ABC,*,$SESSION1,$STRATEGY1,3,500,TRUE,TRUE,Comment

COMMENT, Test Scenario F:If a QCT trade leg price occurs Better than the one Customer leg 1;the other leg price is Equal than NON-Customer leg 2;QCT orders is traded
TOPOFBOOKVERIFICATION,$MM1,$SESSION1,$CLASS1PRODUCT1,100,2,10,00,200,2,10,15,TRUE,TRUE,Comment
TOPOFBOOKVERIFICATION,$MM1,$SESSION1,$CLASS1PRODUCT2,200,2,1,05,100,2,1,20,TRUE,TRUE,Comment
INTERNALIZEDSTRATEGYORDER,$CUST1,2,$CUST1EXCHANGE,$CUST1EXECFIRM,ECL,391,ABC,*,$CUST1EXCHANGE,$CUST1,500,$STRATEGY1,D,2,-9,08,D,21/12/2003 6:00:00.0,1,1,0,00,0,-,-,-,$CUST1,$CUST1,C,FALSE,F,U,0,A:AIQ;,-,$SESSION1,$CUST1EXCHANGE,$CUST1EXECFIRM,ECL,3911,ABC,*,$CUST1EXCHANGE,$CUST1,500,$STRATEGY1,O,2,9,08,D,21/12/2003 6:00:00.0,1,1,0,00,0,-,-,BARTID=$WORKSTATION1,$CUST1,$CUST1,C,FALSE,BD,U,0,A:RE;,-,$SESSION1,2,$CLASS1PRODUCT1,$CUST1EXCHANGE,$CUST1EXECFIRM,C,C,$CLASS1PRODUCT2,$CUST1EXCHANGE,$CUST1EXECFIRM,C,C,TRUE,TRUE,Comment
PAUSE,2000
LASTSALEQUERY,$MM1,$SESSION1,$CLASS1PRODUCT1,2,10,14,500,TRUE,TRUE,Comment
LASTSALEQUERY,$MM1,$SESSION1,$CLASS1PRODUCT2,2,1,06,500,TRUE,TRUE,Comment
ORDERFILLVERIFICATION,$CUST1,$CUST1EXCHANGE,$CUST1EXECFIRM,ECL,391,ABC,*,0,0,3,500,1,2,-9,08,TRUE,TRUE,Comment
ORDERFILLVERIFICATION,$CUST1,$CUST1EXCHANGE,$CUST1EXECFIRM,ECL,3911,ABC,*,0,0,3,500,1,2,9,08,TRUE,TRUE,Comment

COMMENT, Test Scenario G:If a QCT trade leg price occurs Better than the one Customer leg 1;the other leg price is worse than NON-Customer leg 2;QCT orders is traded
TOPOFBOOKVERIFICATION,$MM1,$SESSION1,$CLASS1PRODUCT1,100,2,10,00,200,2,10,15,TRUE,TRUE,Comment
TOPOFBOOKVERIFICATION,$MM1,$SESSION1,$CLASS1PRODUCT2,200,2,1,05,100,2,1,20,TRUE,TRUE,Comment
INTERNALIZEDSTRATEGYORDER,$CUST1,2,$CUST1EXCHANGE,$CUST1EXECFIRM,COF,2543,ABC,*,$CUST1EXCHANGE,$CUST1,500,$STRATEGY1,D,2,-9,07,D,21/12/2003 6:00:00.0,1,1,0,00,0,-,-,-,$CUST1,$CUST1,C,FALSE,F,U,0,A:AIQ;,-,$SESSION1,$CUST1EXCHANGE,$CUST1EXECFIRM,COF,25431,ABC,*,$CUST1EXCHANGE,$CUST1,500,$STRATEGY1,O,2,9,07,D,21/12/2003 6:00:00.0,1,1,0,00,0,-,-,BARTID=$WORKSTATION1,$CUST1,$CUST1,C,FALSE,BD,U,0,A:RE;,-,$SESSION1,2,$CLASS1PRODUCT1,$CUST1EXCHANGE,$CUST1EXECFIRM,C,C,$CLASS1PRODUCT2,$CUST1EXCHANGE,$CUST1EXECFIRM,C,C,TRUE,TRUE,Comment
PAUSE,2000
LASTSALEQUERY,$MM1,$SESSION1,$CLASS1PRODUCT1,2,10,14,500,TRUE,TRUE,Comment
LASTSALEQUERY,$MM1,$SESSION1,$CLASS1PRODUCT2,2,1,07,500,TRUE,TRUE,Comment
ORDERFILLVERIFICATION,$CUST1,$CUST1EXCHANGE,$CUST1EXECFIRM,COF,2543,ABC,*,0,0,3,500,1,2,-9,07,TRUE,TRUE,Comment
ORDERFILLVERIFICATION,$CUST1,$CUST1EXCHANGE,$CUST1EXECFIRM,COF,25431,ABC,*,0,0,3,500,1,2,9,07,TRUE,TRUE,Comment

COMMENT, Test Scenario H:If a QCT trade leg price occurs Worse than the one Customer leg 1;the other leg price is Equal than NON-Customer leg 2;QCT orders is trade
TOPOFBOOKVERIFICATION,$MM1,$SESSION1,$CLASS1PRODUCT1,100,2,10,00,200,2,10,15,TRUE,TRUE,Comment
TOPOFBOOKVERIFICATION,$MM1,$SESSION1,$CLASS1PRODUCT2,200,2,1,05,100,2,1,20,TRUE,TRUE,Comment
INTERNALIZEDSTRATEGYORDER,$CUST1,2,$CUST1EXCHANGE,$CUST1EXECFIRM,FUK,2288,ABC,*,$CUST1EXCHANGE,$CUST1,500,$STRATEGY1,D,2,-9,12,D,21/12/2003 6:00:00.0,1,1,0,00,0,-,-,-,$CUST1,$CUST1,C,FALSE,F,U,0,A:AIQ;,-,$SESSION1,$CUST1EXCHANGE,$CUST1EXECFIRM,FUK,22881,ABC,*,$CUST1EXCHANGE,$CUST1,500,$STRATEGY1,O,2,9,12,D,21/12/2003 6:00:00.0,1,1,0,00,0,-,-,BARTID=$WORKSTATION1,$CUST1,$CUST1,C,FALSE,BD,U,0,A:RE;,-,$SESSION1,2,$CLASS1PRODUCT1,$CUST1EXCHANGE,$CUST1EXECFIRM,C,C,$CLASS1PRODUCT2,$CUST1EXCHANGE,$CUST1EXECFIRM,C,C,TRUE,TRUE,Comment
PAUSE,2000
ORDERCANCELVERIFICATION,$CUST1,$CUST1EXCHANGE,$CUST1EXECFIRM,FUK,2288,ABC,*,$SESSION1,$STRATEGY1,3,500,TRUE,TRUE,Comment
ORDERCANCELVERIFICATION,$CUST1,$CUST1EXCHANGE,$CUST1EXECFIRM,FUK,22881,ABC,*,$SESSION1,$STRATEGY1,3,500,TRUE,TRUE,Comment
ORDERCANCELBYIDNOWAIT,$MM1,$MM1EXCHANGE,$MM1EXECFIRM,TJM,7668,ABC,*,100,$SESSION1,1,TRUE,TRUE,Comment
ORDERCANCELVERIFICATION,$MM1,$MM1EXCHANGE,$MM1EXECFIRM,TJM,7668,ABC,*,$SESSION1,$CLASS1PRODUCT1,2,100,TRUE,TRUE,Comment
ORDERCANCELBYIDNOWAIT,$MM1,$MM1EXCHANGE,$MM1EXECFIRM,MLL,3340,ABC,*,100,$SESSION1,1,TRUE,TRUE,Comment
ORDERCANCELVERIFICATION,$MM1,$MM1EXCHANGE,$MM1EXECFIRM,MLL,3340,ABC,*,$SESSION1,$CLASS1PRODUCT1,2,100,TRUE,TRUE,Comment
ORDERCANCELBYIDNOWAIT,$MM1,$MM1EXCHANGE,$MM1EXECFIRM,DDM,4200,ABC,*,100,$SESSION1,1,TRUE,TRUE,Comment
ORDERCANCELVERIFICATION,$MM1,$MM1EXCHANGE,$MM1EXECFIRM,DDM,4200,ABC,*,$SESSION1,$CLASS1PRODUCT2,2,100,TRUE,TRUE,Comment
ORDERCANCELBYIDNOWAIT,$MM1,$MM1EXCHANGE,$MM1EXECFIRM,SED,2452,ABC,*,100,$SESSION1,1,TRUE,TRUE,Comment
ORDERCANCELVERIFICATION,$MM1,$MM1EXCHANGE,$MM1EXECFIRM,SED,2452,ABC,*,$SESSION1,$CLASS1PRODUCT2,2,100,TRUE,TRUE,Comment
QUOTECANCEL,$MM1,$SESSION1,$CLASS1PRODUCT1,2,TRUE,TRUE,Comment
QUOTECANCELVERIFICATION,$MM1,$SESSION1,$CLASS1PRODUCT1,2,TRUE,TRUE,Comment
QUOTECANCEL,$MM1,$SESSION1,$CLASS1PRODUCT2,2,TRUE,TRUE,Comment
QUOTECANCELVERIFICATION,$MM1,$SESSION1,$CLASS1PRODUCT2,2,TRUE,TRUE,Comment

COMMENT, Test Case 4:Customer COB equal DSM;If a QCT trade leg price occurs better than the TOB both Customer legs;QCT orders is traded
CLEARALLCALLBACKS,$MM1
TOPOFBOOKVERIFICATION,$MM1,$SESSION1,$CLASS1PRODUCT1,0,1,0,00,0,1,0,00,TRUE,TRUE,Comment
TOPOFBOOKVERIFICATION,$MM1,$SESSION1,$CLASS1PRODUCT2,0,1,0,00,0,1,0,00,TRUE,TRUE,Comment
QUOTE,$MM1,2,10,00,100,2,10,20,100,$CLASS1PRODUCT1,$SESSION1,User Assigned Id..,TRUE,TRUE,Comment
CURRENTMARKETV4BESTMARKETQUERY,$MM1,CBOE,$CLASS1PRODUCT1,100,2,10,00,100,2,10,20,TRUE,TRUE,Comment
QUOTE,$MM1,2,1,00,100,2,1,20,100,$CLASS1PRODUCT2,$SESSION1,User Assigned Id..,TRUE,TRUE,Comment
CURRENTMARKETV4BESTMARKETQUERY,$MM1,CBOE,$CLASS1PRODUCT2,100,2,1,00,100,2,1,20,TRUE,TRUE,Comment
ORDER,$MM1,$MM1EXCHANGE,$MM1EXECFIRM,XPM,9213,ABC,*,$MM1EXCHANGE,$MM1,100,$CLASS1PRODUCT1,S,2,10,15,D,21/12/2003 6:00:00.0,1,1,0,00,0,-,-,-,$MM1,$MM1,C,FALSE,C,U,0,-,-,$SESSION1,TRUE,TRUE,Comment
ORDER,$MM1,$MM1EXCHANGE,$MM1EXECFIRM,XFJ,3897,ABC,*,$MM1EXCHANGE,$MM1,100,$CLASS1PRODUCT1,S,2,10,15,D,21/12/2003 6:00:00.0,1,1,0,00,0,-,-,-,$MM1,$MM1,C,FALSE,I,U,0,-,-,$SESSION1,TRUE,TRUE,Comment
CURRENTMARKETV4BESTMARKETQUERY,$MM1,CBOE,$CLASS1PRODUCT1,100,2,10,00,200,2,10,15,TRUE,TRUE,Comment
ORDER,$MM1,$MM1EXCHANGE,$MM1EXECFIRM,XCD,2376,ABC,*,$MM1EXCHANGE,$MM1,100,$CLASS1PRODUCT2,B,2,1,05,D,21/12/2003 6:00:00.0,1,1,0,00,0,-,-,-,$MM1,$MM1,C,FALSE,C,U,0,-,-,$SESSION1,TRUE,TRUE,Comment
ORDER,$MM1,$MM1EXCHANGE,$MM1EXECFIRM,KLC,332,ABC,*,$MM1EXCHANGE,$MM1,100,$CLASS1PRODUCT2,B,2,1,05,D,21/12/2003 6:00:00.0,1,1,0,00,0,-,-,-,$MM1,$MM1,C,FALSE,M,U,0,-,-,$SESSION1,TRUE,TRUE,Comment
CURRENTMARKETV4BESTMARKETQUERY,$MM1,CBOE,$CLASS1PRODUCT2,200,2,1,05,100,2,1,20,TRUE,TRUE,Comment
SETPRODUCTSTATEBYPRODUCT,$SA1,$SESSION1,$STRATEGY1,$STRATEGYCLASS1,1,TRUE,TRUE,Comment
PRODUCTSTATEQUERY,$SA1,$SESSION1,$STRATEGY1,1,TRUE,TRUE,Comment
SETPRODUCTSTATEBYPRODUCT,$SA1,$SESSION1,$STRATEGY1,$STRATEGYCLASS1,2,TRUE,TRUE,Comment
PRODUCTSTATEQUERY,$SA1,$SESSION1,$STRATEGY1,2,TRUE,TRUE,Comment
SETPRODUCTSTATEBYPRODUCT,$SA1,$SESSION1,$STRATEGY1,$STRATEGYCLASS1,3,TRUE,TRUE,Comment
PRODUCTSTATEQUERY,$SA1,$SESSION1,$STRATEGY1,3,TRUE,TRUE,Comment
SETPRODUCTSTATEBYPRODUCT,$SA1,$SESSION1,$STRATEGY1,$STRATEGYCLASS1,4,TRUE,TRUE,Comment
PRODUCTSTATEQUERY,$SA1,$SESSION1,$STRATEGY1,4,TRUE,TRUE,Comment
PAUSE,1000
TOPOFBOOKVERIFICATION,$MM1,$SESSION1,$STRATEGY1,0,1,0,00,0,1,0,00,TRUE,TRUE,Comment
ORDER,$MM1,$MM1EXCHANGE,$MM1EXECFIRM,FWV,5566,ABC,*,$MM1EXCHANGE,$MM1,100,$STRATEGY1,D,2,-8,80,D,21/12/2003 6:00:00.0,1,1,0,00,0,-,-,-,$MM1,$MM1,C,FALSE,C,U,0,-,-,$SESSION1,TRUE,TRUE,Comment
ORDER,$MM1,$MM1EXCHANGE,$MM1EXECFIRM,XSP,58,ABC,*,$MM1EXCHANGE,$MM1,100,$STRATEGY1,O,2,9,10,D,21/12/2003 6:00:00.0,1,1,0,00,0,-,-,-,$MM1,$MM1,C,FALSE,C,U,0,-,-,$SESSION1,TRUE,TRUE,Comment
INTERNALIZEDSTRATEGYORDER,$CUST1,2,$CUST1EXCHANGE,$CUST1EXECFIRM,MFL,6034,ABC,*,$CUST1EXCHANGE,$CUST1,500,$STRATEGY1,D,2,-9,00,D,21/12/2003 6:00:00.0,1,1,0,00,0,-,-,-,$CUST1,$CUST1,C,FALSE,F,U,0,A:AIQ;,-,$SESSION1,$CUST1EXCHANGE,$CUST1EXECFIRM,MFL,60341,ABC,*,$CUST1EXCHANGE,$CUST1,500,$STRATEGY1,O,2,9,00,D,21/12/2003 6:00:00.0,1,1,0,00,0,-,-,BARTID=$WORKSTATION1,$CUST1,$CUST1,C,FALSE,BD,U,0,A:RE;,-,$SESSION1,2,$CLASS1PRODUCT1,$CUST1EXCHANGE,$CUST1EXECFIRM,C,C,$CLASS1PRODUCT2,$CUST1EXCHANGE,$CUST1EXECFIRM,C,C,TRUE,TRUE,Comment
PAUSE,1000
LASTSALEQUERY,$MM1,$SESSION1,$CLASS1PRODUCT1,2,10,10,500,TRUE,TRUE,Comment
LASTSALEQUERY,$MM1,$SESSION1,$CLASS1PRODUCT2,2,1,10,500,TRUE,TRUE,Comment
ORDERFILLVERIFICATION,$CUST1,$CUST1EXCHANGE,$CUST1EXECFIRM,MFL,6034,ABC,*,0,0,3,500,1,2,-9,00,TRUE,TRUE,Comment
ORDERFILLVERIFICATION,$CUST1,$CUST1EXCHANGE,$CUST1EXECFIRM,MFL,60341,ABC,*,0,0,3,500,1,2,9,00,TRUE,TRUE,Comment

COMMENT, Test Scenario A:Customer COB equal DSM;If a QCT trade leg price occurs Worse than the TOB both Customer legs;QCT orders is CXL
TOPOFBOOKVERIFICATION,$MM1,$SESSION1,$CLASS1PRODUCT1,100,2,10,00,200,2,10,15,TRUE,TRUE,Comment
TOPOFBOOKVERIFICATION,$MM1,$SESSION1,$CLASS1PRODUCT2,200,2,1,05,100,2,1,20,TRUE,TRUE,Comment
INTERNALIZEDSTRATEGYORDER,$CUST1,2,$CUST1EXCHANGE,$CUST1EXECFIRM,YYU,1107,ABC,*,$CUST1EXCHANGE,$CUST1,500,$STRATEGY1,D,2,-9,20,D,21/12/2003 6:00:00.0,1,1,0,00,0,-,-,-,$CUST1,$CUST1,C,FALSE,F,U,0,A:AIQ;,-,$SESSION1,$CUST1EXCHANGE,$CUST1EXECFIRM,YYU,11071,ABC,*,$CUST1EXCHANGE,$CUST1,500,$STRATEGY1,O,2,9,20,D,21/12/2003 6:00:00.0,1,1,0,00,0,-,-,BARTID=$WORKSTATION1,$CUST1,$CUST1,C,FALSE,BD,U,0,A:RE;,-,$SESSION1,2,$CLASS1PRODUCT1,$CUST1EXCHANGE,$CUST1EXECFIRM,C,C,$CLASS1PRODUCT2,$CUST1EXCHANGE,$CUST1EXECFIRM,C,C,TRUE,TRUE,Comment
PAUSE,2000
ORDERCANCELVERIFICATION,$CUST1,$CUST1EXCHANGE,$CUST1EXECFIRM,YYU,1107,ABC,*,$SESSION1,$STRATEGY1,3,500,TRUE,TRUE,Comment
ORDERCANCELVERIFICATION,$CUST1,$CUST1EXCHANGE,$CUST1EXECFIRM,YYU,11071,ABC,*,$SESSION1,$STRATEGY1,3,500,TRUE,TRUE,Comment

COMMENT, Test Scenario B:Customer COB equal DSM;If a QCT trade leg price occurs equal than the TOB both Customer legs;QCT orders is CXL
TOPOFBOOKVERIFICATION,$MM1,$SESSION1,$CLASS1PRODUCT1,100,2,10,00,200,2,10,15,TRUE,TRUE,Comment
TOPOFBOOKVERIFICATION,$MM1,$SESSION1,$CLASS1PRODUCT2,200,2,1,05,100,2,1,20,TRUE,TRUE,Comment
INTERNALIZEDSTRATEGYORDER,$CUST1,2,$CUST1EXCHANGE,$CUST1EXECFIRM,KYG,9812,ABC,*,$CUST1EXCHANGE,$CUST1,500,$STRATEGY1,D,2,-9,10,D,21/12/2003 6:00:00.0,1,1,0,00,0,-,-,-,$CUST1,$CUST1,C,FALSE,F,U,0,A:AIQ;,-,$SESSION1,$CUST1EXCHANGE,$CUST1EXECFIRM,KYG,98121,ABC,*,$CUST1EXCHANGE,$CUST1,500,$STRATEGY1,O,2,9,10,D,21/12/2003 6:00:00.0,1,1,0,00,0,-,-,BARTID=$WORKSTATION1,$CUST1,$CUST1,C,FALSE,BD,U,0,A:RE;,-,$SESSION1,2,$CLASS1PRODUCT1,$CUST1EXCHANGE,$CUST1EXECFIRM,C,C,$CLASS1PRODUCT2,$CUST1EXCHANGE,$CUST1EXECFIRM,C,C,TRUE,TRUE,Comment
PAUSE,2000
ORDERCANCELVERIFICATION,$CUST1,$CUST1EXCHANGE,$CUST1EXECFIRM,KYG,9812,ABC,*,$SESSION1,$STRATEGY1,3,500,TRUE,TRUE,Comment
ORDERCANCELVERIFICATION,$CUST1,$CUST1EXCHANGE,$CUST1EXECFIRM,KYG,98121,ABC,*,$SESSION1,$STRATEGY1,3,500,TRUE,TRUE,Comment

COMMENT, Test Scenario C:Customer COB equal DSM;If a QCT trade leg price occurs Equal than the one Customer leg 1;the other leg price is better than Customer leg 2;QCT orders is CXL
TOPOFBOOKVERIFICATION,$MM1,$SESSION1,$CLASS1PRODUCT1,100,2,10,00,200,2,10,15,TRUE,TRUE,Comment
TOPOFBOOKVERIFICATION,$MM1,$SESSION1,$CLASS1PRODUCT2,200,2,1,05,100,2,1,20,TRUE,TRUE,Comment
INTERNALIZEDSTRATEGYORDER,$CUST1,2,$CUST1EXCHANGE,$CUST1EXECFIRM,XJR,6682,ABC,*,$CUST1EXCHANGE,$CUST1,500,$STRATEGY1,D,2,-9,09,D,21/12/2003 6:00:00.0,1,1,0,00,0,-,-,-,$CUST1,$CUST1,C,FALSE,F,U,0,A:AIQ;,-,$SESSION1,$CUST1EXCHANGE,$CUST1EXECFIRM,XJR,66821,ABC,*,$CUST1EXCHANGE,$CUST1,500,$STRATEGY1,O,2,9,09,D,21/12/2003 6:00:00.0,1,1,0,00,0,-,-,BARTID=$WORKSTATION1,$CUST1,$CUST1,C,FALSE,BD,U,0,A:RE;,-,$SESSION1,2,$CLASS1PRODUCT1,$CUST1EXCHANGE,$CUST1EXECFIRM,C,C,$CLASS1PRODUCT2,$CUST1EXCHANGE,$CUST1EXECFIRM,C,C,TRUE,TRUE,Comment
PAUSE,2000
ORDERCANCELVERIFICATION,$CUST1,$CUST1EXCHANGE,$CUST1EXECFIRM,XJR,6682,ABC,*,$SESSION1,$STRATEGY1,3,500,TRUE,TRUE,Comment
ORDERCANCELVERIFICATION,$CUST1,$CUST1EXCHANGE,$CUST1EXECFIRM,XJR,66821,ABC,*,$SESSION1,$STRATEGY1,3,500,TRUE,TRUE,Comment

COMMENT, Test Scenario D:Customer COB equal DSM;If a QCT trade leg price occurs Equal than the one Customer leg 1;the other leg price is worse than Customer leg 2;QCT orders is CXL
TOPOFBOOKVERIFICATION,$MM1,$SESSION1,$CLASS1PRODUCT1,100,2,10,00,200,2,10,15,TRUE,TRUE,Comment
TOPOFBOOKVERIFICATION,$MM1,$SESSION1,$CLASS1PRODUCT2,200,2,1,05,100,2,1,20,TRUE,TRUE,Comment
INTERNALIZEDSTRATEGYORDER,$CUST1,2,$CUST1EXCHANGE,$CUST1EXECFIRM,XEH,8027,ABC,*,$CUST1EXCHANGE,$CUST1,500,$STRATEGY1,D,2,-9,15,D,21/12/2003 6:00:00.0,1,1,0,00,0,-,-,-,$CUST1,$CUST1,C,FALSE,F,U,0,A:AIQ;,-,$SESSION1,$CUST1EXCHANGE,$CUST1EXECFIRM,XEH,80271,ABC,*,$CUST1EXCHANGE,$CUST1,500,$STRATEGY1,O,2,9,15,D,21/12/2003 6:00:00.0,1,1,0,00,0,-,-,BARTID=$WORKSTATION1,$CUST1,$CUST1,C,FALSE,BD,U,0,A:RE;,-,$SESSION1,2,$CLASS1PRODUCT1,$CUST1EXCHANGE,$CUST1EXECFIRM,C,C,$CLASS1PRODUCT2,$CUST1EXCHANGE,$CUST1EXECFIRM,C,C,TRUE,TRUE,Comment
PAUSE,2000
ORDERCANCELVERIFICATION,$CUST1,$CUST1EXCHANGE,$CUST1EXECFIRM,XEH,8027,ABC,*,$SESSION1,$STRATEGY1,3,500,TRUE,TRUE,Comment
ORDERCANCELVERIFICATION,$CUST1,$CUST1EXCHANGE,$CUST1EXECFIRM,XEH,80271,ABC,*,$SESSION1,$STRATEGY1,3,500,TRUE,TRUE,Comment

COMMENT, Test Scenario E:Customer COB equal DSM;If a QCT trade leg price occurs Worse than the one Customer leg 1;the other leg price is better than Customer leg 2;QCT orders is CXL
TOPOFBOOKVERIFICATION,$MM1,$SESSION1,$CLASS1PRODUCT1,100,2,10,00,200,2,10,15,TRUE,TRUE,Comment
TOPOFBOOKVERIFICATION,$MM1,$SESSION1,$CLASS1PRODUCT2,200,2,1,05,100,2,1,20,TRUE,TRUE,Comment
INTERNALIZEDSTRATEGYORDER,$CUST1,2,$CUST1EXCHANGE,$CUST1EXECFIRM,CUO,380,ABC,*,$CUST1EXCHANGE,$CUST1,500,$STRATEGY1,D,2,-9,11,D,21/12/2003 6:00:00.0,1,1,0,00,0,-,-,-,$CUST1,$CUST1,C,FALSE,F,U,0,A:AIQ;,-,$SESSION1,$CUST1EXCHANGE,$CUST1EXECFIRM,CUO,3801,ABC,*,$CUST1EXCHANGE,$CUST1,500,$STRATEGY1,O,2,9,11,D,21/12/2003 6:00:00.0,1,1,0,00,0,-,-,BARTID=$WORKSTATION1,$CUST1,$CUST1,C,FALSE,BD,U,0,A:RE;,-,$SESSION1,2,$CLASS1PRODUCT1,$CUST1EXCHANGE,$CUST1EXECFIRM,C,C,$CLASS1PRODUCT2,$CUST1EXCHANGE,$CUST1EXECFIRM,C,C,TRUE,TRUE,Comment
PAUSE,2000
ORDERCANCELVERIFICATION,$CUST1,$CUST1EXCHANGE,$CUST1EXECFIRM,CUO,380,ABC,*,$SESSION1,$STRATEGY1,3,500,TRUE,TRUE,Comment
ORDERCANCELVERIFICATION,$CUST1,$CUST1EXCHANGE,$CUST1EXECFIRM,CUO,3801,ABC,*,$SESSION1,$STRATEGY1,3,500,TRUE,TRUE,Comment
ORDERCANCELBYIDNOWAIT,$MM1,$MM1EXCHANGE,$MM1EXECFIRM,XPM,9213,ABC,*,100,$SESSION1,1,TRUE,TRUE,Comment
ORDERCANCELVERIFICATION,$MM1,$MM1EXCHANGE,$MM1EXECFIRM,XPM,9213,ABC,*,$SESSION1,$CLASS1PRODUCT1,2,100,TRUE,TRUE,Comment
ORDERCANCELBYIDNOWAIT,$MM1,$MM1EXCHANGE,$MM1EXECFIRM,XFJ,3897,ABC,*,100,$SESSION1,1,TRUE,TRUE,Comment
ORDERCANCELVERIFICATION,$MM1,$MM1EXCHANGE,$MM1EXECFIRM,XFJ,3897,ABC,*,$SESSION1,$CLASS1PRODUCT1,2,100,TRUE,TRUE,Comment
ORDERCANCELBYIDNOWAIT,$MM1,$MM1EXCHANGE,$MM1EXECFIRM,XCD,2376,ABC,*,100,$SESSION1,1,TRUE,TRUE,Comment
ORDERCANCELVERIFICATION,$MM1,$MM1EXCHANGE,$MM1EXECFIRM,XCD,2376,ABC,*,$SESSION1,$CLASS1PRODUCT2,2,100,TRUE,TRUE,Comment
ORDERCANCELBYIDNOWAIT,$MM1,$MM1EXCHANGE,$MM1EXECFIRM,KLC,332,ABC,*,100,$SESSION1,1,TRUE,TRUE,Comment
ORDERCANCELVERIFICATION,$MM1,$MM1EXCHANGE,$MM1EXECFIRM,KLC,332,ABC,*,$SESSION1,$CLASS1PRODUCT2,2,100,TRUE,TRUE,Comment
ORDERCANCELBYIDNOWAIT,$MM1,$MM1EXCHANGE,$MM1EXECFIRM,FWV,5566,ABC,*,100,$SESSION1,1,TRUE,TRUE,Comment
ORDERCANCELVERIFICATION,$MM1,$MM1EXCHANGE,$MM1EXECFIRM,FWV,5566,ABC,*,$SESSION1,$STRATEGY1,2,100,TRUE,TRUE,Comment
ORDERCANCELBYIDNOWAIT,$MM1,$MM1EXCHANGE,$MM1EXECFIRM,XSP,58,ABC,*,100,$SESSION1,1,TRUE,TRUE,Comment
ORDERCANCELVERIFICATION,$MM1,$MM1EXCHANGE,$MM1EXECFIRM,XSP,58,ABC,*,$SESSION1,$STRATEGY1,2,100,TRUE,TRUE,Comment
QUOTECANCEL,$MM1,$SESSION1,$CLASS1PRODUCT1,2,TRUE,TRUE,Comment
QUOTECANCELVERIFICATION,$MM1,$SESSION1,$CLASS1PRODUCT1,2,TRUE,TRUE,Comment
QUOTECANCEL,$MM1,$SESSION1,$CLASS1PRODUCT2,2,TRUE,TRUE,Comment
QUOTECANCELVERIFICATION,$MM1,$SESSION1,$CLASS1PRODUCT2,2,TRUE,TRUE,Comment

COMMENT, Test Case 5:Customer COB equal DSM;If a QCT trade leg price occurs better than the TOB both NON-Customer legs;QCT orders is traded since it s inside DSM
CLEARALLCALLBACKS,$MM1
TOPOFBOOKVERIFICATION,$MM1,$SESSION1,$CLASS1PRODUCT1,0,1,0,00,0,1,0,00,TRUE,TRUE,Comment
TOPOFBOOKVERIFICATION,$MM1,$SESSION1,$CLASS1PRODUCT2,0,1,0,00,0,1,0,00,TRUE,TRUE,Comment
QUOTE,$MM1,2,10,00,100,2,10,20,100,$CLASS1PRODUCT1,$SESSION1,User Assigned Id..,TRUE,TRUE,Comment
CURRENTMARKETV4BESTMARKETQUERY,$MM1,CBOE,$CLASS1PRODUCT1,100,2,10,00,100,2,10,20,TRUE,TRUE,Comment
QUOTE,$MM1,2,1,00,100,2,1,20,100,$CLASS1PRODUCT2,$SESSION1,User Assigned Id..,TRUE,TRUE,Comment
CURRENTMARKETV4BESTMARKETQUERY,$MM1,CBOE,$CLASS1PRODUCT2,100,2,1,00,100,2,1,20,TRUE,TRUE,Comment
ORDER,$MM1,$MM1EXCHANGE,$MM1EXECFIRM,YLG,1961,ABC,*,$MM1EXCHANGE,$MM1,100,$CLASS1PRODUCT1,S,2,10,15,D,21/12/2003 6:00:00.0,1,1,0,00,0,-,-,-,$MM1,$MM1,C,FALSE,B,U,0,-,-,$SESSION1,TRUE,TRUE,Comment
ORDER,$MM1,$MM1EXCHANGE,$MM1EXECFIRM,WOE,2262,ABC,*,$MM1EXCHANGE,$MM1,100,$CLASS1PRODUCT1,S,2,10,15,D,21/12/2003 6:00:00.0,1,1,0,00,0,-,-,-,$MM1,$MM1,C,FALSE,I,U,0,-,-,$SESSION1,TRUE,TRUE,Comment
CURRENTMARKETV4BESTMARKETQUERY,$MM1,CBOE,$CLASS1PRODUCT1,100,2,10,00,200,2,10,15,TRUE,TRUE,Comment
ORDER,$MM1,$MM1EXCHANGE,$MM1EXECFIRM,XPC,5853,ABC,*,$MM1EXCHANGE,$MM1,100,$CLASS1PRODUCT2,B,2,1,05,D,21/12/2003 6:00:00.0,1,1,0,00,0,-,-,-,$MM1,$MM1,C,FALSE,F,U,0,-,-,$SESSION1,TRUE,TRUE,Comment
ORDER,$MM1,$MM1EXCHANGE,$MM1EXECFIRM,PKY,4632,ABC,*,$MM1EXCHANGE,$MM1,100,$CLASS1PRODUCT2,B,2,1,05,D,21/12/2003 6:00:00.0,1,1,0,00,0,-,-,-,$MM1,$MM1,C,FALSE,M,U,0,-,-,$SESSION1,TRUE,TRUE,Comment
CURRENTMARKETV4BESTMARKETQUERY,$MM1,CBOE,$CLASS1PRODUCT2,200,2,1,05,100,2,1,20,TRUE,TRUE,Comment
SETPRODUCTSTATEBYPRODUCT,$SA1,$SESSION1,$STRATEGY1,$STRATEGYCLASS1,1,TRUE,TRUE,Comment
PRODUCTSTATEQUERY,$SA1,$SESSION1,$STRATEGY1,1,TRUE,TRUE,Comment
SETPRODUCTSTATEBYPRODUCT,$SA1,$SESSION1,$STRATEGY1,$STRATEGYCLASS1,2,TRUE,TRUE,Comment
PRODUCTSTATEQUERY,$SA1,$SESSION1,$STRATEGY1,2,TRUE,TRUE,Comment
SETPRODUCTSTATEBYPRODUCT,$SA1,$SESSION1,$STRATEGY1,$STRATEGYCLASS1,3,TRUE,TRUE,Comment
PRODUCTSTATEQUERY,$SA1,$SESSION1,$STRATEGY1,3,TRUE,TRUE,Comment
SETPRODUCTSTATEBYPRODUCT,$SA1,$SESSION1,$STRATEGY1,$STRATEGYCLASS1,4,TRUE,TRUE,Comment
PRODUCTSTATEQUERY,$SA1,$SESSION1,$STRATEGY1,4,TRUE,TRUE,Comment
PAUSE,1000
TOPOFBOOKVERIFICATION,$MM1,$SESSION1,$STRATEGY1,0,1,0,00,0,1,0,00,TRUE,TRUE,Comment
ORDER,$MM1,$MM1EXCHANGE,$MM1EXECFIRM,DGW,5301,ABC,*,$MM1EXCHANGE,$MM1,100,$STRATEGY1,D,2,-8,80,D,21/12/2003 6:00:00.0,1,1,0,00,0,-,-,-,$MM1,$MM1,C,FALSE,C,U,0,-,-,$SESSION1,TRUE,TRUE,Comment
ORDER,$MM1,$MM1EXCHANGE,$MM1EXECFIRM,OYR,4795,ABC,*,$MM1EXCHANGE,$MM1,100,$STRATEGY1,O,2,9,10,D,21/12/2003 6:00:00.0,1,1,0,00,0,-,-,-,$MM1,$MM1,C,FALSE,C,U,0,-,-,$SESSION1,TRUE,TRUE,Comment
INTERNALIZEDSTRATEGYORDER,$CUST1,2,$CUST1EXCHANGE,$CUST1EXECFIRM,WUB,7094,ABC,*,$CUST1EXCHANGE,$CUST1,500,$STRATEGY1,D,2,-9,00,D,21/12/2003 6:00:00.0,1,1,0,00,0,-,-,-,$CUST1,$CUST1,C,FALSE,F,U,0,A:AIQ;,-,$SESSION1,$CUST1EXCHANGE,$CUST1EXECFIRM,WUB,70941,ABC,*,$CUST1EXCHANGE,$CUST1,500,$STRATEGY1,O,2,9,00,D,21/12/2003 6:00:00.0,1,1,0,00,0,-,-,BARTID=$WORKSTATION1,$CUST1,$CUST1,C,FALSE,BD,U,0,A:RE;,-,$SESSION1,2,$CLASS1PRODUCT1,$CUST1EXCHANGE,$CUST1EXECFIRM,C,C,$CLASS1PRODUCT2,$CUST1EXCHANGE,$CUST1EXECFIRM,C,C,TRUE,TRUE,Comment
PAUSE,1000
LASTSALEQUERY,$MM1,$SESSION1,$CLASS1PRODUCT1,2,10,10,500,TRUE,TRUE,Comment
LASTSALEQUERY,$MM1,$SESSION1,$CLASS1PRODUCT2,2,1,10,500,TRUE,TRUE,Comment
ORDERFILLVERIFICATION,$CUST1,$CUST1EXCHANGE,$CUST1EXECFIRM,WUB,7094,ABC,*,0,0,3,500,1,2,-9,00,TRUE,TRUE,Comment
ORDERFILLVERIFICATION,$CUST1,$CUST1EXCHANGE,$CUST1EXECFIRM,WUB,70941,ABC,*,0,0,3,500,1,2,9,00,TRUE,TRUE,Comment

COMMENT, Test Scenario A:Customer COB equal DSM;If a QCT trade leg price occurs Worse than the TOB both NON-Customer legs;QCT orders is CXL since it s outside DSM
TOPOFBOOKVERIFICATION,$MM1,$SESSION1,$CLASS1PRODUCT1,100,2,10,00,200,2,10,15,TRUE,TRUE,Comment
TOPOFBOOKVERIFICATION,$MM1,$SESSION1,$CLASS1PRODUCT2,200,2,1,05,100,2,1,20,TRUE,TRUE,Comment
INTERNALIZEDSTRATEGYORDER,$CUST1,2,$CUST1EXCHANGE,$CUST1EXECFIRM,JBS,5521,ABC,*,$CUST1EXCHANGE,$CUST1,500,$STRATEGY1,D,2,-9,20,D,21/12/2003 6:00:00.0,1,1,0,00,0,-,-,-,$CUST1,$CUST1,C,FALSE,F,U,0,A:AIQ;,-,$SESSION1,$CUST1EXCHANGE,$CUST1EXECFIRM,JBS,55211,ABC,*,$CUST1EXCHANGE,$CUST1,500,$STRATEGY1,O,2,9,20,D,21/12/2003 6:00:00.0,1,1,0,00,0,-,-,BARTID=$WORKSTATION1,$CUST1,$CUST1,C,FALSE,BD,U,0,A:RE;,-,$SESSION1,2,$CLASS1PRODUCT1,$CUST1EXCHANGE,$CUST1EXECFIRM,C,C,$CLASS1PRODUCT2,$CUST1EXCHANGE,$CUST1EXECFIRM,C,C,TRUE,TRUE,Comment
PAUSE,2000
ORDERCANCELVERIFICATION,$CUST1,$CUST1EXCHANGE,$CUST1EXECFIRM,JBS,5521,ABC,*,$SESSION1,$STRATEGY1,3,500,TRUE,TRUE,Comment
ORDERCANCELVERIFICATION,$CUST1,$CUST1EXCHANGE,$CUST1EXECFIRM,JBS,55211,ABC,*,$SESSION1,$STRATEGY1,3,500,TRUE,TRUE,Comment

COMMENT, Test Scenario B:Customer COB equal DSM;If a QCT trade leg price occurs equal than the TOB both NON-Customer legs;QCT orders is CXL since it equal DSM
TOPOFBOOKVERIFICATION,$MM1,$SESSION1,$CLASS1PRODUCT1,100,2,10,00,200,2,10,15,TRUE,TRUE,Comment
TOPOFBOOKVERIFICATION,$MM1,$SESSION1,$CLASS1PRODUCT2,200,2,1,05,100,2,1,20,TRUE,TRUE,Comment
INTERNALIZEDSTRATEGYORDER,$CUST1,2,$CUST1EXCHANGE,$CUST1EXECFIRM,TXQ,7319,ABC,*,$CUST1EXCHANGE,$CUST1,500,$STRATEGY1,D,2,-9,10,D,21/12/2003 6:00:00.0,1,1,0,00,0,-,-,-,$CUST1,$CUST1,C,FALSE,F,U,0,A:AIQ;,-,$SESSION1,$CUST1EXCHANGE,$CUST1EXECFIRM,TXQ,73191,ABC,*,$CUST1EXCHANGE,$CUST1,500,$STRATEGY1,O,2,9,10,D,21/12/2003 6:00:00.0,1,1,0,00,0,-,-,BARTID=$WORKSTATION1,$CUST1,$CUST1,C,FALSE,BD,U,0,A:RE;,-,$SESSION1,2,$CLASS1PRODUCT1,$CUST1EXCHANGE,$CUST1EXECFIRM,C,C,$CLASS1PRODUCT2,$CUST1EXCHANGE,$CUST1EXECFIRM,C,C,TRUE,TRUE,Comment
ORDERCANCELVERIFICATION,$CUST1,$CUST1EXCHANGE,$CUST1EXECFIRM,TXQ,7319,ABC,*,$SESSION1,$STRATEGY1,3,500,TRUE,TRUE,Comment
ORDERCANCELVERIFICATION,$CUST1,$CUST1EXCHANGE,$CUST1EXECFIRM,TXQ,73191,ABC,*,$SESSION1,$STRATEGY1,3,500,TRUE,TRUE,Comment

COMMENT, Test Scenario C:Customer COB equal DSM;If a QCT trade leg price occurs Equal than the one NON-Customer leg 1;the other leg price is better than NON-Customer leg 2;QCT orders is Traded since it s inside DSM
TOPOFBOOKVERIFICATION,$MM1,$SESSION1,$CLASS1PRODUCT1,100,2,10,00,200,2,10,15,TRUE,TRUE,Comment
TOPOFBOOKVERIFICATION,$MM1,$SESSION1,$CLASS1PRODUCT2,200,2,1,05,100,2,1,20,TRUE,TRUE,Comment
INTERNALIZEDSTRATEGYORDER,$CUST1,2,$CUST1EXCHANGE,$CUST1EXECFIRM,EQD,4156,ABC,*,$CUST1EXCHANGE,$CUST1,500,$STRATEGY1,D,2,-9,09,D,21/12/2003 6:00:00.0,1,1,0,00,0,-,-,-,$CUST1,$CUST1,C,FALSE,F,U,0,A:AIQ;,-,$SESSION1,$CUST1EXCHANGE,$CUST1EXECFIRM,EQD,41561,ABC,*,$CUST1EXCHANGE,$CUST1,500,$STRATEGY1,O,2,9,09,D,21/12/2003 6:00:00.0,1,1,0,00,0,-,-,BARTID=$WORKSTATION1,$CUST1,$CUST1,C,FALSE,BD,U,0,A:RE;,-,$SESSION1,2,$CLASS1PRODUCT1,$CUST1EXCHANGE,$CUST1EXECFIRM,C,C,$CLASS1PRODUCT2,$CUST1EXCHANGE,$CUST1EXECFIRM,C,C,TRUE,TRUE,Comment
PAUSE,2000
LASTSALEQUERY,$MM1,$SESSION1,$CLASS1PRODUCT1,2,10,15,500,TRUE,TRUE,Comment
LASTSALEQUERY,$MM1,$SESSION1,$CLASS1PRODUCT2,2,1,06,500,TRUE,TRUE,Comment
ORDERFILLVERIFICATION,$CUST1,$CUST1EXCHANGE,$CUST1EXECFIRM,EQD,4156,ABC,*,0,0,3,500,1,2,-9,09,TRUE,TRUE,Comment
ORDERFILLVERIFICATION,$CUST1,$CUST1EXCHANGE,$CUST1EXECFIRM,EQD,41561,ABC,*,0,0,3,500,1,2,9,09,TRUE,TRUE,Comment

COMMENT, Test Scenario D:Customer COB equal DSM;If a QCT trade leg price occurs Equal than the one NON-Customer leg 1;the other leg price is worse than NON-Customer leg 2;QCT orders is CXL since it s outside DSM
TOPOFBOOKVERIFICATION,$MM1,$SESSION1,$CLASS1PRODUCT1,100,2,10,00,200,2,10,15,TRUE,TRUE,Comment
TOPOFBOOKVERIFICATION,$MM1,$SESSION1,$CLASS1PRODUCT2,200,2,1,05,100,2,1,20,TRUE,TRUE,Comment
INTERNALIZEDSTRATEGYORDER,$CUST1,2,$CUST1EXCHANGE,$CUST1EXECFIRM,XYK,5286,ABC,*,$CUST1EXCHANGE,$CUST1,500,$STRATEGY1,D,2,-9,15,D,21/12/2003 6:00:00.0,1,1,0,00,0,-,-,-,$CUST1,$CUST1,C,FALSE,F,U,0,A:AIQ;,-,$SESSION1,$CUST1EXCHANGE,$CUST1EXECFIRM,XYK,52861,ABC,*,$CUST1EXCHANGE,$CUST1,500,$STRATEGY1,O,2,9,15,D,21/12/2003 6:00:00.0,1,1,0,00,0,-,-,BARTID=$WORKSTATION1,$CUST1,$CUST1,C,FALSE,BD,U,0,A:RE;,-,$SESSION1,2,$CLASS1PRODUCT1,$CUST1EXCHANGE,$CUST1EXECFIRM,C,C,$CLASS1PRODUCT2,$CUST1EXCHANGE,$CUST1EXECFIRM,C,C,TRUE,TRUE,Comment
PAUSE,2000
ORDERCANCELVERIFICATION,$CUST1,$CUST1EXCHANGE,$CUST1EXECFIRM,XYK,5286,ABC,*,$SESSION1,$STRATEGY1,3,500,TRUE,TRUE,Comment
ORDERCANCELVERIFICATION,$CUST1,$CUST1EXCHANGE,$CUST1EXECFIRM,XYK,52861,ABC,*,$SESSION1,$STRATEGY1,3,500,TRUE,TRUE,Comment

COMMENT, Test Scenario E:Customer COB equal DSM;If a QCT trade leg price occurs Worse than the one NON-Customer leg 1;the other leg price is better than NON-Customer leg 2;QCT orders is CXL since outside DSM
TOPOFBOOKVERIFICATION,$MM1,$SESSION1,$CLASS1PRODUCT1,100,2,10,00,200,2,10,15,TRUE,TRUE,Comment
TOPOFBOOKVERIFICATION,$MM1,$SESSION1,$CLASS1PRODUCT2,200,2,1,05,100,2,1,20,TRUE,TRUE,Comment
INTERNALIZEDSTRATEGYORDER,$CUST1,2,$CUST1EXCHANGE,$CUST1EXECFIRM,WSS,4500,ABC,*,$CUST1EXCHANGE,$CUST1,500,$STRATEGY1,D,2,-9,11,D,21/12/2003 6:00:00.0,1,1,0,00,0,-,-,-,$CUST1,$CUST1,C,FALSE,F,U,0,A:AIQ;,-,$SESSION1,$CUST1EXCHANGE,$CUST1EXECFIRM,WSS,45001,ABC,*,$CUST1EXCHANGE,$CUST1,500,$STRATEGY1,O,2,9,11,D,21/12/2003 6:00:00.0,1,1,0,00,0,-,-,BARTID=$WORKSTATION1,$CUST1,$CUST1,C,FALSE,BD,U,0,A:RE;,-,$SESSION1,2,$CLASS1PRODUCT1,$CUST1EXCHANGE,$CUST1EXECFIRM,C,C,$CLASS1PRODUCT2,$CUST1EXCHANGE,$CUST1EXECFIRM,C,C,TRUE,TRUE,Comment
PAUSE,2000
ORDERCANCELVERIFICATION,$CUST1,$CUST1EXCHANGE,$CUST1EXECFIRM,WSS,4500,ABC,*,$SESSION1,$STRATEGY1,3,500,TRUE,TRUE,Comment
ORDERCANCELVERIFICATION,$CUST1,$CUST1EXCHANGE,$CUST1EXECFIRM,WSS,45001,ABC,*,$SESSION1,$STRATEGY1,3,500,TRUE,TRUE,Comment
ORDERCANCELBYIDNOWAIT,$MM1,$MM1EXCHANGE,$MM1EXECFIRM,YLG,1961,ABC,*,100,$SESSION1,1,TRUE,TRUE,Comment
ORDERCANCELVERIFICATION,$MM1,$MM1EXCHANGE,$MM1EXECFIRM,YLG,1961,ABC,*,$SESSION1,$CLASS1PRODUCT1,2,100,TRUE,TRUE,Comment
ORDERCANCELBYIDNOWAIT,$MM1,$MM1EXCHANGE,$MM1EXECFIRM,WOE,2262,ABC,*,100,$SESSION1,1,TRUE,TRUE,Comment
ORDERCANCELVERIFICATION,$MM1,$MM1EXCHANGE,$MM1EXECFIRM,WOE,2262,ABC,*,$SESSION1,$CLASS1PRODUCT1,2,100,TRUE,TRUE,Comment
ORDERCANCELBYIDNOWAIT,$MM1,$MM1EXCHANGE,$MM1EXECFIRM,XPC,5853,ABC,*,100,$SESSION1,1,TRUE,TRUE,Comment
ORDERCANCELVERIFICATION,$MM1,$MM1EXCHANGE,$MM1EXECFIRM,XPC,5853,ABC,*,$SESSION1,$CLASS1PRODUCT2,2,100,TRUE,TRUE,Comment
ORDERCANCELBYIDNOWAIT,$MM1,$MM1EXCHANGE,$MM1EXECFIRM,PKY,4632,ABC,*,100,$SESSION1,1,TRUE,TRUE,Comment
ORDERCANCELVERIFICATION,$MM1,$MM1EXCHANGE,$MM1EXECFIRM,PKY,4632,ABC,*,$SESSION1,$CLASS1PRODUCT2,2,100,TRUE,TRUE,Comment
ORDERCANCELBYIDNOWAIT,$MM1,$MM1EXCHANGE,$MM1EXECFIRM,DGW,5301,ABC,*,100,$SESSION1,1,TRUE,TRUE,Comment
ORDERCANCELVERIFICATION,$MM1,$MM1EXCHANGE,$MM1EXECFIRM,DGW,5301,ABC,*,$SESSION1,$STRATEGY1,2,100,TRUE,TRUE,Comment
ORDERCANCELBYIDNOWAIT,$MM1,$MM1EXCHANGE,$MM1EXECFIRM,OYR,4795,ABC,*,100,$SESSION1,1,TRUE,TRUE,Comment
ORDERCANCELVERIFICATION,$MM1,$MM1EXCHANGE,$MM1EXECFIRM,OYR,4795,ABC,*,$SESSION1,$STRATEGY1,2,100,TRUE,TRUE,Comment
QUOTECANCEL,$MM1,$SESSION1,$CLASS1PRODUCT1,2,TRUE,TRUE,Comment
QUOTECANCELVERIFICATION,$MM1,$SESSION1,$CLASS1PRODUCT1,2,TRUE,TRUE,Comment
QUOTECANCEL,$MM1,$SESSION1,$CLASS1PRODUCT2,2,TRUE,TRUE,Comment
QUOTECANCELVERIFICATION,$MM1,$SESSION1,$CLASS1PRODUCT2,2,TRUE,TRUE,Comment

COMMENT, Test Case 6:NON-Customer COB equal DSM;If a QCT trade leg price occurs better than the TOB both NON-Customer legs;QCT orders is traded since it s inside DSM
CLEARALLCALLBACKS,$MM1
TOPOFBOOKVERIFICATION,$MM1,$SESSION1,$CLASS1PRODUCT1,0,1,0,00,0,1,0,00,TRUE,TRUE,Comment
TOPOFBOOKVERIFICATION,$MM1,$SESSION1,$CLASS1PRODUCT2,0,1,0,00,0,1,0,00,TRUE,TRUE,Comment
QUOTE,$MM1,2,10,00,100,2,10,20,100,$CLASS1PRODUCT1,$SESSION1,User Assigned Id..,TRUE,TRUE,Comment
CURRENTMARKETV4BESTMARKETQUERY,$MM1,CBOE,$CLASS1PRODUCT1,100,2,10,00,100,2,10,20,TRUE,TRUE,Comment
QUOTE,$MM1,2,1,00,100,2,1,20,100,$CLASS1PRODUCT2,$SESSION1,User Assigned Id..,TRUE,TRUE,Comment
CURRENTMARKETV4BESTMARKETQUERY,$MM1,CBOE,$CLASS1PRODUCT2,100,2,1,00,100,2,1,20,TRUE,TRUE,Comment
ORDER,$MM1,$MM1EXCHANGE,$MM1EXECFIRM,IDF,9283,ABC,*,$MM1EXCHANGE,$MM1,100,$CLASS1PRODUCT1,S,2,10,15,D,21/12/2003 6:00:00.0,1,1,0,00,0,-,-,-,$MM1,$MM1,C,FALSE,B,U,0,-,-,$SESSION1,TRUE,TRUE,Comment
ORDER,$MM1,$MM1EXCHANGE,$MM1EXECFIRM,YRB,8946,ABC,*,$MM1EXCHANGE,$MM1,100,$CLASS1PRODUCT1,S,2,10,15,D,21/12/2003 6:00:00.0,1,1,0,00,0,-,-,-,$MM1,$MM1,C,FALSE,I,U,0,-,-,$SESSION1,TRUE,TRUE,Comment
CURRENTMARKETV4BESTMARKETQUERY,$MM1,CBOE,$CLASS1PRODUCT1,100,2,10,00,200,2,10,15,TRUE,TRUE,Comment
ORDER,$MM1,$MM1EXCHANGE,$MM1EXECFIRM,UDO,8088,ABC,*,$MM1EXCHANGE,$MM1,100,$CLASS1PRODUCT2,B,2,1,05,D,21/12/2003 6:00:00.0,1,1,0,00,0,-,-,-,$MM1,$MM1,C,FALSE,F,U,0,-,-,$SESSION1,TRUE,TRUE,Comment
ORDER,$MM1,$MM1EXCHANGE,$MM1EXECFIRM,KOQ,7,ABC,*,$MM1EXCHANGE,$MM1,100,$CLASS1PRODUCT2,B,2,1,05,D,21/12/2003 6:00:00.0,1,1,0,00,0,-,-,-,$MM1,$MM1,C,FALSE,M,U,0,-,-,$SESSION1,TRUE,TRUE,Comment
CURRENTMARKETV4BESTMARKETQUERY,$MM1,CBOE,$CLASS1PRODUCT2,200,2,1,05,100,2,1,20,TRUE,TRUE,Comment
SETPRODUCTSTATEBYPRODUCT,$SA1,$SESSION1,$STRATEGY1,$STRATEGYCLASS1,1,TRUE,TRUE,Comment
PRODUCTSTATEQUERY,$SA1,$SESSION1,$STRATEGY1,1,TRUE,TRUE,Comment
SETPRODUCTSTATEBYPRODUCT,$SA1,$SESSION1,$STRATEGY1,$STRATEGYCLASS1,2,TRUE,TRUE,Comment
PRODUCTSTATEQUERY,$SA1,$SESSION1,$STRATEGY1,2,TRUE,TRUE,Comment
SETPRODUCTSTATEBYPRODUCT,$SA1,$SESSION1,$STRATEGY1,$STRATEGYCLASS1,3,TRUE,TRUE,Comment
PRODUCTSTATEQUERY,$SA1,$SESSION1,$STRATEGY1,3,TRUE,TRUE,Comment
SETPRODUCTSTATEBYPRODUCT,$SA1,$SESSION1,$STRATEGY1,$STRATEGYCLASS1,4,TRUE,TRUE,Comment
PRODUCTSTATEQUERY,$SA1,$SESSION1,$STRATEGY1,4,TRUE,TRUE,Comment
PAUSE,1000
TOPOFBOOKVERIFICATION,$MM1,$SESSION1,$STRATEGY1,0,1,0,00,0,1,0,00,TRUE,TRUE,Comment
ORDER,$MM1,$MM1EXCHANGE,$MM1EXECFIRM,JCB,7170,ABC,*,$MM1EXCHANGE,$MM1,100,$STRATEGY1,D,2,-8,80,D,21/12/2003 6:00:00.0,1,1,0,00,0,-,-,-,$MM1,$MM1,C,FALSE,B,U,0,-,-,$SESSION1,TRUE,TRUE,Comment
ORDER,$MM1,$MM1EXCHANGE,$MM1EXECFIRM,CIZ,8631,ABC,*,$MM1EXCHANGE,$MM1,100,$STRATEGY1,O,2,9,10,D,21/12/2003 6:00:00.0,1,1,0,00,0,-,-,-,$MM1,$MM1,C,FALSE,F,U,0,-,-,$SESSION1,TRUE,TRUE,Comment
INTERNALIZEDSTRATEGYORDER,$CUST1,2,$CUST1EXCHANGE,$CUST1EXECFIRM,NKI,7952,ABC,*,$CUST1EXCHANGE,$CUST1,500,$STRATEGY1,D,2,-9,00,D,21/12/2003 6:00:00.0,1,1,0,00,0,-,-,-,$CUST1,$CUST1,C,FALSE,F,U,0,A:AIQ;,-,$SESSION1,$CUST1EXCHANGE,$CUST1EXECFIRM,NKI,79521,ABC,*,$CUST1EXCHANGE,$CUST1,500,$STRATEGY1,O,2,9,00,D,21/12/2003 6:00:00.0,1,1,0,00,0,-,-,BARTID=$WORKSTATION1,$CUST1,$CUST1,C,FALSE,BD,U,0,A:RE;,-,$SESSION1,2,$CLASS1PRODUCT1,$CUST1EXCHANGE,$CUST1EXECFIRM,C,C,$CLASS1PRODUCT2,$CUST1EXCHANGE,$CUST1EXECFIRM,C,C,TRUE,TRUE,Comment
PAUSE,1000
LASTSALEQUERY,$MM1,$SESSION1,$CLASS1PRODUCT1,2,10,10,500,TRUE,TRUE,Comment
LASTSALEQUERY,$MM1,$SESSION1,$CLASS1PRODUCT2,2,1,10,500,TRUE,TRUE,Comment
ORDERFILLVERIFICATION,$CUST1,$CUST1EXCHANGE,$CUST1EXECFIRM,NKI,7952,ABC,*,0,0,3,500,1,2,-9,00,TRUE,TRUE,Comment
ORDERFILLVERIFICATION,$CUST1,$CUST1EXCHANGE,$CUST1EXECFIRM,NKI,79521,ABC,*,0,0,3,500,1,2,9,00,TRUE,TRUE,Comment

COMMENT, Test Scenario A:Customer COB equal DSM;If a QCT trade leg price occurs Worse than the TOB both NON-Customer legs;QCT orders is CXL since it s outside DSM
TOPOFBOOKVERIFICATION,$MM1,$SESSION1,$CLASS1PRODUCT1,100,2,10,00,200,2,10,15,TRUE,TRUE,Comment
TOPOFBOOKVERIFICATION,$MM1,$SESSION1,$CLASS1PRODUCT2,200,2,1,05,100,2,1,20,TRUE,TRUE,Comment
INTERNALIZEDSTRATEGYORDER,$CUST1,2,$CUST1EXCHANGE,$CUST1EXECFIRM,CUA,2037,ABC,*,$CUST1EXCHANGE,$CUST1,500,$STRATEGY1,D,2,-9,20,D,21/12/2003 6:00:00.0,1,1,0,00,0,-,-,-,$CUST1,$CUST1,C,FALSE,F,U,0,A:AIQ;,-,$SESSION1,$CUST1EXCHANGE,$CUST1EXECFIRM,CUA,20371,ABC,*,$CUST1EXCHANGE,$CUST1,500,$STRATEGY1,O,2,9,20,D,21/12/2003 6:00:00.0,1,1,0,00,0,-,-,BARTID=$WORKSTATION1,$CUST1,$CUST1,C,FALSE,BD,U,0,A:RE;,-,$SESSION1,2,$CLASS1PRODUCT1,$CUST1EXCHANGE,$CUST1EXECFIRM,C,C,$CLASS1PRODUCT2,$CUST1EXCHANGE,$CUST1EXECFIRM,C,C,TRUE,TRUE,Comment
PAUSE,2000
ORDERCANCELVERIFICATION,$CUST1,$CUST1EXCHANGE,$CUST1EXECFIRM,CUA,2037,ABC,*,$SESSION1,$STRATEGY1,3,500,TRUE,TRUE,Comment
ORDERCANCELVERIFICATION,$CUST1,$CUST1EXCHANGE,$CUST1EXECFIRM,CUA,20371,ABC,*,$SESSION1,$STRATEGY1,3,500,TRUE,TRUE,Comment

COMMENT, Test Scenario B:Customer COB equal DSM;If a QCT trade leg price occurs equal than the TOB both NON-Customer legs;QCT orders is trade since it equal DSM and there s no customer cob
TOPOFBOOKVERIFICATION,$MM1,$SESSION1,$CLASS1PRODUCT1,100,2,10,00,200,2,10,15,TRUE,TRUE,Comment
TOPOFBOOKVERIFICATION,$MM1,$SESSION1,$CLASS1PRODUCT2,200,2,1,05,100,2,1,20,TRUE,TRUE,Comment
INTERNALIZEDSTRATEGYORDER,$CUST1,2,$CUST1EXCHANGE,$CUST1EXECFIRM,CAX,1117,ABC,*,$CUST1EXCHANGE,$CUST1,500,$STRATEGY1,D,2,-9,10,D,21/12/2003 6:00:00.0,1,1,0,00,0,-,-,-,$CUST1,$CUST1,C,FALSE,F,U,0,A:AIQ;,-,$SESSION1,$CUST1EXCHANGE,$CUST1EXECFIRM,CAX,11171,ABC,*,$CUST1EXCHANGE,$CUST1,500,$STRATEGY1,O,2,9,10,D,21/12/2003 6:00:00.0,1,1,0,00,0,-,-,BARTID=$WORKSTATION1,$CUST1,$CUST1,C,FALSE,BD,U,0,A:RE;,-,$SESSION1,2,$CLASS1PRODUCT1,$CUST1EXCHANGE,$CUST1EXECFIRM,C,C,$CLASS1PRODUCT2,$CUST1EXCHANGE,$CUST1EXECFIRM,C,C,TRUE,TRUE,Comment
LASTSALEQUERY,$MM1,$SESSION1,$CLASS1PRODUCT1,2,10,15,500,TRUE,TRUE,Comment
LASTSALEQUERY,$MM1,$SESSION1,$CLASS1PRODUCT2,2,1,05,500,TRUE,TRUE,Comment
ORDERFILLVERIFICATION,$CUST1,$CUST1EXCHANGE,$CUST1EXECFIRM,CAX,1117,ABC,*,0,0,3,500,1,2,-9,10,TRUE,TRUE,Comment
ORDERFILLVERIFICATION,$CUST1,$CUST1EXCHANGE,$CUST1EXECFIRM,CAX,11171,ABC,*,0,0,3,500,1,2,9,10,TRUE,TRUE,Comment

COMMENT, Test Scenario C:Customer COB equal DSM;If a QCT trade leg price occurs Equal than the one NON-Customer leg 1;the other leg price is better than NON-Customer leg 2;QCT orders is Traded since it s inside DSM
TOPOFBOOKVERIFICATION,$MM1,$SESSION1,$CLASS1PRODUCT1,100,2,10,00,200,2,10,15,TRUE,TRUE,Comment
TOPOFBOOKVERIFICATION,$MM1,$SESSION1,$CLASS1PRODUCT2,200,2,1,05,100,2,1,20,TRUE,TRUE,Comment
INTERNALIZEDSTRATEGYORDER,$CUST1,2,$CUST1EXCHANGE,$CUST1EXECFIRM,DJZ,9468,ABC,*,$CUST1EXCHANGE,$CUST1,500,$STRATEGY1,D,2,-9,09,D,21/12/2003 6:00:00.0,1,1,0,00,0,-,-,-,$CUST1,$CUST1,C,FALSE,F,U,0,A:AIQ;,-,$SESSION1,$CUST1EXCHANGE,$CUST1EXECFIRM,DJZ,94681,ABC,*,$CUST1EXCHANGE,$CUST1,500,$STRATEGY1,O,2,9,09,D,21/12/2003 6:00:00.0,1,1,0,00,0,-,-,BARTID=$WORKSTATION1,$CUST1,$CUST1,C,FALSE,BD,U,0,A:RE;,-,$SESSION1,2,$CLASS1PRODUCT1,$CUST1EXCHANGE,$CUST1EXECFIRM,C,C,$CLASS1PRODUCT2,$CUST1EXCHANGE,$CUST1EXECFIRM,C,C,TRUE,TRUE,Comment
PAUSE,2000
LASTSALEQUERY,$MM1,$SESSION1,$CLASS1PRODUCT1,2,10,15,500,TRUE,TRUE,Comment
LASTSALEQUERY,$MM1,$SESSION1,$CLASS1PRODUCT2,2,1,06,500,TRUE,TRUE,Comment
ORDERFILLVERIFICATION,$CUST1,$CUST1EXCHANGE,$CUST1EXECFIRM,DJZ,9468,ABC,*,0,0,3,500,1,2,-9,09,TRUE,TRUE,Comment
ORDERFILLVERIFICATION,$CUST1,$CUST1EXCHANGE,$CUST1EXECFIRM,DJZ,94681,ABC,*,0,0,3,500,1,2,9,09,TRUE,TRUE,Comment

COMMENT, Test Scenario D:Customer COB equal DSM;If a QCT trade leg price occurs Equal than the one NON-Customer leg 1;the other leg price is worse than NON-Customer leg 2;QCT orders is CXL since it s outside DSM
TOPOFBOOKVERIFICATION,$MM1,$SESSION1,$CLASS1PRODUCT1,100,2,10,00,200,2,10,15,TRUE,TRUE,Comment
TOPOFBOOKVERIFICATION,$MM1,$SESSION1,$CLASS1PRODUCT2,200,2,1,05,100,2,1,20,TRUE,TRUE,Comment
INTERNALIZEDSTRATEGYORDER,$CUST1,2,$CUST1EXCHANGE,$CUST1EXECFIRM,FWO,1720,ABC,*,$CUST1EXCHANGE,$CUST1,500,$STRATEGY1,D,2,-9,15,D,21/12/2003 6:00:00.0,1,1,0,00,0,-,-,-,$CUST1,$CUST1,C,FALSE,F,U,0,A:AIQ;,-,$SESSION1,$CUST1EXCHANGE,$CUST1EXECFIRM,FWO,17201,ABC,*,$CUST1EXCHANGE,$CUST1,500,$STRATEGY1,O,2,9,15,D,21/12/2003 6:00:00.0,1,1,0,00,0,-,-,BARTID=$WORKSTATION1,$CUST1,$CUST1,C,FALSE,BD,U,0,A:RE;,-,$SESSION1,2,$CLASS1PRODUCT1,$CUST1EXCHANGE,$CUST1EXECFIRM,C,C,$CLASS1PRODUCT2,$CUST1EXCHANGE,$CUST1EXECFIRM,C,C,TRUE,TRUE,Comment
PAUSE,2000
ORDERCANCELVERIFICATION,$CUST1,$CUST1EXCHANGE,$CUST1EXECFIRM,FWO,1720,ABC,*,$SESSION1,$STRATEGY1,3,500,TRUE,TRUE,Comment
ORDERCANCELVERIFICATION,$CUST1,$CUST1EXCHANGE,$CUST1EXECFIRM,FWO,17201,ABC,*,$SESSION1,$STRATEGY1,3,500,TRUE,TRUE,Comment

COMMENT, Test Scenario E:Customer COB equal DSM;If a QCT trade leg price occurs Worse than the one NON-Customer leg 1;the other leg price is better than NON-Customer leg 2;QCT orders is CXL since outside DSM
TOPOFBOOKVERIFICATION,$MM1,$SESSION1,$CLASS1PRODUCT1,100,2,10,00,200,2,10,15,TRUE,TRUE,Comment
TOPOFBOOKVERIFICATION,$MM1,$SESSION1,$CLASS1PRODUCT2,200,2,1,05,100,2,1,20,TRUE,TRUE,Comment
INTERNALIZEDSTRATEGYORDER,$CUST1,2,$CUST1EXCHANGE,$CUST1EXECFIRM,YMC,5719,ABC,*,$CUST1EXCHANGE,$CUST1,500,$STRATEGY1,D,2,-9,11,D,21/12/2003 6:00:00.0,1,1,0,00,0,-,-,-,$CUST1,$CUST1,C,FALSE,F,U,0,A:AIQ;,-,$SESSION1,$CUST1EXCHANGE,$CUST1EXECFIRM,YMC,57191,ABC,*,$CUST1EXCHANGE,$CUST1,500,$STRATEGY1,O,2,9,11,D,21/12/2003 6:00:00.0,1,1,0,00,0,-,-,BARTID=$WORKSTATION1,$CUST1,$CUST1,C,FALSE,BD,U,0,A:RE;,-,$SESSION1,2,$CLASS1PRODUCT1,$CUST1EXCHANGE,$CUST1EXECFIRM,C,C,$CLASS1PRODUCT2,$CUST1EXCHANGE,$CUST1EXECFIRM,C,C,TRUE,TRUE,Comment
PAUSE,2000
ORDERCANCELVERIFICATION,$CUST1,$CUST1EXCHANGE,$CUST1EXECFIRM,YMC,5719,ABC,*,$SESSION1,$STRATEGY1,3,500,TRUE,TRUE,Comment
ORDERCANCELVERIFICATION,$CUST1,$CUST1EXCHANGE,$CUST1EXECFIRM,YMC,57191,ABC,*,$SESSION1,$STRATEGY1,3,500,TRUE,TRUE,Comment
ORDERCANCELBYIDNOWAIT,$MM1,$MM1EXCHANGE,$MM1EXECFIRM,IDF,9283,ABC,*,100,$SESSION1,1,TRUE,TRUE,Comment
ORDERCANCELVERIFICATION,$MM1,$MM1EXCHANGE,$MM1EXECFIRM,IDF,9283,ABC,*,$SESSION1,$CLASS1PRODUCT1,2,100,TRUE,TRUE,Comment
ORDERCANCELBYIDNOWAIT,$MM1,$MM1EXCHANGE,$MM1EXECFIRM,YRB,8946,ABC,*,100,$SESSION1,1,TRUE,TRUE,Comment
ORDERCANCELVERIFICATION,$MM1,$MM1EXCHANGE,$MM1EXECFIRM,YRB,8946,ABC,*,$SESSION1,$CLASS1PRODUCT1,2,100,TRUE,TRUE,Comment
ORDERCANCELBYIDNOWAIT,$MM1,$MM1EXCHANGE,$MM1EXECFIRM,UDO,8088,ABC,*,100,$SESSION1,1,TRUE,TRUE,Comment
ORDERCANCELVERIFICATION,$MM1,$MM1EXCHANGE,$MM1EXECFIRM,UDO,8088,ABC,*,$SESSION1,$CLASS1PRODUCT2,2,100,TRUE,TRUE,Comment
ORDERCANCELBYIDNOWAIT,$MM1,$MM1EXCHANGE,$MM1EXECFIRM,KOQ,7,ABC,*,100,$SESSION1,1,TRUE,TRUE,Comment
ORDERCANCELVERIFICATION,$MM1,$MM1EXCHANGE,$MM1EXECFIRM,KOQ,7,ABC,*,$SESSION1,$CLASS1PRODUCT2,2,100,TRUE,TRUE,Comment
ORDERCANCELBYIDNOWAIT,$MM1,$MM1EXCHANGE,$MM1EXECFIRM,JCB,7170,ABC,*,100,$SESSION1,1,TRUE,TRUE,Comment
ORDERCANCELVERIFICATION,$MM1,$MM1EXCHANGE,$MM1EXECFIRM,JCB,7170,ABC,*,$SESSION1,$STRATEGY1,2,100,TRUE,TRUE,Comment
ORDERCANCELBYIDNOWAIT,$MM1,$MM1EXCHANGE,$MM1EXECFIRM,CIZ,8631,ABC,*,100,$SESSION1,1,TRUE,TRUE,Comment
ORDERCANCELVERIFICATION,$MM1,$MM1EXCHANGE,$MM1EXECFIRM,CIZ,8631,ABC,*,$SESSION1,$STRATEGY1,2,100,TRUE,TRUE,Comment
QUOTECANCEL,$MM1,$SESSION1,$CLASS1PRODUCT1,2,TRUE,TRUE,Comment
QUOTECANCELVERIFICATION,$MM1,$SESSION1,$CLASS1PRODUCT1,2,TRUE,TRUE,Comment
QUOTECANCEL,$MM1,$SESSION1,$CLASS1PRODUCT2,2,TRUE,TRUE,Comment
QUOTECANCELVERIFICATION,$MM1,$SESSION1,$CLASS1PRODUCT2,2,TRUE,TRUE,Comment

COMMENT, Test Case 7:QCT order price equal to the resting customer COB;QCT is CXL
CLEARALLCALLBACKS,$MM1
TOPOFBOOKVERIFICATION,$MM1,$SESSION1,$CLASS1PRODUCT1,0,1,0,00,0,1,0,00,TRUE,TRUE,Comment
TOPOFBOOKVERIFICATION,$MM1,$SESSION1,$CLASS1PRODUCT2,0,1,0,00,0,1,0,00,TRUE,TRUE,Comment
QUOTE,$MM1,2,10,00,100,2,10,20,100,$CLASS1PRODUCT1,$SESSION1,User Assigned Id..,TRUE,TRUE,Comment
CURRENTMARKETV4BESTMARKETQUERY,$MM1,CBOE,$CLASS1PRODUCT1,100,2,10,00,100,2,10,20,TRUE,TRUE,Comment
QUOTE,$MM1,2,1,00,100,2,1,20,100,$CLASS1PRODUCT2,$SESSION1,User Assigned Id..,TRUE,TRUE,Comment
CURRENTMARKETV4BESTMARKETQUERY,$MM1,CBOE,$CLASS1PRODUCT2,100,2,1,00,100,2,1,20,TRUE,TRUE,Comment
SETPRODUCTSTATEBYPRODUCT,$SA1,$SESSION1,$STRATEGY1,$STRATEGYCLASS1,1,TRUE,TRUE,Comment
PRODUCTSTATEQUERY,$SA1,$SESSION1,$STRATEGY1,1,TRUE,TRUE,Comment
SETPRODUCTSTATEBYPRODUCT,$SA1,$SESSION1,$STRATEGY1,$STRATEGYCLASS1,2,TRUE,TRUE,Comment
PRODUCTSTATEQUERY,$SA1,$SESSION1,$STRATEGY1,2,TRUE,TRUE,Comment
SETPRODUCTSTATEBYPRODUCT,$SA1,$SESSION1,$STRATEGY1,$STRATEGYCLASS1,3,TRUE,TRUE,Comment
PRODUCTSTATEQUERY,$SA1,$SESSION1,$STRATEGY1,3,TRUE,TRUE,Comment
SETPRODUCTSTATEBYPRODUCT,$SA1,$SESSION1,$STRATEGY1,$STRATEGYCLASS1,4,TRUE,TRUE,Comment
PRODUCTSTATEQUERY,$SA1,$SESSION1,$STRATEGY1,4,TRUE,TRUE,Comment
PAUSE,1000
TOPOFBOOKVERIFICATION,$MM1,$SESSION1,$STRATEGY1,0,1,0,00,0,1,0,00,TRUE,TRUE,Comment
ORDER,$MM1,$MM1EXCHANGE,$MM1EXECFIRM,QAJ,409,ABC,*,$MM1EXCHANGE,$MM1,100,$STRATEGY1,O,2,9,15,D,21/12/2003 6:00:00.0,1,1,0,00,0,-,-,-,$MM1,$MM1,C,FALSE,C,U,0,-,-,$SESSION1,TRUE,TRUE,Comment
INTERNALIZEDSTRATEGYORDER,$CUST1,2,$CUST1EXCHANGE,$CUST1EXECFIRM,UJU,4129,ABC,*,$CUST1EXCHANGE,$CUST1,500,$STRATEGY1,D,2,-9,15,D,21/12/2003 6:00:00.0,1,1,0,00,0,-,-,-,$CUST1,$CUST1,C,FALSE,F,U,0,A:AIQ;,-,$SESSION1,$CUST1EXCHANGE,$CUST1EXECFIRM,UJU,41291,ABC,*,$CUST1EXCHANGE,$CUST1,500,$STRATEGY1,O,2,9,15,D,21/12/2003 6:00:00.0,1,1,0,00,0,-,-,BARTID=$WORKSTATION1,$CUST1,$CUST1,C,FALSE,BD,U,0,A:RE;,-,$SESSION1,2,$CLASS1PRODUCT1,$CUST1EXCHANGE,$CUST1EXECFIRM,C,C,$CLASS1PRODUCT2,$CUST1EXCHANGE,$CUST1EXECFIRM,C,C,TRUE,TRUE,Comment
PAUSE,1000
ORDERCANCELVERIFICATION,$CUST1,$CUST1EXCHANGE,$CUST1EXECFIRM,UJU,4129,ABC,*,$SESSION1,$STRATEGY1,3,500,TRUE,TRUE,Comment
ORDERCANCELVERIFICATION,$CUST1,$CUST1EXCHANGE,$CUST1EXECFIRM,UJU,41291,ABC,*,$SESSION1,$STRATEGY1,3,500,TRUE,TRUE,Comment

COMMENT, Test Scenario A:QCT order price worse to the resting customer COB;QCT is CXL
TOPOFBOOKVERIFICATION,$MM1,$SESSION1,$STRATEGY1,0,1,0,00,100,2,9,15,TRUE,TRUE,Comment
INTERNALIZEDSTRATEGYORDER,$CUST1,2,$CUST1EXCHANGE,$CUST1EXECFIRM,REQ,7167,ABC,*,$CUST1EXCHANGE,$CUST1,500,$STRATEGY1,D,2,-9,20,D,21/12/2003 6:00:00.0,1,1,0,00,0,-,-,-,$CUST1,$CUST1,C,FALSE,F,U,0,A:AIQ;,-,$SESSION1,$CUST1EXCHANGE,$CUST1EXECFIRM,REQ,71671,ABC,*,$CUST1EXCHANGE,$CUST1,500,$STRATEGY1,O,2,9,20,D,21/12/2003 6:00:00.0,1,1,0,00,0,-,-,BARTID=$WORKSTATION1,$CUST1,$CUST1,C,FALSE,BD,U,0,A:RE;,-,$SESSION1,2,$CLASS1PRODUCT1,$CUST1EXCHANGE,$CUST1EXECFIRM,C,C,$CLASS1PRODUCT2,$CUST1EXCHANGE,$CUST1EXECFIRM,C,C,TRUE,TRUE,Comment
PAUSE,2000
ORDERCANCELVERIFICATION,$CUST1,$CUST1EXCHANGE,$CUST1EXECFIRM,REQ,7167,ABC,*,$SESSION1,$STRATEGY1,3,500,TRUE,TRUE,Comment
ORDERCANCELVERIFICATION,$CUST1,$CUST1EXCHANGE,$CUST1EXECFIRM,REQ,71671,ABC,*,$SESSION1,$STRATEGY1,3,500,TRUE,TRUE,Comment

COMMENT, Test Scenario B:QCT order price Better to the resting customer COB;QCT is traded
TOPOFBOOKVERIFICATION,$MM1,$SESSION1,$STRATEGY1,0,1,0,00,100,2,9,15,TRUE,TRUE,Comment
INTERNALIZEDSTRATEGYORDER,$CUST1,2,$CUST1EXCHANGE,$CUST1EXECFIRM,JEB,7174,ABC,*,$CUST1EXCHANGE,$CUST1,500,$STRATEGY1,D,2,-9,05,D,21/12/2003 6:00:00.0,1,1,0,00,0,-,-,-,$CUST1,$CUST1,C,FALSE,F,U,0,A:AIQ;,-,$SESSION1,$CUST1EXCHANGE,$CUST1EXECFIRM,JEB,71741,ABC,*,$CUST1EXCHANGE,$CUST1,500,$STRATEGY1,O,2,9,05,D,21/12/2003 6:00:00.0,1,1,0,00,0,-,-,BARTID=$WORKSTATION1,$CUST1,$CUST1,C,FALSE,BD,U,0,A:RE;,-,$SESSION1,2,$CLASS1PRODUCT1,$CUST1EXCHANGE,$CUST1EXECFIRM,C,C,$CLASS1PRODUCT2,$CUST1EXCHANGE,$CUST1EXECFIRM,C,C,TRUE,TRUE,Comment
PAUSE,2000
ORDERFILLVERIFICATION,$CUST1,$CUST1EXCHANGE,$CUST1EXECFIRM,JEB,7174,ABC,*,0,0,3,500,1,2,-9,05,TRUE,TRUE,Comment
ORDERFILLVERIFICATION,$CUST1,$CUST1EXCHANGE,$CUST1EXECFIRM,JEB,71741,ABC,*,0,0,3,500,1,2,9,05,TRUE,TRUE,Comment
ORDERCANCELBYIDNOWAIT,$MM1,$MM1EXCHANGE,$MM1EXECFIRM,QAJ,409,ABC,*,100,$SESSION1,1,TRUE,TRUE,Comment
ORDERCANCELVERIFICATION,$MM1,$MM1EXCHANGE,$MM1EXECFIRM,QAJ,409,ABC,*,$SESSION1,$STRATEGY1,2,100,TRUE,TRUE,Comment
QUOTECANCEL,$MM1,$SESSION1,$CLASS1PRODUCT1,2,TRUE,TRUE,Comment
QUOTECANCELVERIFICATION,$MM1,$SESSION1,$CLASS1PRODUCT1,2,TRUE,TRUE,Comment
QUOTECANCEL,$MM1,$SESSION1,$CLASS1PRODUCT2,2,TRUE,TRUE,Comment
QUOTECANCELVERIFICATION,$MM1,$SESSION1,$CLASS1PRODUCT2,2,TRUE,TRUE,Comment

COMMENT, Test Case 8:QCT order price equal to the resting NON-customer COB;QCT is CXL
CLEARALLCALLBACKS,$MM1
TOPOFBOOKVERIFICATION,$MM1,$SESSION1,$CLASS1PRODUCT1,0,1,0,00,0,1,0,00,TRUE,TRUE,Comment
TOPOFBOOKVERIFICATION,$MM1,$SESSION1,$CLASS1PRODUCT2,0,1,0,00,0,1,0,00,TRUE,TRUE,Comment
QUOTE,$MM1,2,10,00,100,2,10,20,100,$CLASS1PRODUCT1,$SESSION1,User Assigned Id..,TRUE,TRUE,Comment
CURRENTMARKETV4BESTMARKETQUERY,$MM1,CBOE,$CLASS1PRODUCT1,100,2,10,00,100,2,10,20,TRUE,TRUE,Comment
QUOTE,$MM1,2,1,00,100,2,1,20,100,$CLASS1PRODUCT2,$SESSION1,User Assigned Id..,TRUE,TRUE,Comment
CURRENTMARKETV4BESTMARKETQUERY,$MM1,CBOE,$CLASS1PRODUCT2,100,2,1,00,100,2,1,20,TRUE,TRUE,Comment
SETPRODUCTSTATEBYPRODUCT,$SA1,$SESSION1,$STRATEGY1,$STRATEGYCLASS1,1,TRUE,TRUE,Comment
PRODUCTSTATEQUERY,$SA1,$SESSION1,$STRATEGY1,1,TRUE,TRUE,Comment
SETPRODUCTSTATEBYPRODUCT,$SA1,$SESSION1,$STRATEGY1,$STRATEGYCLASS1,2,TRUE,TRUE,Comment
PRODUCTSTATEQUERY,$SA1,$SESSION1,$STRATEGY1,2,TRUE,TRUE,Comment
SETPRODUCTSTATEBYPRODUCT,$SA1,$SESSION1,$STRATEGY1,$STRATEGYCLASS1,3,TRUE,TRUE,Comment
PRODUCTSTATEQUERY,$SA1,$SESSION1,$STRATEGY1,3,TRUE,TRUE,Comment
SETPRODUCTSTATEBYPRODUCT,$SA1,$SESSION1,$STRATEGY1,$STRATEGYCLASS1,4,TRUE,TRUE,Comment
PRODUCTSTATEQUERY,$SA1,$SESSION1,$STRATEGY1,4,TRUE,TRUE,Comment
PAUSE,1000
TOPOFBOOKVERIFICATION,$MM1,$SESSION1,$STRATEGY1,0,1,0,00,0,1,0,00,TRUE,TRUE,Comment
ORDER,$MM1,$MM1EXCHANGE,$MM1EXECFIRM,WWW,1617,ABC,*,$MM1EXCHANGE,$MM1,100,$STRATEGY1,O,2,9,15,D,21/12/2003 6:00:00.0,1,1,0,00,0,-,-,-,$MM1,$MM1,C,FALSE,B,U,0,-,-,$SESSION1,TRUE,TRUE,Comment
INTERNALIZEDSTRATEGYORDER,$CUST1,2,$CUST1EXCHANGE,$CUST1EXECFIRM,KZE,5474,ABC,*,$CUST1EXCHANGE,$CUST1,500,$STRATEGY1,D,2,-9,15,D,21/12/2003 6:00:00.0,1,1,0,00,0,-,-,-,$CUST1,$CUST1,C,FALSE,F,U,0,A:AIQ;,-,$SESSION1,$CUST1EXCHANGE,$CUST1EXECFIRM,KZE,54741,ABC,*,$CUST1EXCHANGE,$CUST1,500,$STRATEGY1,O,2,9,15,D,21/12/2003 6:00:00.0,1,1,0,00,0,-,-,BARTID=$WORKSTATION1,$CUST1,$CUST1,C,FALSE,BD,U,0,A:RE;,-,$SESSION1,2,$CLASS1PRODUCT1,$CUST1EXCHANGE,$CUST1EXECFIRM,C,C,$CLASS1PRODUCT2,$CUST1EXCHANGE,$CUST1EXECFIRM,C,C,TRUE,TRUE,Comment
PAUSE,1000
ORDERFILLVERIFICATION,$CUST1,$CUST1EXCHANGE,$CUST1EXECFIRM,KZE,5474,ABC,*,0,0,3,500,1,2,-9,15,TRUE,TRUE,Comment
ORDERFILLVERIFICATION,$CUST1,$CUST1EXCHANGE,$CUST1EXECFIRM,KZE,54741,ABC,*,0,0,3,500,1,2,9,15,TRUE,TRUE,Comment

COMMENT, Test Scenario A:QCT order price worse to the resting customer COB;QCT is CXL
TOPOFBOOKVERIFICATION,$MM1,$SESSION1,$STRATEGY1,0,1,0,00,100,2,9,15,TRUE,TRUE,Comment
INTERNALIZEDSTRATEGYORDER,$CUST1,2,$CUST1EXCHANGE,$CUST1EXECFIRM,MIN,1433,ABC,*,$CUST1EXCHANGE,$CUST1,500,$STRATEGY1,D,2,-9,20,D,21/12/2003 6:00:00.0,1,1,0,00,0,-,-,-,$CUST1,$CUST1,C,FALSE,F,U,0,A:AIQ;,-,$SESSION1,$CUST1EXCHANGE,$CUST1EXECFIRM,MIN,14331,ABC,*,$CUST1EXCHANGE,$CUST1,500,$STRATEGY1,O,2,9,20,D,21/12/2003 6:00:00.0,1,1,0,00,0,-,-,BARTID=$WORKSTATION1,$CUST1,$CUST1,C,FALSE,BD,U,0,A:RE;,-,$SESSION1,2,$CLASS1PRODUCT1,$CUST1EXCHANGE,$CUST1EXECFIRM,C,C,$CLASS1PRODUCT2,$CUST1EXCHANGE,$CUST1EXECFIRM,C,C,TRUE,TRUE,Comment
PAUSE,2000
ORDERCANCELVERIFICATION,$CUST1,$CUST1EXCHANGE,$CUST1EXECFIRM,MIN,1433,ABC,*,$SESSION1,$STRATEGY1,3,500,TRUE,TRUE,Comment
ORDERCANCELVERIFICATION,$CUST1,$CUST1EXCHANGE,$CUST1EXECFIRM,MIN,14331,ABC,*,$SESSION1,$STRATEGY1,3,500,TRUE,TRUE,Comment

COMMENT, Test Scenario B:QCT order price Better to the resting customer COB;QCT is traded
TOPOFBOOKVERIFICATION,$MM1,$SESSION1,$STRATEGY1,0,1,0,00,100,2,9,15,TRUE,TRUE,Comment
INTERNALIZEDSTRATEGYORDER,$CUST1,2,$CUST1EXCHANGE,$CUST1EXECFIRM,AQK,9719,ABC,*,$CUST1EXCHANGE,$CUST1,500,$STRATEGY1,D,2,-9,05,D,21/12/2003 6:00:00.0,1,1,0,00,0,-,-,-,$CUST1,$CUST1,C,FALSE,F,U,0,A:AIQ;,-,$SESSION1,$CUST1EXCHANGE,$CUST1EXECFIRM,AQK,97191,ABC,*,$CUST1EXCHANGE,$CUST1,500,$STRATEGY1,O,2,9,05,D,21/12/2003 6:00:00.0,1,1,0,00,0,-,-,BARTID=$WORKSTATION1,$CUST1,$CUST1,C,FALSE,BD,U,0,A:RE;,-,$SESSION1,2,$CLASS1PRODUCT1,$CUST1EXCHANGE,$CUST1EXECFIRM,C,C,$CLASS1PRODUCT2,$CUST1EXCHANGE,$CUST1EXECFIRM,C,C,TRUE,TRUE,Comment
PAUSE,2000
ORDERFILLVERIFICATION,$CUST1,$CUST1EXCHANGE,$CUST1EXECFIRM,AQK,9719,ABC,*,0,0,3,500,1,2,-9,05,TRUE,TRUE,Comment
ORDERFILLVERIFICATION,$CUST1,$CUST1EXCHANGE,$CUST1EXECFIRM,AQK,97191,ABC,*,0,0,3,500,1,2,9,05,TRUE,TRUE,Comment
ORDERCANCELBYIDNOWAIT,$MM1,$MM1EXCHANGE,$MM1EXECFIRM,WWW,1617,ABC,*,100,$SESSION1,1,TRUE,TRUE,Comment
ORDERCANCELVERIFICATION,$MM1,$MM1EXCHANGE,$MM1EXECFIRM,WWW,1617,ABC,*,$SESSION1,$STRATEGY1,2,100,TRUE,TRUE,Comment
QUOTECANCEL,$MM1,$SESSION1,$CLASS1PRODUCT1,2,TRUE,TRUE,Comment
QUOTECANCELVERIFICATION,$MM1,$SESSION1,$CLASS1PRODUCT1,2,TRUE,TRUE,Comment
QUOTECANCEL,$MM1,$SESSION1,$CLASS1PRODUCT2,2,TRUE,TRUE,Comment
QUOTECANCELVERIFICATION,$MM1,$SESSION1,$CLASS1PRODUCT2,2,TRUE,TRUE,Comment

COMMENT, Test Case 9:strategy 2;Buy 5:Buy4:Sell3- Leg 1 has Customer order leg 2 non-customer order and leg 3 has a customer order. QCT price equal leg prices so QCT order will CXL
CLEARALLCALLBACKS,$MM1
SETPRODUCTSTATEBYPRODUCT,$SA1,$SESSION1,$CLASS1PRODUCT3,$CLASS1,1,TRUE,TRUE,Comment
PRODUCTSTATEQUERY,$SA1,$SESSION1,$CLASS1PRODUCT3,1,TRUE,TRUE,Comment
SETPRODUCTSTATEBYPRODUCT,$SA1,$SESSION1,$CLASS1PRODUCT3,$CLASS1,2,TRUE,TRUE,Comment
PRODUCTSTATEQUERY,$SA1,$SESSION1,$CLASS1PRODUCT3,2,TRUE,TRUE,Comment
SETPRODUCTSTATEBYPRODUCT,$SA1,$SESSION1,$CLASS1PRODUCT3,$CLASS1,3,TRUE,TRUE,Comment
PRODUCTSTATEQUERY,$SA1,$SESSION1,$CLASS1PRODUCT3,3,TRUE,TRUE,Comment
SETPRODUCTSTATEBYPRODUCT,$SA1,$SESSION1,$CLASS1PRODUCT3,$CLASS1,4,TRUE,TRUE,Comment
PRODUCTSTATEQUERY,$SA1,$SESSION1,$CLASS1PRODUCT3,4,TRUE,TRUE,Comment
SETPRODUCTSTATEBYPRODUCT,$SA1,$SESSION1,$CLASS1PRODUCT1,$CLASS1,4,TRUE,TRUE,Comment
PRODUCTSTATEQUERY,$SA1,$SESSION1,$CLASS1PRODUCT1,4,TRUE,TRUE,Comment
SETPRODUCTSTATEBYPRODUCT,$SA1,$SESSION1,$CLASS1PRODUCT2,$CLASS1,4,TRUE,TRUE,Comment
PRODUCTSTATEQUERY,$SA1,$SESSION1,$CLASS1PRODUCT2,4,TRUE,TRUE,Comment
UPDATEBOTR,$SA1,$SESSION1,$CLASS1,$CLASS1PRODUCT1,B,0.90,NYSE=100,TRUE,TRUE,Comment
UPDATEBOTR,$SA1,$SESSION1,$CLASS1,$CLASS1PRODUCT1,S,1.30,NYSE=100,TRUE,TRUE,Comment
UPDATEBOTR,$SA1,$SESSION1,$CLASS1,$CLASS1PRODUCT2,B,0.90,NYSE=100,TRUE,TRUE,Comment
UPDATEBOTR,$SA1,$SESSION1,$CLASS1,$CLASS1PRODUCT2,S,1.30,NYSE=100,TRUE,TRUE,Comment
UPDATEBOTR,$SA1,$SESSION1,$CLASS1,$CLASS1PRODUCT3,B,0.90,NYSE=100,TRUE,TRUE,Comment
UPDATEBOTR,$SA1,$SESSION1,$CLASS1,$CLASS1PRODUCT3,S,1.30,NYSE=100,TRUE,TRUE,Comment
TOPOFBOOKVERIFICATION,$MM1,$SESSION1,$CLASS1PRODUCT1,0,1,0,00,0,1,0,00,TRUE,TRUE,Comment
TOPOFBOOKVERIFICATION,$MM1,$SESSION1,$CLASS1PRODUCT2,0,1,0,00,0,1,0,00,TRUE,TRUE,Comment
TOPOFBOOKVERIFICATION,$MM1,$SESSION1,$CLASS1PRODUCT3,0,1,0,00,0,1,0,00,TRUE,TRUE,Comment
QUOTE,$MM1,2,1,00,100,2,1,25,100,$CLASS1PRODUCT1,$SESSION1,User Assigned Id..,TRUE,TRUE,Comment
QUOTE,$MM1,2,1,00,100,2,1,25,100,$CLASS1PRODUCT2,$SESSION1,User Assigned Id..,TRUE,TRUE,Comment
QUOTE,$MM1,2,0,90,100,2,1,20,100,$CLASS1PRODUCT3,$SESSION1,User Assigned Id..,TRUE,TRUE,Comment
ORDER,$MM1,$MM1EXCHANGE,$MM1EXECFIRM,HFY,465,ABC,*,$MM1EXCHANGE,$MM1,100,$CLASS1PRODUCT1,S,2,1,20,D,21/12/2003 6:00:00.0,1,1,0,00,0,-,-,-,$MM1,$MM1,C,FALSE,C,U,0,-,-,$SESSION1,TRUE,TRUE,Comment
CURRENTMARKETV4BESTMARKETQUERY,$MM1,CBOE,$CLASS1PRODUCT1,100,2,1,00,100,2,1,20,TRUE,TRUE,Comment
ORDER,$MM1,$MM1EXCHANGE,$MM1EXECFIRM,JCD,2359,ABC,*,$MM1EXCHANGE,$MM1,100,$CLASS1PRODUCT2,S,2,1,20,D,21/12/2003 6:00:00.0,1,1,0,00,0,-,-,-,$MM1,$MM1,C,FALSE,C,U,0,-,-,$SESSION1,TRUE,TRUE,Comment
CURRENTMARKETV4BESTMARKETQUERY,$MM1,CBOE,$CLASS1PRODUCT2,100,2,1,00,100,2,1,20,TRUE,TRUE,Comment
ORDER,$MM1,$MM1EXCHANGE,$MM1EXECFIRM,YXS,4741,ABC,*,$MM1EXCHANGE,$MM1,100,$CLASS1PRODUCT3,B,2,1,00,D,21/12/2003 6:00:00.0,1,1,0,00,0,-,-,-,$MM1,$MM1,C,FALSE,C,U,0,-,-,$SESSION1,TRUE,TRUE,Comment
CURRENTMARKETV4BESTMARKETQUERY,$MM1,CBOE,$CLASS1PRODUCT3,100,2,1,00,100,2,1,20,TRUE,TRUE,Comment
SETPRODUCTSTATEBYPRODUCT,$SA1,$SESSION1,$STRATEGY2,$STRATEGYCLASS1,1,TRUE,TRUE,Comment
PRODUCTSTATEQUERY,$SA1,$SESSION1,$STRATEGY2,1,TRUE,TRUE,Comment
SETPRODUCTSTATEBYPRODUCT,$SA1,$SESSION1,$STRATEGY2,$STRATEGYCLASS1,2,TRUE,TRUE,Comment
PRODUCTSTATEQUERY,$SA1,$SESSION1,$STRATEGY2,2,TRUE,TRUE,Comment
SETPRODUCTSTATEBYPRODUCT,$SA1,$SESSION1,$STRATEGY2,$STRATEGYCLASS1,3,TRUE,TRUE,Comment
PRODUCTSTATEQUERY,$SA1,$SESSION1,$STRATEGY2,3,TRUE,TRUE,Comment
SETPRODUCTSTATEBYPRODUCT,$SA1,$SESSION1,$STRATEGY2,$STRATEGYCLASS1,4,TRUE,TRUE,Comment
PRODUCTSTATEQUERY,$SA1,$SESSION1,$STRATEGY2,4,TRUE,TRUE,Comment
PAUSE,1000
TOPOFBOOKVERIFICATION,$MM1,$SESSION1,$STRATEGY2,0,1,0,00,0,1,0,00,TRUE,TRUE,Comment
INTERNALIZEDSTRATEGYORDER,$CUST1,2,$CUST1EXCHANGE,$CUST1EXECFIRM,SLD,902,ABC,*,$CUST1EXCHANGE,$CUST1,500,$STRATEGY2,D,2,-7,80,D,21/12/2003 6:00:00.0,1,1,0,00,0,-,-,-,$CUST1,$CUST1,C,FALSE,F,U,0,A:AIQ;,-,$SESSION1,$CUST1EXCHANGE,$CUST1EXECFIRM,SLD,9021,ABC,*,$CUST1EXCHANGE,$CUST1,500,$STRATEGY2,O,2,7,80,D,21/12/2003 6:00:00.0,1,1,0,00,0,-,-,BARTID=$WORKSTATION1,$CUST1,$CUST1,C,FALSE,BD,U,0,A:RE;,-,$SESSION1,3,$CLASS1PRODUCT1,$CUST1EXCHANGE,$CUST1EXECFIRM,C,C,$CLASS1PRODUCT2,$CUST1EXCHANGE,$CUST1EXECFIRM,C,C,$CLASS1PRODUCT3,$CUST1EXCHANGE,$CUST1EXECFIRM,C,C,TRUE,TRUE,Comment
ORDERCANCELVERIFICATION,$CUST1,$CUST1EXCHANGE,$CUST1EXECFIRM,SLD,902,ABC,*,$SESSION1,$STRATEGY2,3,500,TRUE,TRUE,Comment
ORDERCANCELVERIFICATION,$CUST1,$CUST1EXCHANGE,$CUST1EXECFIRM,SLD,9021,ABC,*,$SESSION1,$STRATEGY2,3,500,TRUE,TRUE,Comment

COMMENT, Test Scenario A:strategy 2;Buy 5:Buy4:Sell3- Leg 1 has Customer order leg 2 non-customer order and leg 3 has a customer order. QCT price worst price leg prices so QCT order will trade
TOPOFBOOKVERIFICATION,$MM1,$SESSION1,$CLASS1PRODUCT1,100,2,1,00,100,2,1,20,TRUE,TRUE,Comment
TOPOFBOOKVERIFICATION,$MM1,$SESSION1,$CLASS1PRODUCT2,100,2,1,00,100,2,1,20,TRUE,TRUE,Comment
TOPOFBOOKVERIFICATION,$MM1,$SESSION1,$CLASS1PRODUCT3,100,2,1,00,100,2,1,20,TRUE,TRUE,Comment
INTERNALIZEDSTRATEGYORDER,$CUST1,2,$CUST1EXCHANGE,$CUST1EXECFIRM,ZQO,1447,ABC,*,$CUST1EXCHANGE,$CUST1,500,$STRATEGY2,D,2,-7,90,D,21/12/2003 6:00:00.0,1,1,0,00,0,-,-,-,$CUST1,$CUST1,C,FALSE,F,U,0,A:AIQ;,-,$SESSION1,$CUST1EXCHANGE,$CUST1EXECFIRM,ZQO,14471,ABC,*,$CUST1EXCHANGE,$CUST1,500,$STRATEGY2,O,2,7,90,D,21/12/2003 6:00:00.0,1,1,0,00,0,-,-,BARTID=$WORKSTATION1,$CUST1,$CUST1,C,FALSE,BD,U,0,A:RE;,-,$SESSION1,3,$CLASS1PRODUCT1,$CUST1EXCHANGE,$CUST1EXECFIRM,C,C,$CLASS1PRODUCT2,$CUST1EXCHANGE,$CUST1EXECFIRM,C,C,$CLASS1PRODUCT3,$CUST1EXCHANGE,$CUST1EXECFIRM,C,C,TRUE,TRUE,Comment
ORDERCANCELVERIFICATION,$CUST1,$CUST1EXCHANGE,$CUST1EXECFIRM,ZQO,1447,ABC,*,$SESSION1,$STRATEGY2,3,500,TRUE,TRUE,Comment
ORDERCANCELVERIFICATION,$CUST1,$CUST1EXCHANGE,$CUST1EXECFIRM,ZQO,14471,ABC,*,$SESSION1,$STRATEGY2,3,500,TRUE,TRUE,Comment

COMMENT, Test Scenario B:strategy 2;Buy 5:Buy4:Sell3- Leg 1 has Customer order leg 2 non-customer order and leg 3 has a customer order. QCT price better price leg prices so QCT order will trade
TOPOFBOOKVERIFICATION,$MM1,$SESSION1,$CLASS1PRODUCT1,100,2,1,00,100,2,1,20,TRUE,TRUE,Comment
TOPOFBOOKVERIFICATION,$MM1,$SESSION1,$CLASS1PRODUCT2,100,2,1,00,100,2,1,20,TRUE,TRUE,Comment
TOPOFBOOKVERIFICATION,$MM1,$SESSION1,$CLASS1PRODUCT3,100,2,1,00,100,2,1,20,TRUE,TRUE,Comment
INTERNALIZEDSTRATEGYORDER,$CUST1,2,$CUST1EXCHANGE,$CUST1EXECFIRM,SHM,6276,ABC,*,$CUST1EXCHANGE,$CUST1,500,$STRATEGY2,D,2,-7,68,D,21/12/2003 6:00:00.0,1,1,0,00,0,-,-,-,$CUST1,$CUST1,C,FALSE,F,U,0,A:AIQ;,-,$SESSION1,$CUST1EXCHANGE,$CUST1EXECFIRM,SHM,62761,ABC,*,$CUST1EXCHANGE,$CUST1,500,$STRATEGY2,O,2,7,68,D,21/12/2003 6:00:00.0,1,1,0,00,0,-,-,BARTID=$WORKSTATION1,$CUST1,$CUST1,C,FALSE,BD,U,0,A:RE;,-,$SESSION1,3,$CLASS1PRODUCT1,$CUST1EXCHANGE,$CUST1EXECFIRM,C,C,$CLASS1PRODUCT2,$CUST1EXCHANGE,$CUST1EXECFIRM,C,C,$CLASS1PRODUCT3,$CUST1EXCHANGE,$CUST1EXECFIRM,C,C,TRUE,TRUE,Comment
ORDERFILLVERIFICATION,$CUST1,$CUST1EXCHANGE,$CUST1EXECFIRM,SHM,6276,ABC,*,0,0,3,500,1,2,-7,68,TRUE,TRUE,Comment
ORDERFILLVERIFICATION,$CUST1,$CUST1EXCHANGE,$CUST1EXECFIRM,SHM,62761,ABC,*,0,0,3,500,1,2,7,68,TRUE,TRUE,Comment
ORDERCANCELBYIDNOWAIT,$MM1,$MM1EXCHANGE,$MM1EXECFIRM,HFY,465,ABC,*,100,$SESSION1,1,TRUE,TRUE,Comment
ORDERCANCELVERIFICATION,$MM1,$MM1EXCHANGE,$MM1EXECFIRM,HFY,465,ABC,*,$SESSION1,$CLASS1PRODUCT1,2,100,TRUE,TRUE,Comment
ORDERCANCELBYIDNOWAIT,$MM1,$MM1EXCHANGE,$MM1EXECFIRM,JCD,2359,ABC,*,100,$SESSION1,1,TRUE,TRUE,Comment
ORDERCANCELVERIFICATION,$MM1,$MM1EXCHANGE,$MM1EXECFIRM,JCD,2359,ABC,*,$SESSION1,$CLASS1PRODUCT2,2,100,TRUE,TRUE,Comment
ORDERCANCELBYIDNOWAIT,$MM1,$MM1EXCHANGE,$MM1EXECFIRM,YXS,4741,ABC,*,100,$SESSION1,1,TRUE,TRUE,Comment
ORDERCANCELVERIFICATION,$MM1,$MM1EXCHANGE,$MM1EXECFIRM,YXS,4741,ABC,*,$SESSION1,$CLASS1PRODUCT3,2,100,TRUE,TRUE,Comment
QUOTECANCEL,$MM1,$SESSION1,$CLASS1PRODUCT1,2,TRUE,TRUE,Comment
QUOTECANCELVERIFICATION,$MM1,$SESSION1,$CLASS1PRODUCT1,2,TRUE,TRUE,Comment
QUOTECANCEL,$MM1,$SESSION1,$CLASS1PRODUCT2,2,TRUE,TRUE,Comment
QUOTECANCELVERIFICATION,$MM1,$SESSION1,$CLASS1PRODUCT2,2,TRUE,TRUE,Comment
QUOTECANCEL,$MM1,$SESSION1,$CLASS1PRODUCT3,2,TRUE,TRUE,Comment
QUOTECANCELVERIFICATION,$MM1,$SESSION1,$CLASS1PRODUCT3,2,TRUE,TRUE,Comment

COMMENT, Test Case:Cleaning Up Task
TRADERLOGOUT,$MM1,TRUE,TRUE,Comment
OMTLOGOUT,$HOMT1,TRUE,TRUE,Comment
TRADERLOGOUT,$CUST1,TRUE,TRUE,Comment

SALOGOUT,$SA1,TRUE,TRUE,Comment
ENDPOINT,
PRINTOUTPUTSUMMARY,