TESTSUITENAME,C2 Matching Algorithm Enhancement_New HALO Test Plan
PRINTOUTPUTHEADING,
STARTPOINT,
SALOGIN,$SA1,$SA1,TRUE,TRUE,Comment


COMMENT, Test Cases:19

COMMENT, Test Environment Setup
SELECTCLASSESANDPRODUCTS,$SA1,$SESSION1,7,1,CLASS,1,PRODUCT,$HYBRIDCLASSLIST1,TRUE,TRUE,Comment
VERIFYSESSIONSTATE,$SA1,$SESSION1,2,TRUE,TRUE,Comment

COMMENT, User Setup
CREATEUSER,$SA1,$MM1,$MM1EXCHANGE,$MM1EXECFIRM,M,1,Automated API $MM1 User,FALSE,TRUE,TRUE,New User for Clearing Firm "695" and Exchange "CBOE2" !
VERIFYUSEREXISTENCE,$SA1,$MM1EXCHANGE,$MM1,M,TRUE,TRUE,TRUE,Comment
CREATEUSER,$SA1,$MM2,$MM2EXCHANGE,$MM2EXECFIRM,M,1,Automated API $MM2 User,FALSE,TRUE,TRUE,New User for Clearing Firm "695" and Exchange "CBOE2" !
VERIFYUSEREXISTENCE,$SA1,$MM2EXCHANGE,$MM2,M,TRUE,TRUE,TRUE,Comment
CREATEUSER,$SA1,$MM3,$MM3EXCHANGE,$MM3EXECFIRM,M,1,Automated API $MM3 User,FALSE,TRUE,TRUE,New User for Clearing Firm "695" and Exchange "CBOE2" !
VERIFYUSEREXISTENCE,$SA1,$MM3EXCHANGE,$MM3,M,TRUE,TRUE,TRUE,Comment
CREATEUSER,$SA1,$MM4,$MM4EXCHANGE,$MM4EXECFIRM,M,1,Automated API $MM4 User,FALSE,TRUE,TRUE,New User for Clearing Firm "695" and Exchange "CBOE2" !
VERIFYUSEREXISTENCE,$SA1,$MM4EXCHANGE,$MM4,M,TRUE,TRUE,TRUE,Comment
CREATEUSER,$SA1,$MM5,$MM5EXCHANGE,$MM5EXECFIRM,M,1,Automated API $MM5 User,FALSE,TRUE,TRUE,New User for Clearing Firm "695" and Exchange "CBOE2" !
VERIFYUSEREXISTENCE,$SA1,$MM5EXCHANGE,$MM5,M,TRUE,TRUE,TRUE,Comment
CREATEUSER,$SA1,$HOMT1,$HOMT1EXCHANGE,$HOMT1EXECFIRM,A,1,Automated API $HOMT1 User,FALSE,TRUE,TRUE,New User for Clearing Firm "695" and Exchange "CBOE2" !
VERIFYUSEREXISTENCE,$SA1,$HOMT1EXCHANGE,$HOMT1,A,TRUE,TRUE,TRUE,Comment
CREATEUSER,$SA1,$MM6,$MM6EXCHANGE,$MM6EXECFIRM,M,1,Automated API $MM6 User,FALSE,TRUE,TRUE,New User for Clearing Firm "695" and Exchange "CBOE2" !
VERIFYUSEREXISTENCE,$SA1,$MM6EXCHANGE,$MM6,M,TRUE,TRUE,TRUE,Comment
CREATEUSER,$SA1,$MM7,$MM7EXCHANGE,$MM7EXECFIRM,M,1,Automated API $MM7 User,FALSE,TRUE,TRUE,New User for Clearing Firm "695" and Exchange "CBOE2" !
VERIFYUSEREXISTENCE,$SA1,$MM7EXCHANGE,$MM7,M,TRUE,TRUE,TRUE,Comment
CREATEUSER,$SA1,$MM8,$MM8EXCHANGE,$MM8EXECFIRM,M,1,Automated API $MM8 User,FALSE,TRUE,TRUE,New User for Clearing Firm "695" and Exchange "CBOE2" !
VERIFYUSEREXISTENCE,$SA1,$MM8EXCHANGE,$MM8,M,TRUE,TRUE,TRUE,Comment
CREATEUSER,$SA1,$MM9,$MM9EXCHANGE,$MM9EXECFIRM,M,1,Automated API $MM9 User,FALSE,TRUE,TRUE,New User for Clearing Firm "695" and Exchange "CBOE2" !
VERIFYUSEREXISTENCE,$SA1,$MM9EXCHANGE,$MM9,M,TRUE,TRUE,TRUE,Comment
CREATEUSER,$SA1,$CUST1,$CUST1EXCHANGE,$CUST1EXECFIRM,X,1,Automated API $CUST1 User,FALSE,TRUE,TRUE,New User for Clearing Firm "939" and Exchange "CBOE2" !
VERIFYUSEREXISTENCE,$SA1,$CUST1EXCHANGE,$CUST1,X,TRUE,TRUE,TRUE,Comment
CREATEUSER,$SA1,$CUST2,$CUST2EXCHANGE,$CUST2EXECFIRM,X,1,Automated API $CUST2 User,FALSE,TRUE,TRUE,New User for Clearing Firm "939" and Exchange "CBOE2" !
VERIFYUSEREXISTENCE,$SA1,$CUST2EXCHANGE,$CUST2,X,TRUE,TRUE,TRUE,Comment
TRADERLOGIN,$MM1,$MM1,$CASANDPORT,TRUE,TRUE,Comment
TRADERLOGIN,$MM2,$MM2,$CASANDPORT,TRUE,TRUE,Comment
TRADERLOGIN,$MM3,$MM3,$CASANDPORT,TRUE,TRUE,Comment
TRADERLOGIN,$MM4,$MM4,$CASANDPORT,TRUE,TRUE,Comment
TRADERLOGIN,$MM5,$MM5,$CASANDPORT,TRUE,TRUE,Comment
OMTLOGIN,$HOMT1,$HOMT1,$CASANDPORT,TRUE,TRUE,Comment
TRADERLOGIN,$MM6,$MM6,$CASANDPORT,TRUE,TRUE,Comment
TRADERLOGIN,$MM7,$MM7,$CASANDPORT,TRUE,TRUE,Comment
TRADERLOGIN,$MM8,$MM8,$CASANDPORT,TRUE,TRUE,Comment
TRADERLOGIN,$MM9,$MM9,$CASANDPORT,TRUE,TRUE,Comment
TRADERLOGIN,$CUST1,$CUST1,$CASANDPORT,TRUE,TRUE,Comment
TRADERLOGIN,$CUST2,$CUST2,$CASANDPORT,TRUE,TRUE,Comment


COMMENT, Trading Property Setup
SETAUCTIONENABLED,$SA1,$SESSION1,$CLASS1,-8:true;-4:true,TRUE,TRUE,Comment
PAUSE,2000
VERIFYAUCTIONENABLED,$SA1,$SESSION1,$CLASS1,-8:true;-4:true,TRUE,TRUE,Comment
SETALLOWEDHALORIGINCODES,$SA1,$SESSION1,$CLASS1,3:1;6:1;13:1,TRUE,TRUE,Comment
PAUSE,2000
VERIFYALLOWEDHALORIGINCODES,$SA1,$SESSION1,$CLASS1,3:1;6:1;13:1,TRUE,TRUE,Comment
SETAUTOLINKORIGINCODES,$SA1,$SESSION1,$CLASS1,3:1;6:1;13:1,TRUE,TRUE,Comment
PAUSE,2000
VERIFYAUTOLINKORIGINCODES,$SA1,$SESSION1,$CLASS1,3:1;6:1;13:1,TRUE,TRUE,Comment
SETAUCTIONTIMETOLIVE,$SA1,$SESSION1,$CLASS1,-4:10000-10000;-8:30000-30000,TRUE,TRUE,Comment
PAUSE,2000
VERIFYAUCTIONTIMETOLIVE,$SA1,$SESSION1,$CLASS1,-4:10000-10000;-8:30000-30000,TRUE,TRUE,Comment
SETALLOWMARKETORDER,$SA1,$SESSION1,$CLASS1,TRUE,TRUE,TRUE,Comment
PAUSE,2000
VERIFYALLOWMARKETORDER,$SA1,$SESSION1,$CLASS1,TRUE,TRUE,TRUE,Comment
SETAUCTIONMINQUOTERS,$SA1,$SESSION1,$CLASS1,-4:0;4:0;-8:0,TRUE,TRUE,Comment
PAUSE,2000
VERIFYAUCTIONMINQUOTERS,$SA1,$SESSION1,$CLASS1,-4:0;4:0;-8:0,TRUE,TRUE,Comment
SETAUCTIONRECEIVERTYPES,$SA1,$SESSION1,$CLASS1,-4:1;-8:1,TRUE,TRUE,Comment
PAUSE,2000
VERIFYAUCTIONRECEIVERTYPES,$SA1,$SESSION1,$CLASS1,-4:1;-8:1,TRUE,TRUE,Comment
SETEXCHANGEPRESCRIBEDWIDTH,$SA1,$SESSION1,$CLASS1,0.0-3.0:0.5,TRUE,TRUE,Comment
PAUSE,2000
VERIFYEXCHANGEPRESCRIBEDWIDTH,$SA1,$SESSION1,$CLASS1,0.0-3.0:0.5,TRUE,TRUE,Comment
SETALLOWEDHALARRAY,$SA1,$SESSION1,$CLASS1,1:2:3,TRUE,TRUE,Comment
PAUSE,2000
VERIFYALLOWEDHALARRAY,$SA1,$SESSION1,$CLASS1,1:2:3,TRUE,TRUE,Comment
SETAUCTIONORDERTICKSAWAYFROMNBBO,$SA1,$SESSION1,$CLASS1,-4:1;4:1,TRUE,TRUE,Comment
PAUSE,2000
VERIFYAUCTIONORDERTICKSAWAYFROMNBBO,$SA1,$SESSION1,$CLASS1,-4:1;4:1,TRUE,TRUE,Comment
SETHALTRIGGERTIMER,$SA1,$SESSION1,$CLASS1,4,90000,TRUE,TRUE,Comment
PAUSE,2000
VERIFYHALTRIGGERTIMER,$SA1,$SESSION1,$CLASS1,4,90000,TRUE,TRUE,Comment
SETAUCTIONMINMAXORDERSIZE,$SA1,$SESSION1,$CLASS1,-4:1-99999;4:1-99999,TRUE,TRUE,Comment
PAUSE,2000
VERIFYAUCTIONMINMAXORDERSIZE,$SA1,$SESSION1,$CLASS1,-4:1-99999;4:1-99999,TRUE,TRUE,Comment
SETBOTRENABLED,$SA1,$SESSION1,$CLASS1,TRUE,TRUE,TRUE,Comment
PAUSE,2000
VERIFYBOTRENABLED,$SA1,$SESSION1,$CLASS1,TRUE,TRUE,TRUE,Comment
SETOPENINGEXCHANGEPRESCRIBEDWIDTH,$SA1,$SESSION1,$CLASS1,0.0-2.0:0.25,TRUE,TRUE,Comment
PAUSE,2000
VERIFYOPENINGEXCHANGEPRESCRIBEDWIDTH,$SA1,$SESSION1,$CLASS1,0.0-2.0:0.25,TRUE,TRUE,Comment
SETPDPMRIGHTSSCALES,$SA1,$SESSION1,$CLASS1,0-1:1.00;1-2:0.50;2-9999:0.40,TRUE,TRUE,Comment
PAUSE,2000
VERIFYPDPMRIGHTSSCALES,$SA1,$SESSION1,$CLASS1,0-1:1.00;1-2:0.50;2-9999:0.40,TRUE,TRUE,Comment
SETALLOCATIONSTRATEGIES,$SA1,$SESSION1,$CLASS1,0=1;4;22 2=1;4,TRUE,TRUE,Comment
PAUSE,2000
VERIFYALLOCATIONSTRATEGIES,$SA1,$SESSION1,$CLASS1,0=1;4;22 2=1;4,TRUE,TRUE,Comment
PAUSE,2000
REFRESHALLOCATIONSTRATEGYFORCLASS,$SA1,$SESSION1,$CLASS1,TRUE,TRUE,Comment

COMMENT, Routing Property Setup
SETHELPDESKDEFAULTDESTINATION,$SA1,$SESSION1,$MM3EXCHANGE,$MM3EXECFIRM,$CLASS1,$HOMT1,TRUE,TRUE,Comment
PAUSE,2000
VERIFYHELPDESKDEFAULTDESTINATION,$SA1,$SESSION1,$MM3EXCHANGE,$MM3EXECFIRM,$CLASS1,$HOMT1:7,TRUE,TRUE,Comment
SETELIGIBLEPDPM,$SA1,$SESSION1,C,TRUE,TRUE,TRUE,Comment
PAUSE,2000
VERIFYELIGIBLEPDPM,$SA1,$SESSION1,C,TRUE,TRUE,TRUE,Comment

COMMENT, Pre-Test Settings
SUBSCRIBECURRENTMARKET,$MM1,$SESSION1,$CLASS1,$CLASS1PRODUCT1,TRUE,TRUE,Comment
SUBSCRIBEAUCTION,$MM1,$SESSION1,$CLASS1,-8,TRUE,TRUE,Comment
SUBSCRIBEAUCTION,$MM1,$SESSION1,$CLASS1,4,TRUE,TRUE,Comment
SUBSCRIBEAUCTION,$MM1,$SESSION1,$CLASS1,-4,TRUE,TRUE,Comment

COMMENT, Test Case 1:Limit order with valid quotes and matching resting customer orders in the book. Start HALO Acution and No auction response. HALO will trade at CBOE There is no PMM in this case
UPDATEBOTR,$SA1,$SESSION1,$CLASS1,$CLASS1PRODUCT1,B,1.00,NYSE=10,TRUE,TRUE,Comment
UPDATEBOTR,$SA1,$SESSION1,$CLASS1,$CLASS1PRODUCT1,S,1.31,NYSE=10,TRUE,TRUE,Comment
SETPRODUCTSTATEBYPRODUCT,$SA1,$SESSION1,$CLASS1PRODUCT1,$CLASS1,1,TRUE,TRUE,Comment
PRODUCTSTATEQUERY,$SA1,$SESSION1,$CLASS1PRODUCT1,1,TRUE,TRUE,Comment
SETPRODUCTSTATEBYPRODUCT,$SA1,$SESSION1,$CLASS1PRODUCT1,$CLASS1,2,TRUE,TRUE,Comment
PRODUCTSTATEQUERY,$SA1,$SESSION1,$CLASS1PRODUCT1,2,TRUE,TRUE,Comment
ORDER,$MM3,$MM3EXCHANGE,$MM3EXECFIRM,JJA,2281,ABC,*,$MM3EXCHANGE,$MM3,55,$CLASS1PRODUCT1,B,2,1,30,D,21/12/2003 6:00:00.0,1,1,0,00,0,-,-,-,$MM3,$MM3,C,FALSE,M,U,0,-,-,$SESSION1,TRUE,TRUE,Comment
ORDER,$MM4,$MM4EXCHANGE,$MM4EXECFIRM,WPC,1953,ABC,*,$MM4EXCHANGE,$MM4,30,$CLASS1PRODUCT1,B,2,1,35,D,21/12/2003 6:00:00.0,1,1,0,00,0,-,-,-,$MM4,$MM4,C,FALSE,C,U,0,-,-,$SESSION1,TRUE,TRUE,Comment
ORDER,$MM5,$MM5EXCHANGE,$MM5EXECFIRM,FJU,1985,ABC,*,$MM5EXCHANGE,$MM5,5,$CLASS1PRODUCT1,B,2,1,20,D,21/12/2003 6:00:00.0,1,1,0,00,0,-,-,-,$MM5,$MM5,C,FALSE,M,U,0,-,-,$SESSION1,TRUE,TRUE,Comment
ORDER,$MM6,$MM6EXCHANGE,$MM6EXECFIRM,YRZ,5638,ABC,*,$MM6EXCHANGE,$MM6,5,$CLASS1PRODUCT1,B,2,1,10,D,21/12/2003 6:00:00.0,1,1,0,00,0,-,-,-,$MM6,$MM6,C,FALSE,M,U,0,-,-,$SESSION1,TRUE,TRUE,Comment
ORDER,$CUST1,$CUST1EXCHANGE,$CUST1EXECFIRM,ODX,4323,JIN,*,$CUST1EXCHANGE,$CUST1,25,$CLASS1PRODUCT1,S,2,1,10,D,21/12/2003 6:00:00.0,1,1,0,00,0,-,-,-,$CUST1,$CUST1,C,FALSE,C,U,0,-,-,$SESSION1,TRUE,TRUE,Comment
ORDER,$CUST1,$CUST1EXCHANGE,$CUST1EXECFIRM,ENH,7842,JIN,*,$CUST1EXCHANGE,$CUST1,50,$CLASS1PRODUCT1,S,2,1,30,D,21/12/2003 6:00:00.0,1,1,0,00,0,-,-,-,$CUST1,$CUST1,C,FALSE,C,U,0,-,-,$SESSION1,TRUE,TRUE,Comment
QUOTE,$MM7,2,1,00,10,2,1,20,10,$CLASS1PRODUCT1,$SESSION1,User Assigned Id..,TRUE,TRUE,Comment
SETPRODUCTSTATEBYPRODUCT,$SA1,$SESSION1,$CLASS1PRODUCT1,$CLASS1,3,TRUE,TRUE,Comment
PRODUCTSTATEQUERY,$SA1,$SESSION1,$CLASS1PRODUCT1,3,TRUE,TRUE,Comment
PAUSE,1000
PRODUCTSTATEQUERY,$SA1,$SESSION1,$CLASS1PRODUCT1,4,TRUE,TRUE,Comment
RFPQUERY,$MM1,$SESSION1,$CLASS1PRODUCT1,$AUCTION123,B,50,2,1,23,TRUE,TRUE,Comment
ORDERFILLVERIFICATION,$MM4,$MM4EXCHANGE,$MM4EXECFIRM,WPC,1953,ABC,*,0,0,3,30,2,2,1,23,TRUE,TRUE,Comment
ORDERFILLVERIFICATION,$MM3,$MM3EXCHANGE,$MM3EXECFIRM,JJA,2281,ABC,*,0,50,1,5,1,2,1,23,TRUE,TRUE,Comment
PAUSE,30000
ORDERFILLVERIFICATION,$MM3,$MM3EXCHANGE,$MM3EXECFIRM,JJA,2281,ABC,*,0,0,3,50,1,2,1,30,TRUE,TRUE,Comment
ORDERFILLVERIFICATION,$CUST1,$CUST1EXCHANGE,$CUST1EXECFIRM,ODX,4323,JIN,*,0,0,3,25,1,2,1,23,TRUE,TRUE,Comment
ORDERFILLVERIFICATION,$CUST1,$CUST1EXCHANGE,$CUST1EXECFIRM,ENH,7842,JIN,*,0,0,3,50,1,2,1,30,TRUE,TRUE,Comment
QUOTECANCEL,$MM7,$SESSION1,$CLASS1PRODUCT1,2,TRUE,TRUE,Comment
QUOTECANCELVERIFICATION,$MM7,$SESSION1,$CLASS1PRODUCT1,2,TRUE,TRUE,Comment
ORDERCANCELNOWAIT,$MM5,$MM5EXCHANGE,$MM5EXECFIRM,FJU,1985,ABC,*,5,$SESSION1,1,TRUE,TRUE,Comment
ORDERCANCELNOWAIT,$MM6,$MM6EXCHANGE,$MM6EXECFIRM,YRZ,5638,ABC,*,5,$SESSION1,1,TRUE,TRUE,Comment

COMMENT, Test Case 2:Limit order with valid quotes and matching resting customer orders in the book. HalO auction will start and order will trade at CBOE AUCTION RESPONSE will enter NBBO become worse than CBOE). Regualr allocation will takes place with PMM( 40%) and Price time allocation when the auction end
UPDATEBOTR,$SA1,$SESSION1,$CLASS1,$CLASS1PRODUCT1,B,1.00,NYSE=10,TRUE,TRUE,Comment
UPDATEBOTR,$SA1,$SESSION1,$CLASS1,$CLASS1PRODUCT1,S,1.31,NYSE=10,TRUE,TRUE,Comment
SETAFFILIATEDFIRMFORUSER,$SA1,$MM1,$MM1EXCHANGE,$MM1AFFILIATE,TRUE,TRUE,$SA1 sets Firm Affiliation for user $MM1
SETAFFILIATEDFIRMFORUSER,$SA1,$MM2,$MM2EXCHANGE,$MM2AFFILIATE,TRUE,TRUE,$SA1 sets Firm Affiliation for user $MM2
SETPDPMASSIGNMENT,$SA1,$CUST1,$SESSION1,$MM3EXCHANGE,$CUST2EXECFIRM,$CLASS1,JIN,Default,ALL,TRUE,TRUE,Comment
PAUSE,2000
VERIFYPDPMASSIGNMENT,$SA1,$CUST1,$SESSION1,$MM3EXCHANGE,$CUST2EXECFIRM,$CLASS1,JIN,Default,ALL,TRUE,TRUE,Comment
SETPRODUCTSTATEBYPRODUCT,$SA1,$SESSION1,$CLASS1PRODUCT1,$CLASS1,1,TRUE,TRUE,Comment
PRODUCTSTATEQUERY,$SA1,$SESSION1,$CLASS1PRODUCT1,1,TRUE,TRUE,Comment
SETPRODUCTSTATEBYPRODUCT,$SA1,$SESSION1,$CLASS1PRODUCT1,$CLASS1,2,TRUE,TRUE,Comment
PRODUCTSTATEQUERY,$SA1,$SESSION1,$CLASS1PRODUCT1,2,TRUE,TRUE,Comment
ORDER,$CUST1,$CUST1EXCHANGE,$CUST1EXECFIRM,UCT,8488,JIN,*,$CUST1EXCHANGE,$CUST1,55,$CLASS1PRODUCT1,B,2,1,30,D,21/12/2003 6:00:00.0,1,1,0,00,0,-,-,-,$CUST1,$CUST1,C,FALSE,C,U,0,-,-,$SESSION1,TRUE,TRUE,Comment
ORDER,$MM4,$MM4EXCHANGE,$MM4EXECFIRM,WXT,6836,ABC,*,$MM4EXCHANGE,$MM4,30,$CLASS1PRODUCT1,B,2,1,35,D,21/12/2003 6:00:00.0,1,1,0,00,0,-,-,-,$MM4,$MM4,C,FALSE,C,U,0,-,-,$SESSION1,TRUE,TRUE,Comment
ORDER,$MM5,$MM5EXCHANGE,$MM5EXECFIRM,LJY,2663,ABC,*,$MM5EXCHANGE,$MM5,5,$CLASS1PRODUCT1,B,2,1,10,D,21/12/2003 6:00:00.0,1,1,0,00,0,-,-,-,$MM5,$MM5,C,FALSE,M,U,0,-,-,$SESSION1,TRUE,TRUE,Comment
ORDER,$MM3,$MM3EXCHANGE,$MM3EXECFIRM,TQL,6611,ABC,*,$MM3EXCHANGE,$MM3,25,$CLASS1PRODUCT1,S,2,1,10,D,21/12/2003 6:00:00.0,1,1,0,00,0,-,-,-,$MM3,$MM3,C,FALSE,M,U,0,-,-,$SESSION1,TRUE,TRUE,Comment
ORDER,$MM7,$MM7EXCHANGE,$MM7EXECFIRM,BXM,6895,ABC,*,$MM7EXCHANGE,$MM7,50,$CLASS1PRODUCT1,S,2,1,30,D,21/12/2003 6:00:00.0,1,1,0,00,0,-,-,-,$MM7,$MM7,C,FALSE,M,U,0,-,-,$SESSION1,TRUE,TRUE,Comment
ORDER,$MM1,$MM1EXCHANGE,$MM1EXECFIRM,TDT,655,ABC,*,$MM1EXCHANGE,$MM1,50,$CLASS1PRODUCT1,S,2,1,30,D,21/12/2003 6:00:00.0,1,1,0,00,0,-,-,-,$MM1,$MM1,C,FALSE,M,U,0,-,-,$SESSION1,TRUE,TRUE,Comment
PAUSE,2000
QUOTE,$MM8,2,1,00,10,2,1,20,10,$CLASS1PRODUCT1,$SESSION1,User Assigned Id..,TRUE,TRUE,Comment
SETPRODUCTSTATEBYPRODUCT,$SA1,$SESSION1,$CLASS1PRODUCT1,$CLASS1,3,TRUE,TRUE,Comment
PRODUCTSTATEQUERY,$SA1,$SESSION1,$CLASS1PRODUCT1,3,TRUE,TRUE,Comment
PRODUCTSTATEQUERY,$SA1,$SESSION1,$CLASS1PRODUCT1,4,TRUE,TRUE,Comment
PAUSE,2000
RFPQUERY,$MM1,$SESSION1,$CLASS1PRODUCT1,$AUCTION123,B,50,2,1,23,TRUE,TRUE,Comment
ORDER,$MM9,$MM9EXCHANGE,$MM9EXECFIRM,HBF,1414,ABC,*,$MM9EXCHANGE,$MM9,20,$CLASS1PRODUCT1,S,2,1,30,D,21/12/2003 6:00:00.0,14,1,0,00,0,-,-,$AUCTION123,$MM9,$MM9,C,FALSE,M,U,0,-,-,$SESSION1,TRUE,TRUE,Comment
UPDATEBOTR,$SA1,$SESSION1,$CLASS1,$CLASS1PRODUCT1,B,1.00,NYSE=10,TRUE,TRUE,Comment
UPDATEBOTR,$SA1,$SESSION1,$CLASS1,$CLASS1PRODUCT1,S,1.35,NYSE=10,TRUE,TRUE,Comment
ORDERFILLVERIFICATION,$MM4,$MM4EXCHANGE,$MM4EXECFIRM,WXT,6836,ABC,*,0,0,3,30,2,2,1,23,TRUE,TRUE,Comment
ORDERFILLVERIFICATION,$CUST1,$CUST1EXCHANGE,$CUST1EXECFIRM,UCT,8488,JIN,*,0,0,3,50,2,2,1,30,TRUE,TRUE,Comment
ORDERFILLVERIFICATION,$MM1,$MM1EXCHANGE,$MM1EXECFIRM,TDT,655,ABC,*,0,30,1,20,1,2,1,30,TRUE,TRUE,Comment
ORDERFILLVERIFICATION,$MM7,$MM7EXCHANGE,$MM7EXECFIRM,BXM,6895,ABC,*,0,20,1,30,1,2,1,30,TRUE,TRUE,Comment
ORDERFILLVERIFICATION,$MM3,$MM3EXCHANGE,$MM3EXECFIRM,TQL,6611,ABC,*,0,0,3,25,1,2,1,23,TRUE,TRUE,Comment
QUOTECANCEL,$MM8,$SESSION1,$CLASS1PRODUCT1,2,TRUE,TRUE,Comment
QUOTECANCELVERIFICATION,$MM8,$SESSION1,$CLASS1PRODUCT1,2,TRUE,TRUE,Comment
ORDERCANCELNOWAIT,$MM1,$MM1EXCHANGE,$MM1EXECFIRM,TDT,655,ABC,*,30,$SESSION1,1,TRUE,TRUE,Comment
ORDERCANCELNOWAIT,$MM7,$MM7EXCHANGE,$MM7EXECFIRM,BXM,6895,ABC,*,20,$SESSION1,1,TRUE,TRUE,Comment
ORDERCANCELNOWAIT,$MM5,$MM5EXCHANGE,$MM5EXECFIRM,LJY,2663,ABC,*,5,$SESSION1,1,TRUE,TRUE,Comment

COMMENT, Test Case 3:Limit order with valid quotes and matching resting customer orders in the book. Start HALO acution and No acution response auction order will trade at CBOE. Acution Oder will trade allocate to Customer PMM (based on PMM allocation (50%))and then with Price Time
UPDATEBOTR,$SA1,$SESSION1,$CLASS1,$CLASS1PRODUCT1,B,1.00,NYSE=10,TRUE,TRUE,Comment
UPDATEBOTR,$SA1,$SESSION1,$CLASS1,$CLASS1PRODUCT1,S,1.31,NYSE=10,TRUE,TRUE,Comment
UPDATEBOTR,$SA1,$SESSION1,$CLASS1,$CLASS1PRODUCT1,B,1.00,AMEX=10,TRUE,TRUE,Comment
UPDATEBOTR,$SA1,$SESSION1,$CLASS1,$CLASS1PRODUCT1,S,1.32,AMEX=10,TRUE,TRUE,Comment
SETPRODUCTSTATEBYPRODUCT,$SA1,$SESSION1,$CLASS1PRODUCT1,$CLASS1,1,TRUE,TRUE,Comment
PRODUCTSTATEQUERY,$SA1,$SESSION1,$CLASS1PRODUCT1,1,TRUE,TRUE,Comment
SETPRODUCTSTATEBYPRODUCT,$SA1,$SESSION1,$CLASS1PRODUCT1,$CLASS1,2,TRUE,TRUE,Comment
PRODUCTSTATEQUERY,$SA1,$SESSION1,$CLASS1PRODUCT1,2,TRUE,TRUE,Comment
ORDER,$CUST1,$CUST1EXCHANGE,$CUST1EXECFIRM,ROD,2488,JIN,*,$CUST1EXCHANGE,$CUST1,55,$CLASS1PRODUCT1,B,2,1,30,D,21/12/2003 6:00:00.0,1,1,0,00,0,-,-,-,$CUST1,$CUST1,C,FALSE,C,U,0,-,-,$SESSION1,TRUE,TRUE,Comment
ORDER,$MM4,$MM4EXCHANGE,$MM4EXECFIRM,VPG,1167,ABC,*,$MM4EXCHANGE,$MM4,30,$CLASS1PRODUCT1,B,2,1,35,D,21/12/2003 6:00:00.0,1,1,0,00,0,-,-,-,$MM4,$MM4,C,FALSE,M,U,0,-,-,$SESSION1,TRUE,TRUE,Comment
ORDER,$MM5,$MM5EXCHANGE,$MM5EXECFIRM,YAG,43,ABC,*,$MM5EXCHANGE,$MM5,5,$CLASS1PRODUCT1,B,2,1,10,D,21/12/2003 6:00:00.0,1,1,0,00,0,-,-,-,$MM5,$MM5,C,FALSE,M,U,0,-,-,$SESSION1,TRUE,TRUE,Comment
ORDER,$MM3,$MM3EXCHANGE,$MM3EXECFIRM,ZAG,9922,ABC,*,$MM3EXCHANGE,$MM3,25,$CLASS1PRODUCT1,S,2,1,10,D,21/12/2003 6:00:00.0,1,1,0,00,0,-,-,-,$MM3,$MM3,C,FALSE,M,U,0,-,-,$SESSION1,TRUE,TRUE,Comment
ORDER,$MM7,$MM7EXCHANGE,$MM7EXECFIRM,UWB,3449,ABC,*,$MM7EXCHANGE,$MM7,50,$CLASS1PRODUCT1,S,2,1,30,D,21/12/2003 6:00:00.0,1,1,0,00,0,-,-,-,$MM7,$MM7,C,FALSE,M,U,0,-,-,$SESSION1,TRUE,TRUE,Comment
ORDER,$MM1,$MM1EXCHANGE,$MM1EXECFIRM,NJQ,9756,ABC,*,$MM1EXCHANGE,$MM1,50,$CLASS1PRODUCT1,S,2,1,30,D,21/12/2003 6:00:00.0,1,1,0,00,0,-,-,-,$MM1,$MM1,C,FALSE,M,U,0,-,-,$SESSION1,TRUE,TRUE,Comment
QUOTE,$MM9,2,1,00,10,2,1,20,10,$CLASS1PRODUCT1,$SESSION1,User Assigned Id..,TRUE,TRUE,Comment
SETPRODUCTSTATEBYPRODUCT,$SA1,$SESSION1,$CLASS1PRODUCT1,$CLASS1,3,TRUE,TRUE,Comment
PRODUCTSTATEQUERY,$SA1,$SESSION1,$CLASS1PRODUCT1,3,TRUE,TRUE,Comment
PRODUCTSTATEQUERY,$SA1,$SESSION1,$CLASS1PRODUCT1,4,TRUE,TRUE,Comment
PAUSE,2000
ORDERFILLVERIFICATION,$CUST1,$CUST1EXCHANGE,$CUST1EXECFIRM,ROD,2488,JIN,*,0,50,1,5,1,2,1,23,TRUE,TRUE,Comment
RFPQUERY,$MM1,$SESSION1,$CLASS1PRODUCT1,$AUCTION123,B,50,2,1,23,TRUE,TRUE,Comment
ORDERFILLVERIFICATION,$CUST1,$CUST1EXCHANGE,$CUST1EXECFIRM,ROD,2488,JIN,*,0,0,3,50,2,2,1,30,TRUE,TRUE,Comment
ORDERFILLVERIFICATION,$MM1,$MM1EXCHANGE,$MM1EXECFIRM,NJQ,9756,ABC,*,0,25,1,25,1,2,1,30,TRUE,TRUE,Comment
ORDERFILLVERIFICATION,$MM7,$MM7EXCHANGE,$MM7EXECFIRM,UWB,3449,ABC,*,0,25,1,25,1,2,1,30,TRUE,TRUE,Comment
QUOTECANCEL,$MM9,$SESSION1,$CLASS1PRODUCT1,2,TRUE,TRUE,Comment
QUOTECANCELVERIFICATION,$MM9,$SESSION1,$CLASS1PRODUCT1,2,TRUE,TRUE,Comment
ORDERCANCELNOWAIT,$MM1,$MM1EXCHANGE,$MM1EXECFIRM,NJQ,9756,ABC,*,25,$SESSION1,1,TRUE,TRUE,Comment
ORDERCANCELNOWAIT,$MM7,$MM7EXCHANGE,$MM7EXECFIRM,UWB,3449,ABC,*,25,$SESSION1,1,TRUE,TRUE,Comment
ORDERCANCELNOWAIT,$MM5,$MM5EXCHANGE,$MM5EXECFIRM,YAG,43,ABC,*,5,$SESSION1,1,TRUE,TRUE,Comment

COMMENT, Test Case 4:Limit order with valid and matching resting customer order 1PMM 2 MM in the book. Hal will trade at CBOE START HAL NO AUCTION RESPONSE). Incomming order will trade with Customer PMM based on PMM allocation(40%) and then with Price Time
UPDATEBOTR,$SA1,$SESSION1,$CLASS1,$CLASS1PRODUCT1,B,1.00,NYSE=10,TRUE,TRUE,Comment
UPDATEBOTR,$SA1,$SESSION1,$CLASS1,$CLASS1PRODUCT1,S,1.31,NYSE=10,TRUE,TRUE,Comment
SETPRODUCTSTATEBYPRODUCT,$SA1,$SESSION1,$CLASS1PRODUCT1,$CLASS1,1,TRUE,TRUE,Comment
PRODUCTSTATEQUERY,$SA1,$SESSION1,$CLASS1PRODUCT1,1,TRUE,TRUE,Comment
SETPRODUCTSTATEBYPRODUCT,$SA1,$SESSION1,$CLASS1PRODUCT1,$CLASS1,2,TRUE,TRUE,Comment
PRODUCTSTATEQUERY,$SA1,$SESSION1,$CLASS1PRODUCT1,2,TRUE,TRUE,Comment
TOPOFBOOKVERIFICATION,$MM1,$SESSION1,$CLASS1PRODUCT1,0,1,0,00,0,1,0,00,TRUE,TRUE,Comment
ORDER,$CUST1,$CUST1EXCHANGE,$CUST1EXECFIRM,CBN,8287,JIN,*,$CUST1EXCHANGE,$CUST1,55,$CLASS1PRODUCT1,B,2,1,30,D,21/12/2003 6:00:00.0,1,1,0,00,0,-,-,-,$CUST1,$CUST1,C,FALSE,C,U,0,-,-,$SESSION1,TRUE,TRUE,Comment
ORDER,$MM4,$MM4EXCHANGE,$MM4EXECFIRM,MBJ,4224,ABC,*,$MM4EXCHANGE,$MM4,30,$CLASS1PRODUCT1,B,2,1,35,D,21/12/2003 6:00:00.0,1,1,0,00,0,-,-,-,$MM4,$MM4,C,FALSE,C,U,0,-,-,$SESSION1,TRUE,TRUE,Comment
ORDER,$MM5,$MM5EXCHANGE,$MM5EXECFIRM,XGR,8902,ABC,*,$MM5EXCHANGE,$MM5,5,$CLASS1PRODUCT1,B,2,1,10,D,21/12/2003 6:00:00.0,1,1,0,00,0,-,-,-,$MM5,$MM5,C,FALSE,M,U,0,-,-,$SESSION1,TRUE,TRUE,Comment
ORDER,$MM6,$MM6EXCHANGE,$MM6EXECFIRM,OZL,6068,ABC,*,$MM6EXCHANGE,$MM6,25,$CLASS1PRODUCT1,S,2,1,10,D,21/12/2003 6:00:00.0,1,1,0,00,0,-,-,-,$MM6,$MM6,C,FALSE,M,U,0,-,-,$SESSION1,TRUE,TRUE,Comment
ORDER,$MM7,$MM7EXCHANGE,$MM7EXECFIRM,TBB,8822,ABC,*,$MM7EXCHANGE,$MM7,50,$CLASS1PRODUCT1,S,2,1,30,D,21/12/2003 6:00:00.0,1,1,0,00,0,-,-,-,$MM7,$MM7,C,FALSE,M,U,0,-,-,$SESSION1,TRUE,TRUE,Comment
ORDER,$CUST2,$CUST2EXCHANGE,$CUST2EXECFIRM,XBO,2755,ABC,*,$CUST2EXCHANGE,$CUST2,5,$CLASS1PRODUCT1,S,2,1,30,D,21/12/2003 6:00:00.0,1,1,0,00,0,-,-,-,$CUST2,$CUST2,C,FALSE,C,U,0,-,-,$SESSION1,TRUE,TRUE,Comment
ORDER,$MM1,$MM1EXCHANGE,$MM1EXECFIRM,WNW,7871,ABC,*,$MM1EXCHANGE,$MM1,50,$CLASS1PRODUCT1,S,2,1,30,D,21/12/2003 6:00:00.0,1,1,0,00,0,-,-,-,$MM1,$MM1,C,FALSE,M,U,0,-,-,$SESSION1,TRUE,TRUE,Comment
ORDER,$MM9,$MM9EXCHANGE,$MM9EXECFIRM,IDQ,5676,ABC,*,$MM9EXCHANGE,$MM9,10,$CLASS1PRODUCT1,S,2,1,30,D,21/12/2003 6:00:00.0,1,1,0,00,0,-,-,-,$MM9,$MM9,C,FALSE,M,U,0,-,-,$SESSION1,TRUE,TRUE,Comment
QUOTE,$MM8,2,1,00,10,2,1,20,10,$CLASS1PRODUCT1,$SESSION1,User Assigned Id..,TRUE,TRUE,Comment
SETPRODUCTSTATEBYPRODUCT,$SA1,$SESSION1,$CLASS1PRODUCT1,$CLASS1,3,TRUE,TRUE,Comment
PRODUCTSTATEQUERY,$SA1,$SESSION1,$CLASS1PRODUCT1,3,TRUE,TRUE,Comment
PAUSE,2000
ORDERFILLVERIFICATION,$MM6,$MM6EXCHANGE,$MM6EXECFIRM,OZL,6068,ABC,*,0,0,3,25,1,2,1,23,TRUE,TRUE,Comment
QUOTEFILLVERIFICATION,$MM8,$CLASS1PRODUCT1,$SESSION1,0,10,2,2,1,23,User Assigned Id..,TRUE,TRUE,Comment
ORDERFILLVERIFICATION,$CUST1,$CUST1EXCHANGE,$CUST1EXECFIRM,CBN,8287,JIN,*,0,50,1,5,1,2,1,23,TRUE,TRUE,Comment
RFPQUERY,$MM1,$SESSION1,$CLASS1PRODUCT1,$AUCTION123,B,50,2,1,23,TRUE,TRUE,Comment
PAUSE,1000
ORDERFILLVERIFICATION,$MM1,$MM1EXCHANGE,$MM1EXECFIRM,WNW,7871,ABC,*,0,32,1,18,1,2,1,30,TRUE,TRUE,Comment
ORDERFILLVERIFICATION,$MM7,$MM7EXCHANGE,$MM7EXECFIRM,TBB,8822,ABC,*,0,23,1,27,1,2,1,30,TRUE,TRUE,Comment
ORDERFILLVERIFICATION,$CUST2,$CUST2EXCHANGE,$CUST2EXECFIRM,XBO,2755,ABC,*,0,0,3,5,1,2,1,30,TRUE,TRUE,Comment
QUOTECANCEL,$MM8,$SESSION1,$CLASS1PRODUCT1,2,TRUE,TRUE,Comment
QUOTECANCELVERIFICATION,$MM8,$SESSION1,$CLASS1PRODUCT1,2,TRUE,TRUE,Comment
ORDERCANCELNOWAIT,$MM7,$MM7EXCHANGE,$MM7EXECFIRM,TBB,8822,ABC,*,23,$SESSION1,1,TRUE,TRUE,Comment
ORDERCANCELNOWAIT,$MM1,$MM1EXCHANGE,$MM1EXECFIRM,WNW,7871,ABC,*,32,$SESSION1,1,TRUE,TRUE,Comment
ORDERCANCELNOWAIT,$MM9,$MM9EXCHANGE,$MM9EXECFIRM,IDQ,5676,ABC,*,10,$SESSION1,1,TRUE,TRUE,Comment
ORDERCANCELNOWAIT,$MM5,$MM5EXCHANGE,$MM5EXECFIRM,XGR,8902,ABC,*,5,$SESSION1,1,TRUE,TRUE,Comment
CURRENTMARKETV4BESTMARKETQUERY,$MM1,CBOE2,$CLASS1PRODUCT1,0,1,0,00,0,1,0,00,TRUE,TRUE,Comment

COMMENT, Test Case 5:Limit order with valid and matching price. 2 PMM in different price point and PMM 1 will trade in HALO(opening state and PMM allocation takes place and PMM 2 will trade after HAL auction end. 50 PMM allocation takes place in both side
UPDATEBOTR,$SA1,$SESSION1,$CLASS1,$CLASS1PRODUCT1,B,1.00,NYSE=10,TRUE,TRUE,Comment
UPDATEBOTR,$SA1,$SESSION1,$CLASS1,$CLASS1PRODUCT1,S,1.31,NYSE=10,TRUE,TRUE,Comment
SETPRODUCTSTATEBYPRODUCT,$SA1,$SESSION1,$CLASS1PRODUCT1,$CLASS1,1,TRUE,TRUE,Comment
PRODUCTSTATEQUERY,$SA1,$SESSION1,$CLASS1PRODUCT1,1,TRUE,TRUE,Comment
SETPRODUCTSTATEBYPRODUCT,$SA1,$SESSION1,$CLASS1PRODUCT1,$CLASS1,2,TRUE,TRUE,Comment
PRODUCTSTATEQUERY,$SA1,$SESSION1,$CLASS1PRODUCT1,2,TRUE,TRUE,Comment
TOPOFBOOKVERIFICATION,$MM1,$SESSION1,$CLASS1PRODUCT1,0,1,0,00,0,1,0,00,TRUE,TRUE,Comment
ORDER,$CUST1,$CUST1EXCHANGE,$CUST1EXECFIRM,GMD,8040,JIN,*,$CUST1EXCHANGE,$CUST1,50,$CLASS1PRODUCT1,B,2,1,30,D,21/12/2003 6:00:00.0,1,1,0,00,0,-,-,-,$CUST1,$CUST1,C,FALSE,C,U,0,-,-,$SESSION1,TRUE,TRUE,Comment
ORDER,$CUST1,$CUST1EXCHANGE,$CUST1EXECFIRM,QPU,1329,JIN,*,$CUST1EXCHANGE,$CUST1,30,$CLASS1PRODUCT1,B,2,1,35,D,21/12/2003 6:00:00.0,1,1,0,00,0,-,-,-,$CUST1,$CUST1,C,FALSE,C,U,0,-,-,$SESSION1,TRUE,TRUE,Comment
ORDER,$MM5,$MM5EXCHANGE,$MM5EXECFIRM,JOV,2683,ABC,*,$MM5EXCHANGE,$MM5,5,$CLASS1PRODUCT1,B,2,1,10,D,21/12/2003 6:00:00.0,1,1,0,00,0,-,-,-,$MM5,$MM5,C,FALSE,M,U,0,-,-,$SESSION1,TRUE,TRUE,Comment
ORDER,$MM2,$MM2EXCHANGE,$MM2EXECFIRM,VPK,5299,ABC,*,$MM2EXCHANGE,$MM2,10,$CLASS1PRODUCT1,S,2,1,10,D,21/12/2003 6:00:00.0,1,1,0,00,0,-,-,-,$MM2,$MM2,C,FALSE,M,U,0,-,-,$SESSION1,TRUE,TRUE,Comment
ORDER,$MM1,$MM1EXCHANGE,$MM1EXECFIRM,MTC,6114,ABC,*,$MM1EXCHANGE,$MM1,20,$CLASS1PRODUCT1,S,2,1,10,D,21/12/2003 6:00:00.0,1,1,0,00,0,-,-,-,$MM1,$MM1,C,FALSE,M,U,0,-,-,$SESSION1,TRUE,TRUE,Comment
ORDER,$MM7,$MM7EXCHANGE,$MM7EXECFIRM,JED,2364,ABC,*,$MM7EXCHANGE,$MM7,50,$CLASS1PRODUCT1,S,2,1,30,D,21/12/2003 6:00:00.0,1,1,0,00,0,-,-,-,$MM7,$MM7,C,FALSE,M,U,0,-,-,$SESSION1,TRUE,TRUE,Comment
ORDER,$MM2,$MM2EXCHANGE,$MM2EXECFIRM,ZNH,3174,ABC,*,$MM2EXCHANGE,$MM2,50,$CLASS1PRODUCT1,S,2,1,30,D,21/12/2003 6:00:00.0,1,1,0,00,0,-,-,-,$MM2,$MM2,C,FALSE,M,U,0,-,-,$SESSION1,TRUE,TRUE,Comment
QUOTE,$MM8,2,1,00,10,2,1,20,10,$CLASS1PRODUCT1,$SESSION1,User Assigned Id..,TRUE,TRUE,Comment
SETPRODUCTSTATEBYPRODUCT,$SA1,$SESSION1,$CLASS1PRODUCT1,$CLASS1,3,TRUE,TRUE,Comment
PRODUCTSTATEQUERY,$SA1,$SESSION1,$CLASS1PRODUCT1,3,TRUE,TRUE,Comment
PRODUCTSTATEQUERY,$SA1,$SESSION1,$CLASS1PRODUCT1,4,TRUE,TRUE,Comment
PAUSE,2000
ORDERFILLVERIFICATION,$CUST1,$CUST1EXCHANGE,$CUST1EXECFIRM,QPU,1329,JIN,*,0,0,3,30,2,2,1,23,TRUE,TRUE,Comment
ORDERFILLVERIFICATION,$MM2,$MM2EXCHANGE,$MM2EXECFIRM,VPK,5299,ABC,*,0,0,3,10,1,2,1,23,TRUE,TRUE,Comment
ORDERFILLVERIFICATION,$MM1,$MM1EXCHANGE,$MM1EXECFIRM,MTC,6114,ABC,*,0,0,3,20,1,2,1,23,TRUE,TRUE,Comment
RFPQUERY,$MM1,$SESSION1,$CLASS1PRODUCT1,$AUCTION123,B,40,2,1,23,TRUE,TRUE,Comment
ORDERFILLVERIFICATION,$CUST1,$CUST1EXCHANGE,$CUST1EXECFIRM,GMD,8040,JIN,*,0,0,3,40,2,2,1,30,TRUE,TRUE,Comment
ORDERFILLVERIFICATION,$MM7,$MM7EXCHANGE,$MM7EXECFIRM,JED,2364,ABC,*,0,30,1,20,1,2,1,30,TRUE,TRUE,Comment
ORDERFILLVERIFICATION,$MM2,$MM2EXCHANGE,$MM2EXECFIRM,ZNH,3174,ABC,*,0,30,1,20,1,2,1,30,TRUE,TRUE,Comment
ORDERCANCELNOWAIT,$MM2,$MM2EXCHANGE,$MM2EXECFIRM,ZNH,3174,ABC,*,30,$SESSION1,1,TRUE,TRUE,Comment
ORDERCANCELNOWAIT,$MM7,$MM7EXCHANGE,$MM7EXECFIRM,JED,2364,ABC,*,30,$SESSION1,1,TRUE,TRUE,Comment
ORDERCANCELNOWAIT,$MM5,$MM5EXCHANGE,$MM5EXECFIRM,JOV,2683,ABC,*,5,$SESSION1,1,TRUE,TRUE,Comment
CURRENTMARKETV4BESTMARKETQUERY,$MM1,CBOE2,$CLASS1PRODUCT1,0,1,0,00,0,1,0,00,TRUE,TRUE,Comment

COMMENT, Test Case 6:Limit order with valid and matching price 1PMM 1MM 1 customer order in the book. Hal will trade at CBOE START HAL NO AUCTION RESPONSE). Incomming order will trade with Customer PMM based on PMM allocation and then with Price Time before HAL and After HAL regular HAL trade will takes place. Hal will end without any HAL response. Two auction quies with different quantity
UPDATEBOTR,$SA1,$SESSION1,$CLASS1,$CLASS1PRODUCT1,B,1.00,NYSE=10,TRUE,TRUE,Comment
UPDATEBOTR,$SA1,$SESSION1,$CLASS1,$CLASS1PRODUCT1,S,1.31,NYSE=10,TRUE,TRUE,Comment
SETPRODUCTSTATEBYPRODUCT,$SA1,$SESSION1,$CLASS1PRODUCT1,$CLASS1,1,TRUE,TRUE,Comment
PRODUCTSTATEQUERY,$SA1,$SESSION1,$CLASS1PRODUCT1,1,TRUE,TRUE,Comment
SETPRODUCTSTATEBYPRODUCT,$SA1,$SESSION1,$CLASS1PRODUCT1,$CLASS1,2,TRUE,TRUE,Comment
PRODUCTSTATEQUERY,$SA1,$SESSION1,$CLASS1PRODUCT1,2,TRUE,TRUE,Comment
TOPOFBOOKVERIFICATION,$MM1,$SESSION1,$CLASS1PRODUCT1,0,1,0,00,0,1,0,00,TRUE,TRUE,Comment
ORDER,$CUST1,$CUST1EXCHANGE,$CUST1EXECFIRM,MWQ,8536,JIN,*,$CUST1EXCHANGE,$CUST1,50,$CLASS1PRODUCT1,B,2,1,30,D,21/12/2003 6:00:00.0,1,1,0,00,0,-,-,-,$CUST1,$CUST1,C,FALSE,C,U,0,-,-,$SESSION1,TRUE,TRUE,Comment
ORDER,$CUST1,$CUST1EXCHANGE,$CUST1EXECFIRM,LRV,830,JIN,*,$CUST1EXCHANGE,$CUST1,50,$CLASS1PRODUCT1,B,2,1,30,D,21/12/2003 6:00:00.0,1,1,0,00,0,-,-,-,$CUST1,$CUST1,C,FALSE,C,U,0,-,-,$SESSION1,TRUE,TRUE,Comment
ORDER,$MM3,$MM3EXCHANGE,$MM3EXECFIRM,ODP,3371,ABC,*,$MM3EXCHANGE,$MM3,5,$CLASS1PRODUCT1,B,2,1,10,D,21/12/2003 6:00:00.0,1,1,0,00,0,-,-,-,$MM3,$MM3,C,FALSE,M,U,0,-,-,$SESSION1,TRUE,TRUE,Comment
ORDER,$MM4,$MM4EXCHANGE,$MM4EXECFIRM,ERC,6396,ABC,*,$MM4EXCHANGE,$MM4,10,$CLASS1PRODUCT1,S,2,1,10,D,21/12/2003 6:00:00.0,1,1,0,00,0,-,-,-,$MM4,$MM4,C,FALSE,M,U,0,-,-,$SESSION1,TRUE,TRUE,Comment
ORDER,$MM5,$MM5EXCHANGE,$MM5EXECFIRM,HUS,3357,ABC,*,$MM5EXCHANGE,$MM5,50,$CLASS1PRODUCT1,S,2,1,30,D,21/12/2003 6:00:00.0,1,1,0,00,0,-,-,-,$MM5,$MM5,C,FALSE,M,U,0,-,-,$SESSION1,TRUE,TRUE,Comment
ORDER,$MM1,$MM1EXCHANGE,$MM1EXECFIRM,LMF,9421,ABC,*,$MM1EXCHANGE,$MM1,50,$CLASS1PRODUCT1,S,2,1,30,D,21/12/2003 6:00:00.0,1,1,0,00,0,-,-,-,$MM1,$MM1,C,FALSE,M,U,0,-,-,$SESSION1,TRUE,TRUE,Comment
ORDER,$MM6,$MM6EXCHANGE,$MM6EXECFIRM,FSN,9701,ABC,*,$MM6EXCHANGE,$MM6,10,$CLASS1PRODUCT1,S,2,1,30,D,21/12/2003 6:00:00.0,1,1,0,00,0,-,-,-,$MM6,$MM6,C,FALSE,C,U,0,-,-,$SESSION1,TRUE,TRUE,Comment
QUOTE,$MM8,2,1,00,10,2,1,20,10,$CLASS1PRODUCT1,$SESSION1,User Assigned Id..,TRUE,TRUE,Comment
SETPRODUCTSTATEBYPRODUCT,$SA1,$SESSION1,$CLASS1PRODUCT1,$CLASS1,3,TRUE,TRUE,Comment
PRODUCTSTATEQUERY,$SA1,$SESSION1,$CLASS1PRODUCT1,3,TRUE,TRUE,Comment
PRODUCTSTATEQUERY,$SA1,$SESSION1,$CLASS1PRODUCT1,4,TRUE,TRUE,Comment
ORDERFILLVERIFICATION,$MM4,$MM4EXCHANGE,$MM4EXECFIRM,ERC,6396,ABC,*,0,0,3,10,1,2,1,23,TRUE,TRUE,Comment
ORDERFILLVERIFICATION,$CUST1,$CUST1EXCHANGE,$CUST1EXECFIRM,MWQ,8536,JIN,*,0,30,1,20,2,2,1,23,TRUE,TRUE,Comment
RFPQUERY,$MM1,$SESSION1,$CLASS1PRODUCT1,$AUCTION123,B,80,2,1,23,TRUE,TRUE,Comment
PAUSE,11000
ORDERFILLVERIFICATION,$CUST1,$CUST1EXCHANGE,$CUST1EXECFIRM,MWQ,8536,JIN,*,0,0,3,30,3,2,1,30,TRUE,TRUE,Comment
ORDERFILLVERIFICATION,$MM5,$MM5EXCHANGE,$MM5EXECFIRM,HUS,3357,ABC,*,0,40,1,10,1,2,1,30,TRUE,TRUE,Comment
ORDERFILLVERIFICATION,$MM5,$MM5EXCHANGE,$MM5EXECFIRM,HUS,3357,ABC,*,0,15,1,25,1,2,1,30,TRUE,TRUE,Comment
ORDERFILLVERIFICATION,$MM1,$MM1EXCHANGE,$MM1EXECFIRM,LMF,9421,ABC,*,0,40,1,10,1,2,1,30,TRUE,TRUE,Comment
ORDERFILLVERIFICATION,$MM1,$MM1EXCHANGE,$MM1EXECFIRM,LMF,9421,ABC,*,0,15,1,25,1,2,1,30,TRUE,TRUE,Comment
QUOTECANCEL,$MM8,$SESSION1,$CLASS1PRODUCT1,2,TRUE,TRUE,Comment
QUOTECANCELVERIFICATION,$MM8,$SESSION1,$CLASS1PRODUCT1,2,TRUE,TRUE,Comment
ORDERCANCELNOWAIT,$MM3,$MM3EXCHANGE,$MM3EXECFIRM,ODP,3371,ABC,*,5,$SESSION1,1,TRUE,TRUE,Comment
ORDERCANCELNOWAIT,$MM5,$MM5EXCHANGE,$MM5EXECFIRM,HUS,3357,ABC,*,15,$SESSION1,1,TRUE,TRUE,Comment
ORDERCANCELNOWAIT,$MM1,$MM1EXCHANGE,$MM1EXECFIRM,LMF,9421,ABC,*,15,$SESSION1,1,TRUE,TRUE,Comment

COMMENT, Test Case 7:Affliated firm has no auction response and 2MM 2MM and custoemr is booked in sell side before the auction starts(ordes came in pre open state). Auction will start at Buy side and Sell side orders will trade and get PDPM and Price time allocations(regular)
UPDATEBOTR,$SA1,$SESSION1,$CLASS1,$CLASS1PRODUCT1,B,1.00,NYSE=10,TRUE,TRUE,Comment
UPDATEBOTR,$SA1,$SESSION1,$CLASS1,$CLASS1PRODUCT1,S,1.31,NYSE=10,TRUE,TRUE,Comment
SETPRODUCTSTATEBYPRODUCT,$SA1,$SESSION1,$CLASS1PRODUCT1,$CLASS1,1,TRUE,TRUE,Comment
PRODUCTSTATEQUERY,$SA1,$SESSION1,$CLASS1PRODUCT1,1,TRUE,TRUE,Comment
SETPRODUCTSTATEBYPRODUCT,$SA1,$SESSION1,$CLASS1PRODUCT1,$CLASS1,2,TRUE,TRUE,Comment
PRODUCTSTATEQUERY,$SA1,$SESSION1,$CLASS1PRODUCT1,2,TRUE,TRUE,Comment
TOPOFBOOKVERIFICATION,$MM1,$SESSION1,$CLASS1PRODUCT1,0,1,0,00,0,1,0,00,TRUE,TRUE,Comment
ORDER,$CUST1,$CUST1EXCHANGE,$CUST1EXECFIRM,UPT,6836,JIN,*,$CUST1EXCHANGE,$CUST1,100,$CLASS1PRODUCT1,B,2,1,30,D,21/12/2003 6:00:00.0,1,1,0,00,0,-,-,-,$CUST1,$CUST1,C,FALSE,C,U,0,-,-,$SESSION1,TRUE,TRUE,Comment
ORDER,$CUST1,$CUST1EXCHANGE,$CUST1EXECFIRM,QYA,6351,JIN,*,$CUST1EXCHANGE,$CUST1,30,$CLASS1PRODUCT1,B,2,1,30,D,21/12/2003 6:00:00.0,1,1,0,00,0,-,-,-,$CUST1,$CUST1,C,FALSE,C,U,0,-,-,$SESSION1,TRUE,TRUE,Comment
QUOTE,$MM8,2,1,00,10,2,1,20,10,$CLASS1PRODUCT1,$SESSION1,User Assigned Id..,TRUE,TRUE,Comment
ORDER,$MM4,$MM4EXCHANGE,$MM4EXECFIRM,URM,3416,ABC,*,$MM4EXCHANGE,$MM4,10,$CLASS1PRODUCT1,S,2,1,10,D,21/12/2003 6:00:00.0,1,1,0,00,0,-,-,-,$MM4,$MM4,C,FALSE,C,U,0,-,-,$SESSION1,TRUE,TRUE,Comment
ORDER,$MM5,$MM5EXCHANGE,$MM5EXECFIRM,FCP,6546,ABC,*,$MM5EXCHANGE,$MM5,50,$CLASS1PRODUCT1,S,2,1,30,D,21/12/2003 6:00:00.0,1,1,0,00,0,-,-,-,$MM5,$MM5,C,FALSE,M,U,0,-,-,$SESSION1,TRUE,TRUE,Comment
ORDER,$MM1,$MM1EXCHANGE,$MM1EXECFIRM,JXX,2137,ABC,*,$MM1EXCHANGE,$MM1,30,$CLASS1PRODUCT1,S,2,1,30,D,21/12/2003 6:00:00.0,1,1,0,00,0,-,-,-,$MM1,$MM1,C,FALSE,M,U,0,-,-,$SESSION1,TRUE,TRUE,Comment
ORDER,$MM2,$MM2EXCHANGE,$MM2EXECFIRM,RYK,8739,ABC,*,$MM2EXCHANGE,$MM2,20,$CLASS1PRODUCT1,S,2,1,30,D,21/12/2003 6:00:00.0,1,1,0,00,0,-,-,-,$MM2,$MM2,C,FALSE,M,U,0,-,-,$SESSION1,TRUE,TRUE,Comment
ORDER,$MM6,$MM6EXCHANGE,$MM6EXECFIRM,RNW,1489,ABC,*,$MM6EXCHANGE,$MM6,10,$CLASS1PRODUCT1,S,2,1,30,D,21/12/2003 6:00:00.0,1,1,0,00,0,-,-,-,$MM6,$MM6,C,FALSE,C,U,0,-,-,$SESSION1,TRUE,TRUE,Comment
ORDER,$MM7,$MM7EXCHANGE,$MM7EXECFIRM,NOO,5202,ABC,*,$MM7EXCHANGE,$MM7,10,$CLASS1PRODUCT1,S,2,1,30,D,21/12/2003 6:00:00.0,1,1,0,00,0,-,-,-,$MM7,$MM7,C,FALSE,M,U,0,-,-,$SESSION1,TRUE,TRUE,Comment
SETPRODUCTSTATEBYPRODUCT,$SA1,$SESSION1,$CLASS1PRODUCT1,$CLASS1,3,TRUE,TRUE,Comment
PRODUCTSTATEQUERY,$SA1,$SESSION1,$CLASS1PRODUCT1,3,TRUE,TRUE,Comment
PRODUCTSTATEQUERY,$SA1,$SESSION1,$CLASS1PRODUCT1,4,TRUE,TRUE,Comment
PAUSE,2000
ORDERFILLVERIFICATION,$MM4,$MM4EXCHANGE,$MM4EXECFIRM,URM,3416,ABC,*,0,0,3,10,1,2,1,23,TRUE,TRUE,Comment
ORDERFILLVERIFICATION,$CUST1,$CUST1EXCHANGE,$CUST1EXECFIRM,UPT,6836,JIN,*,0,80,1,20,2,2,1,23,TRUE,TRUE,Comment
RFPQUERY,$MM1,$SESSION1,$CLASS1PRODUCT1,$AUCTION123,B,110,2,1,23,TRUE,TRUE,Comment
PAUSE,1100
ORDERFILLVERIFICATION,$CUST1,$CUST1EXCHANGE,$CUST1EXECFIRM,UPT,6836,JIN,*,0,0,3,80,3,2,1,30,TRUE,TRUE,Comment
ORDERFILLVERIFICATION,$MM6,$MM6EXCHANGE,$MM6EXECFIRM,RNW,1489,ABC,*,0,0,3,10,1,2,1,30,TRUE,TRUE,Comment
ORDERFILLVERIFICATION,$CUST1,$CUST1EXCHANGE,$CUST1EXECFIRM,QYA,6351,JIN,*,0,0,3,30,3,2,1,30,TRUE,TRUE,Comment
ORDERFILLVERIFICATION,$MM1,$MM1EXCHANGE,$MM1EXECFIRM,JXX,2137,ABC,*,0,2,1,28,1,2,1,30,TRUE,TRUE,Comment
ORDERFILLVERIFICATION,$MM1,$MM1EXCHANGE,$MM1EXECFIRM,JXX,2137,ABC,*,0,0,3,2,1,2,1,30,TRUE,TRUE,Comment
ORDERFILLVERIFICATION,$MM2,$MM2EXCHANGE,$MM2EXECFIRM,RYK,8739,ABC,*,0,0,3,20,1,2,1,30,TRUE,TRUE,Comment
ORDERFILLVERIFICATION,$MM5,$MM5EXCHANGE,$MM5EXECFIRM,FCP,6546,ABC,*,0,8,1,42,1,2,1,30,TRUE,TRUE,Comment
ORDERFILLVERIFICATION,$MM5,$MM5EXCHANGE,$MM5EXECFIRM,FCP,6546,ABC,*,0,0,3,8,1,2,1,30,TRUE,TRUE,Comment
ORDERCANCELNOWAIT,$MM7,$MM7EXCHANGE,$MM7EXECFIRM,NOO,5202,ABC,*,10,$SESSION1,1,TRUE,TRUE,Comment
CURRENTMARKETV4BESTMARKETQUERY,$MM1,CBOE2,$CLASS1PRODUCT1,0,1,0,00,0,1,0,00,TRUE,TRUE,Comment

COMMENT, Test Case 8:Limit order with valid and matching price 2MM 2PMM 2 customer and a quote order in the book. After Hal aution ends trade will takes place at CBOE START HAL NO AUCTION RESPONSE). Auction order will trade with Customer PMM based on PMM allocation(40 and then with Price Time before HAL and After HAL regular HAL trade will takes place. Hal will end without any HAL response. One PMM will only get allocated price based on first in time sequence
UPDATEBOTR,$SA1,$SESSION1,$CLASS1,$CLASS1PRODUCT1,B,1.00,NYSE=10,TRUE,TRUE,Comment
UPDATEBOTR,$SA1,$SESSION1,$CLASS1,$CLASS1PRODUCT1,S,1.31,NYSE=10,TRUE,TRUE,Comment
SETPRODUCTSTATEBYPRODUCT,$SA1,$SESSION1,$CLASS1PRODUCT1,$CLASS1,1,TRUE,TRUE,Comment
PRODUCTSTATEQUERY,$SA1,$SESSION1,$CLASS1PRODUCT1,1,TRUE,TRUE,Comment
SETPRODUCTSTATEBYPRODUCT,$SA1,$SESSION1,$CLASS1PRODUCT1,$CLASS1,2,TRUE,TRUE,Comment
PRODUCTSTATEQUERY,$SA1,$SESSION1,$CLASS1PRODUCT1,2,TRUE,TRUE,Comment
TOPOFBOOKVERIFICATION,$MM1,$SESSION1,$CLASS1PRODUCT1,0,1,0,00,0,1,0,00,TRUE,TRUE,Comment
ORDER,$CUST1,$CUST1EXCHANGE,$CUST1EXECFIRM,INE,9327,JIN,*,$CUST1EXCHANGE,$CUST1,55,$CLASS1PRODUCT1,B,2,1,30,D,21/12/2003 6:00:00.0,1,1,0,00,0,-,-,-,$CUST1,$CUST1,C,FALSE,C,U,0,-,-,$SESSION1,TRUE,TRUE,Comment
ORDER,$MM4,$MM4EXCHANGE,$MM4EXECFIRM,HZK,9132,JIN,*,$MM4EXCHANGE,$MM4,30,$CLASS1PRODUCT1,B,2,1,35,D,21/12/2003 6:00:00.0,1,1,0,00,0,-,-,-,$MM4,$MM4,C,FALSE,M,U,0,-,-,$SESSION1,TRUE,TRUE,Comment
ORDER,$MM5,$MM5EXCHANGE,$MM5EXECFIRM,GOC,5321,ABC,*,$MM5EXCHANGE,$MM5,5,$CLASS1PRODUCT1,B,2,1,10,D,21/12/2003 6:00:00.0,1,1,0,00,0,-,-,-,$MM5,$MM5,C,FALSE,C,U,0,-,-,$SESSION1,TRUE,TRUE,Comment
ORDER,$MM6,$MM6EXCHANGE,$MM6EXECFIRM,GQM,8588,ABC,*,$MM6EXCHANGE,$MM6,25,$CLASS1PRODUCT1,S,2,1,10,D,21/12/2003 6:00:00.0,1,1,0,00,0,-,-,-,$MM6,$MM6,C,FALSE,M,U,0,-,-,$SESSION1,TRUE,TRUE,Comment
ORDER,$MM7,$MM7EXCHANGE,$MM7EXECFIRM,EKW,6569,ABC,*,$MM7EXCHANGE,$MM7,50,$CLASS1PRODUCT1,S,2,1,30,D,21/12/2003 6:00:00.0,1,1,0,00,0,-,-,-,$MM7,$MM7,C,FALSE,M,U,0,-,-,$SESSION1,TRUE,TRUE,Comment
ORDER,$MM1,$MM1EXCHANGE,$MM1EXECFIRM,MBQ,8060,ABC,*,$MM1EXCHANGE,$MM1,50,$CLASS1PRODUCT1,S,2,1,30,D,21/12/2003 6:00:00.0,1,1,0,00,0,-,-,-,$MM1,$MM1,C,FALSE,M,U,0,-,-,$SESSION1,TRUE,TRUE,Comment
ORDER,$MM1,$MM1EXCHANGE,$MM1EXECFIRM,RDO,3471,ABC,*,$MM1EXCHANGE,$MM1,50,$CLASS1PRODUCT1,S,2,1,30,D,21/12/2003 6:00:00.0,1,1,0,00,0,-,-,-,$MM1,$MM1,C,FALSE,M,U,0,-,-,$SESSION1,TRUE,TRUE,Comment
ORDER,$MM8,$MM8EXCHANGE,$MM8EXECFIRM,MDV,1023,ABC,*,$MM8EXCHANGE,$MM8,10,$CLASS1PRODUCT1,S,2,1,30,D,21/12/2003 6:00:00.0,1,1,0,00,0,-,-,-,$MM8,$MM8,C,FALSE,M,U,0,-,-,$SESSION1,TRUE,TRUE,Comment
QUOTE,$MM9,2,1,00,10,2,1,20,10,$CLASS1PRODUCT1,$SESSION1,User Assigned Id..,TRUE,TRUE,Comment
SETPRODUCTSTATEBYPRODUCT,$SA1,$SESSION1,$CLASS1PRODUCT1,$CLASS1,3,TRUE,TRUE,Comment
PRODUCTSTATEQUERY,$SA1,$SESSION1,$CLASS1PRODUCT1,3,TRUE,TRUE,Comment
PAUSE,2000
ORDERFILLVERIFICATION,$MM4,$MM4EXCHANGE,$MM4EXECFIRM,HZK,9132,JIN,*,0,0,3,30,2,2,1,23,TRUE,TRUE,Comment
ORDERFILLVERIFICATION,$MM6,$MM6EXCHANGE,$MM6EXECFIRM,GQM,8588,ABC,*,0,0,3,25,1,2,1,23,TRUE,TRUE,Comment
RFPQUERY,$MM1,$SESSION1,$CLASS1PRODUCT1,$AUCTION123,B,50,2,1,23,TRUE,TRUE,Comment
PAUSE,1100
ORDERFILLVERIFICATION,$MM1,$MM1EXCHANGE,$MM1EXECFIRM,MBQ,8060,ABC,*,0,30,1,20,1,2,1,30,TRUE,TRUE,Comment
ORDERFILLVERIFICATION,$MM7,$MM7EXCHANGE,$MM7EXECFIRM,EKW,6569,ABC,*,0,20,1,30,1,2,1,30,TRUE,TRUE,Comment
ORDERCANCELNOWAIT,$MM5,$MM5EXCHANGE,$MM5EXECFIRM,GOC,5321,ABC,*,5,$SESSION1,1,TRUE,TRUE,Comment
ORDERCANCELNOWAIT,$MM7,$MM7EXCHANGE,$MM7EXECFIRM,EKW,6569,ABC,*,20,$SESSION1,1,TRUE,TRUE,Comment
ORDERCANCELNOWAIT,$MM1,$MM1EXCHANGE,$MM1EXECFIRM,MBQ,8060,ABC,*,30,$SESSION1,1,TRUE,TRUE,Comment
ORDERCANCELNOWAIT,$MM1,$MM1EXCHANGE,$MM1EXECFIRM,RDO,3471,ABC,*,50,$SESSION1,1,TRUE,TRUE,Comment
ORDERCANCELNOWAIT,$MM8,$MM8EXCHANGE,$MM8EXECFIRM,MDV,1023,ABC,*,10,$SESSION1,1,TRUE,TRUE,Comment
QUOTECANCEL,$MM9,$SESSION1,$CLASS1PRODUCT1,2,TRUE,TRUE,Comment
QUOTECANCELVERIFICATION,$MM9,$SESSION1,$CLASS1PRODUCT1,2,TRUE,TRUE,Comment
CURRENTMARKETV4BESTMARKETQUERY,$MM1,CBOE2,$CLASS1PRODUCT1,0,1,0,00,0,1,0,00,TRUE,TRUE,Comment
TOPOFBOOKVERIFICATION,$MM1,$SESSION1,$CLASS1PRODUCT1,0,1,0,00,0,1,0,00,TRUE,TRUE,Comment

COMMENT, Test Case 9:Limit order with valid and matching price 2MM 2PMM 2 customer order in the book. Hal will trade at CBOE START HAL NO AUCTION RESPONSE). Incomming order will trade with Customer PMM based on PMM allocation and then with Price Time before HAL and After HAL regular HAL trade will takes place. Hal will end without any HAL response. Both PMM will only get allocated price based on first in time sequence
UPDATEBOTR,$SA1,$SESSION1,$CLASS1,$CLASS1PRODUCT1,B,1.00,NYSE=10,TRUE,TRUE,Comment
UPDATEBOTR,$SA1,$SESSION1,$CLASS1,$CLASS1PRODUCT1,S,1.31,NYSE=10,TRUE,TRUE,Comment
SETPRODUCTSTATEBYPRODUCT,$SA1,$SESSION1,$CLASS1PRODUCT1,$CLASS1,1,TRUE,TRUE,Comment
PRODUCTSTATEQUERY,$SA1,$SESSION1,$CLASS1PRODUCT1,1,TRUE,TRUE,Comment
SETPRODUCTSTATEBYPRODUCT,$SA1,$SESSION1,$CLASS1PRODUCT1,$CLASS1,2,TRUE,TRUE,Comment
PRODUCTSTATEQUERY,$SA1,$SESSION1,$CLASS1PRODUCT1,2,TRUE,TRUE,Comment
TOPOFBOOKVERIFICATION,$MM1,$SESSION1,$CLASS1PRODUCT1,0,1,0,00,0,1,0,00,TRUE,TRUE,Comment
ORDER,$CUST1,$CUST1EXCHANGE,$CUST1EXECFIRM,VQD,5398,JIN,*,$CUST1EXCHANGE,$CUST1,100,$CLASS1PRODUCT1,B,2,1,30,D,21/12/2003 6:00:00.0,1,1,0,00,0,-,-,-,$CUST1,$CUST1,C,FALSE,C,U,0,-,-,$SESSION1,TRUE,TRUE,Comment
ORDER,$MM3,$MM3EXCHANGE,$MM3EXECFIRM,RYR,9249,ABC,*,$MM3EXCHANGE,$MM3,30,$CLASS1PRODUCT1,B,2,1,35,D,21/12/2003 6:00:00.0,1,1,0,00,0,-,-,-,$MM3,$MM3,C,FALSE,M,U,0,-,-,$SESSION1,TRUE,TRUE,Comment
ORDER,$MM5,$MM5EXCHANGE,$MM5EXECFIRM,WTK,8252,ABC,*,$MM5EXCHANGE,$MM5,10,$CLASS1PRODUCT1,B,2,1,15,D,21/12/2003 6:00:00.0,1,1,0,00,0,-,-,-,$MM5,$MM5,C,FALSE,M,U,0,-,-,$SESSION1,TRUE,TRUE,Comment
ORDER,$MM6,$MM6EXCHANGE,$MM6EXECFIRM,CMD,7257,ABC,*,$MM6EXCHANGE,$MM6,25,$CLASS1PRODUCT1,S,2,1,10,D,21/12/2003 6:00:00.0,1,1,0,00,0,-,-,-,$MM6,$MM6,C,FALSE,C,U,0,-,-,$SESSION1,TRUE,TRUE,Comment
ORDER,$MM7,$MM7EXCHANGE,$MM7EXECFIRM,PLM,8481,ABC,*,$MM7EXCHANGE,$MM7,30,$CLASS1PRODUCT1,S,2,1,30,D,21/12/2003 6:00:00.0,1,1,0,00,0,-,-,-,$MM7,$MM7,C,FALSE,M,U,0,-,-,$SESSION1,TRUE,TRUE,Comment
ORDER,$MM1,$MM1EXCHANGE,$MM1EXECFIRM,JWI,2660,ABC,*,$MM1EXCHANGE,$MM1,30,$CLASS1PRODUCT1,S,2,1,30,D,21/12/2003 6:00:00.0,1,1,0,00,0,-,-,-,$MM1,$MM1,C,FALSE,M,U,0,-,-,$SESSION1,TRUE,TRUE,Comment
ORDER,$MM2,$MM2EXCHANGE,$MM2EXECFIRM,BES,613,ABC,*,$MM2EXCHANGE,$MM2,15,$CLASS1PRODUCT1,S,2,1,30,D,21/12/2003 6:00:00.0,1,1,0,00,0,-,-,-,$MM2,$MM2,C,FALSE,M,U,0,-,-,$SESSION1,TRUE,TRUE,Comment
ORDER,$MM8,$MM8EXCHANGE,$MM8EXECFIRM,HYX,5773,ABC,*,$MM8EXCHANGE,$MM8,10,$CLASS1PRODUCT1,S,2,1,30,D,21/12/2003 6:00:00.0,1,1,0,00,0,-,-,-,$MM8,$MM8,C,FALSE,C,U,0,-,-,$SESSION1,TRUE,TRUE,Comment
ORDER,$MM3,$MM3EXCHANGE,$MM3EXECFIRM,IVU,7882,ABC,*,$MM3EXCHANGE,$MM3,10,$CLASS1PRODUCT1,S,2,1,30,D,21/12/2003 6:00:00.0,1,1,0,00,0,-,-,-,$MM3,$MM3,C,FALSE,C,U,0,-,-,$SESSION1,TRUE,TRUE,Comment
QUOTE,$MM9,2,1,00,10,2,1,20,10,$CLASS1PRODUCT1,$SESSION1,User Assigned Id..,TRUE,TRUE,Comment
SETPRODUCTSTATEBYPRODUCT,$SA1,$SESSION1,$CLASS1PRODUCT1,$CLASS1,3,TRUE,TRUE,Comment
PRODUCTSTATEQUERY,$SA1,$SESSION1,$CLASS1PRODUCT1,3,TRUE,TRUE,Comment
PRODUCTSTATEQUERY,$SA1,$SESSION1,$CLASS1PRODUCT1,4,TRUE,TRUE,Comment
PAUSE,2000
ORDERFILLVERIFICATION,$MM3,$MM3EXCHANGE,$MM3EXECFIRM,RYR,9249,ABC,*,0,0,3,30,2,2,1,23,TRUE,TRUE,Comment
ORDERFILLVERIFICATION,$CUST1,$CUST1EXCHANGE,$CUST1EXECFIRM,VQD,5398,JIN,*,0,95,1,5,1,2,1,23,TRUE,TRUE,Comment
ORDERFILLVERIFICATION,$MM6,$MM6EXCHANGE,$MM6EXECFIRM,CMD,7257,ABC,*,0,0,3,25,1,2,1,23,TRUE,TRUE,Comment
RFPQUERY,$MM1,$SESSION1,$CLASS1PRODUCT1,$AUCTION123,B,95,2,1,23,TRUE,TRUE,Comment
PAUSE,1100
ORDERFILLVERIFICATION,$CUST1,$CUST1EXCHANGE,$CUST1EXECFIRM,VQD,5398,JIN,*,0,0,3,95,5,2,1,30,TRUE,TRUE,Comment
ORDERFILLVERIFICATION,$MM8,$MM8EXCHANGE,$MM8EXECFIRM,HYX,5773,ABC,*,0,0,3,10,1,2,1,30,TRUE,TRUE,Comment
ORDERFILLVERIFICATION,$MM3,$MM3EXCHANGE,$MM3EXECFIRM,IVU,7882,ABC,*,0,0,3,10,1,2,1,30,TRUE,TRUE,Comment
ORDERFILLVERIFICATION,$MM1,$MM1EXCHANGE,$MM1EXECFIRM,JWI,2660,ABC,*,0,0,3,30,1,2,1,30,TRUE,TRUE,Comment
ORDERFILLVERIFICATION,$MM7,$MM7EXCHANGE,$MM7EXECFIRM,PLM,8481,ABC,*,0,0,3,30,1,2,1,30,TRUE,TRUE,Comment
ORDERFILLVERIFICATION,$MM2,$MM2EXCHANGE,$MM2EXECFIRM,BES,613,ABC,*,0,0,3,15,1,2,1,30,TRUE,TRUE,Comment
ORDERCANCELNOWAIT,$MM5,$MM5EXCHANGE,$MM5EXECFIRM,WTK,8252,ABC,*,10,$SESSION1,1,TRUE,TRUE,Comment
QUOTECANCEL,$MM9,$SESSION1,$CLASS1PRODUCT1,2,TRUE,TRUE,Comment
QUOTECANCELVERIFICATION,$MM9,$SESSION1,$CLASS1PRODUCT1,2,TRUE,TRUE,Comment
CURRENTMARKETV4BESTMARKETQUERY,$MM1,CBOE2,$CLASS1PRODUCT1,0,1,0,00,0,1,0,00,TRUE,TRUE,Comment
TOPOFBOOKVERIFICATION,$MM1,$SESSION1,$CLASS1PRODUCT1,0,1,0,00,0,1,0,00,TRUE,TRUE,Comment

COMMENT, Test Case 10:HalO will trade at CBOE START HALO and AUCTION RESPONSE will enter). HALO Auction will be end premeturely. Incomming order will trade with Customer PMM based on PMM allocation (50%)and then with Price Time
UPDATEBOTR,$SA1,$SESSION1,$CLASS1,$CLASS1PRODUCT1,B,1.00,NYSE=10,TRUE,TRUE,Comment
UPDATEBOTR,$SA1,$SESSION1,$CLASS1,$CLASS1PRODUCT1,S,1.31,NYSE=10,TRUE,TRUE,Comment
UPDATEBOTR,$SA1,$SESSION1,$CLASS1,$CLASS1PRODUCT1,B,1.00,AMEX=10,TRUE,TRUE,Comment
UPDATEBOTR,$SA1,$SESSION1,$CLASS1,$CLASS1PRODUCT1,S,1.32,AMEX=10,TRUE,TRUE,Comment
SETPRODUCTSTATEBYPRODUCT,$SA1,$SESSION1,$CLASS1PRODUCT1,$CLASS1,1,TRUE,TRUE,Comment
PRODUCTSTATEQUERY,$SA1,$SESSION1,$CLASS1PRODUCT1,1,TRUE,TRUE,Comment
SETPRODUCTSTATEBYPRODUCT,$SA1,$SESSION1,$CLASS1PRODUCT1,$CLASS1,2,TRUE,TRUE,Comment
PRODUCTSTATEQUERY,$SA1,$SESSION1,$CLASS1PRODUCT1,2,TRUE,TRUE,Comment
ORDER,$CUST1,$CUST1EXCHANGE,$CUST1EXECFIRM,IKG,4287,JIN,*,$CUST1EXCHANGE,$CUST1,55,$CLASS1PRODUCT1,B,2,1,30,D,21/12/2003 6:00:00.0,1,1,0,00,0,-,-,-,$CUST1,$CUST1,C,FALSE,C,U,0,-,-,$SESSION1,TRUE,TRUE,Comment
ORDER,$MM4,$MM4EXCHANGE,$MM4EXECFIRM,NUF,8031,ABC,*,$MM4EXCHANGE,$MM4,30,$CLASS1PRODUCT1,B,2,1,35,D,21/12/2003 6:00:00.0,1,1,0,00,0,-,-,-,$MM4,$MM4,C,FALSE,M,U,0,-,-,$SESSION1,TRUE,TRUE,Comment
ORDER,$MM5,$MM5EXCHANGE,$MM5EXECFIRM,WRE,1326,ABC,*,$MM5EXCHANGE,$MM5,5,$CLASS1PRODUCT1,B,2,1,10,D,21/12/2003 6:00:00.0,1,1,0,00,0,-,-,-,$MM5,$MM5,C,FALSE,M,U,0,-,-,$SESSION1,TRUE,TRUE,Comment
ORDER,$MM3,$MM3EXCHANGE,$MM3EXECFIRM,JVN,8830,ABC,*,$MM3EXCHANGE,$MM3,25,$CLASS1PRODUCT1,S,2,1,10,D,21/12/2003 6:00:00.0,1,1,0,00,0,-,-,-,$MM3,$MM3,C,FALSE,M,U,0,-,-,$SESSION1,TRUE,TRUE,Comment
ORDER,$MM7,$MM7EXCHANGE,$MM7EXECFIRM,MGC,7711,ABC,*,$MM7EXCHANGE,$MM7,50,$CLASS1PRODUCT1,S,2,1,30,D,21/12/2003 6:00:00.0,1,1,0,00,0,-,-,-,$MM7,$MM7,C,FALSE,M,U,0,-,-,$SESSION1,TRUE,TRUE,Comment
ORDER,$MM1,$MM1EXCHANGE,$MM1EXECFIRM,YQT,417,ABC,*,$MM1EXCHANGE,$MM1,50,$CLASS1PRODUCT1,S,2,1,30,D,21/12/2003 6:00:00.0,1,1,0,00,0,-,-,-,$MM1,$MM1,C,FALSE,M,U,0,-,-,$SESSION1,TRUE,TRUE,Comment
ORDER,$MM3,$MM3EXCHANGE,$MM3EXECFIRM,RHL,1758,ABC,*,$MM3EXCHANGE,$MM3,10,$CLASS1PRODUCT1,S,2,1,30,D,21/12/2003 6:00:00.0,1,1,0,00,0,-,-,-,$MM3,$MM3,C,FALSE,C,U,0,-,-,$SESSION1,TRUE,TRUE,Comment
QUOTE,$MM9,2,1,00,10,2,1,20,10,$CLASS1PRODUCT1,$SESSION1,User Assigned Id..,TRUE,TRUE,Comment
QUOTE,$MM4,2,1,00,10,2,1,30,10,$CLASS1PRODUCT1,$SESSION1,User Assigned Id..,TRUE,TRUE,Comment
SETPRODUCTSTATEBYPRODUCT,$SA1,$SESSION1,$CLASS1PRODUCT1,$CLASS1,3,TRUE,TRUE,Comment
PRODUCTSTATEQUERY,$SA1,$SESSION1,$CLASS1PRODUCT1,3,TRUE,TRUE,Comment
PRODUCTSTATEQUERY,$SA1,$SESSION1,$CLASS1PRODUCT1,4,TRUE,TRUE,Comment
PAUSE,2000
ORDERFILLVERIFICATION,$CUST1,$CUST1EXCHANGE,$CUST1EXECFIRM,IKG,4287,JIN,*,0,50,1,5,1,2,1,23,TRUE,TRUE,Comment
ORDERFILLVERIFICATION,$MM4,$MM4EXCHANGE,$MM4EXECFIRM,NUF,8031,ABC,*,0,0,3,30,2,2,1,23,TRUE,TRUE,Comment
RFPQUERY,$MM1,$SESSION1,$CLASS1PRODUCT1,$AUCTION123,B,50,2,1,23,TRUE,TRUE,Comment
PAUSE,1100
QUOTE,$MM4,2,1,00,100,2,1,30,100,$CLASS1PRODUCT1,$SESSION1,User Assigned Id..,TRUE,TRUE,Comment
PAUSE,2000
ORDERFILLVERIFICATION,$MM3,$MM3EXCHANGE,$MM3EXECFIRM,RHL,1758,ABC,*,0,0,3,10,1,2,1,30,TRUE,TRUE,Comment
ORDERFILLVERIFICATION,$CUST1,$CUST1EXCHANGE,$CUST1EXECFIRM,IKG,4287,JIN,*,0,0,3,50,3,2,1,30,TRUE,TRUE,Comment
ORDERFILLVERIFICATION,$MM1,$MM1EXCHANGE,$MM1EXECFIRM,YQT,417,ABC,*,0,34,1,16,1,2,1,30,TRUE,TRUE,Comment
ORDERFILLVERIFICATION,$MM7,$MM7EXCHANGE,$MM7EXECFIRM,MGC,7711,ABC,*,0,26,1,24,1,2,1,30,TRUE,TRUE,Comment
QUOTECANCEL,$MM9,$SESSION1,$CLASS1PRODUCT1,2,TRUE,TRUE,Comment
QUOTECANCELVERIFICATION,$MM9,$SESSION1,$CLASS1PRODUCT1,2,TRUE,TRUE,Comment
QUOTECANCEL,$MM4,$SESSION1,$CLASS1PRODUCT1,2,TRUE,TRUE,Comment
QUOTECANCELVERIFICATION,$MM4,$SESSION1,$CLASS1PRODUCT1,2,TRUE,TRUE,Comment
ORDERCANCELNOWAIT,$MM1,$MM1EXCHANGE,$MM1EXECFIRM,YQT,417,ABC,*,34,$SESSION1,1,TRUE,TRUE,Comment
ORDERCANCELNOWAIT,$MM7,$MM7EXCHANGE,$MM7EXECFIRM,MGC,7711,ABC,*,26,$SESSION1,1,TRUE,TRUE,Comment
ORDERCANCELNOWAIT,$MM5,$MM5EXCHANGE,$MM5EXECFIRM,WRE,1326,ABC,*,5,$SESSION1,1,TRUE,TRUE,Comment
TOPOFBOOKVERIFICATION,$MM1,$SESSION1,$CLASS1PRODUCT1,0,1,0,00,0,1,0,00,TRUE,TRUE,Comment

COMMENT, Test Case 11:Limit order with valid quotes and matching resting customer orders in the book. Hal will trade at CBOE START HAL NO AUCTION RESPONSE). Incomming order will trade with Customer PMM based on PMM allocation (50%)and then with Price Time
UPDATEBOTR,$SA1,$SESSION1,$CLASS1,$CLASS1PRODUCT1,B,1.00,NYSE=10,TRUE,TRUE,Comment
UPDATEBOTR,$SA1,$SESSION1,$CLASS1,$CLASS1PRODUCT1,S,1.31,NYSE=10,TRUE,TRUE,Comment
SETPRODUCTSTATEBYPRODUCT,$SA1,$SESSION1,$CLASS1PRODUCT1,$CLASS1,1,TRUE,TRUE,Comment
PRODUCTSTATEQUERY,$SA1,$SESSION1,$CLASS1PRODUCT1,1,TRUE,TRUE,Comment
SETPRODUCTSTATEBYPRODUCT,$SA1,$SESSION1,$CLASS1PRODUCT1,$CLASS1,2,TRUE,TRUE,Comment
PRODUCTSTATEQUERY,$SA1,$SESSION1,$CLASS1PRODUCT1,2,TRUE,TRUE,Comment
ORDER,$CUST1,$CUST1EXCHANGE,$CUST1EXECFIRM,SHT,3999,JIN,*,$CUST1EXCHANGE,$CUST1,55,$CLASS1PRODUCT1,B,2,1,30,D,21/12/2003 6:00:00.0,1,1,0,00,0,-,-,-,$CUST1,$CUST1,C,FALSE,C,U,0,-,-,$SESSION1,TRUE,TRUE,Comment
ORDER,$CUST1,$CUST1EXCHANGE,$CUST1EXECFIRM,NTV,2413,JIN,*,$CUST1EXCHANGE,$CUST1,30,$CLASS1PRODUCT1,B,2,1,35,D,21/12/2003 6:00:00.0,1,1,0,00,0,-,-,-,$CUST1,$CUST1,C,FALSE,C,U,0,-,-,$SESSION1,TRUE,TRUE,Comment
ORDER,$MM3,$MM3EXCHANGE,$MM3EXECFIRM,MBF,9014,ABC,*,$MM3EXCHANGE,$MM3,5,$CLASS1PRODUCT1,B,2,1,10,D,21/12/2003 6:00:00.0,1,1,0,00,0,-,-,-,$MM3,$MM3,C,FALSE,M,U,0,-,-,$SESSION1,TRUE,TRUE,Comment
ORDER,$MM4,$MM4EXCHANGE,$MM4EXECFIRM,IAH,4063,ABC,*,$MM4EXCHANGE,$MM4,10,$CLASS1PRODUCT1,S,2,1,10,D,21/12/2003 6:00:00.0,1,1,0,00,0,-,-,-,$MM4,$MM4,C,FALSE,M,U,0,-,-,$SESSION1,TRUE,TRUE,Comment
ORDER,$MM2,$MM2EXCHANGE,$MM2EXECFIRM,WQP,3294,ABC,*,$MM2EXCHANGE,$MM2,10,$CLASS1PRODUCT1,S,2,1,10,D,21/12/2003 6:00:00.0,1,1,0,00,0,-,-,-,$MM2,$MM2,C,FALSE,M,U,0,-,-,$SESSION1,TRUE,TRUE,Comment
ORDER,$MM5,$MM5EXCHANGE,$MM5EXECFIRM,QUP,3838,ABC,*,$MM5EXCHANGE,$MM5,10,$CLASS1PRODUCT1,S,2,1,30,D,21/12/2003 6:00:00.0,1,1,0,00,0,-,-,-,$MM5,$MM5,C,FALSE,M,U,0,-,-,$SESSION1,TRUE,TRUE,Comment
ORDER,$MM6,$MM6EXCHANGE,$MM6EXECFIRM,JZT,3322,ABC,*,$MM6EXCHANGE,$MM6,20,$CLASS1PRODUCT1,S,2,1,30,D,21/12/2003 6:00:00.0,1,1,0,00,0,-,-,-,$MM6,$MM6,C,FALSE,M,U,0,-,-,$SESSION1,TRUE,TRUE,Comment
ORDER,$MM1,$MM1EXCHANGE,$MM1EXECFIRM,KWW,4710,ABC,*,$MM1EXCHANGE,$MM1,20,$CLASS1PRODUCT1,S,2,1,30,D,21/12/2003 6:00:00.0,1,1,0,00,0,-,-,-,$MM1,$MM1,C,FALSE,M,U,0,-,-,$SESSION1,TRUE,TRUE,Comment
ORDER,$MM7,$MM7EXCHANGE,$MM7EXECFIRM,UCG,4146,ABC,*,$MM7EXCHANGE,$MM7,5,$CLASS1PRODUCT1,S,2,1,30,D,21/12/2003 6:00:00.0,1,1,0,00,0,-,-,-,$MM7,$MM7,C,FALSE,C,U,0,-,-,$SESSION1,TRUE,TRUE,Comment
QUOTE,$MM8,2,1,00,10,2,1,20,10,$CLASS1PRODUCT1,$SESSION1,User Assigned Id..,TRUE,TRUE,Comment
SETPRODUCTSTATEBYPRODUCT,$SA1,$SESSION1,$CLASS1PRODUCT1,$CLASS1,3,TRUE,TRUE,Comment
PRODUCTSTATEQUERY,$SA1,$SESSION1,$CLASS1PRODUCT1,3,TRUE,TRUE,Comment
PRODUCTSTATEQUERY,$SA1,$SESSION1,$CLASS1PRODUCT1,4,TRUE,TRUE,Comment
PAUSE,2000
ORDERFILLVERIFICATION,$MM2,$MM2EXCHANGE,$MM2EXECFIRM,WQP,3294,ABC,*,0,0,3,10,1,2,1,23,TRUE,TRUE,Comment
ORDERFILLVERIFICATION,$MM4,$MM4EXCHANGE,$MM4EXECFIRM,IAH,4063,ABC,*,0,0,3,10,1,2,1,23,TRUE,TRUE,Comment
ORDERFILLVERIFICATION,$CUST1,$CUST1EXCHANGE,$CUST1EXECFIRM,NTV,2413,JIN,*,0,0,3,30,3,2,1,23,TRUE,TRUE,Comment
RFPQUERY,$MM1,$SESSION1,$CLASS1PRODUCT1,$AUCTION123,B,55,2,1,23,TRUE,TRUE,Comment
PAUSE,1100
ORDERFILLVERIFICATION,$MM7,$MM7EXCHANGE,$MM7EXECFIRM,UCG,4146,ABC,*,0,0,3,5,1,2,1,30,TRUE,TRUE,Comment
ORDERFILLVERIFICATION,$CUST1,$CUST1EXCHANGE,$CUST1EXECFIRM,SHT,3999,JIN,*,0,0,3,55,4,2,1,30,TRUE,TRUE,Comment
ORDERFILLVERIFICATION,$MM1,$MM1EXCHANGE,$MM1EXECFIRM,KWW,4710,ABC,*,0,0,3,20,1,2,1,30,TRUE,TRUE,Comment
ORDERFILLVERIFICATION,$MM5,$MM5EXCHANGE,$MM5EXECFIRM,QUP,3838,ABC,*,0,0,3,10,1,2,1,30,TRUE,TRUE,Comment
ORDERFILLVERIFICATION,$MM6,$MM6EXCHANGE,$MM6EXECFIRM,JZT,3322,ABC,*,0,0,3,20,1,2,1,30,TRUE,TRUE,Comment
QUOTECANCEL,$MM8,$SESSION1,$CLASS1PRODUCT1,2,TRUE,TRUE,Comment
QUOTECANCELVERIFICATION,$MM8,$SESSION1,$CLASS1PRODUCT1,2,TRUE,TRUE,Comment
ORDERCANCELNOWAIT,$MM3,$MM3EXCHANGE,$MM3EXECFIRM,MBF,9014,ABC,*,5,$SESSION1,1,TRUE,TRUE,Comment

COMMENT, Test Case 12:Enter quote like order during HALO Auction CBOE becomes NBBO and trades with updated cboe quote Incomming order will trade with Customer PMM based on PMM allocation (50%)and then with Price Time
UPDATEBOTR,$SA1,$SESSION1,$CLASS1,$CLASS1PRODUCT1,B,1.00,NYSE=10,TRUE,TRUE,Comment
UPDATEBOTR,$SA1,$SESSION1,$CLASS1,$CLASS1PRODUCT1,S,1.30,NYSE=10,TRUE,TRUE,Comment
SETPRODUCTSTATEBYPRODUCT,$SA1,$SESSION1,$CLASS1PRODUCT1,$CLASS1,1,TRUE,TRUE,Comment
PRODUCTSTATEQUERY,$SA1,$SESSION1,$CLASS1PRODUCT1,1,TRUE,TRUE,Comment
SETPRODUCTSTATEBYPRODUCT,$SA1,$SESSION1,$CLASS1PRODUCT1,$CLASS1,2,TRUE,TRUE,Comment
PRODUCTSTATEQUERY,$SA1,$SESSION1,$CLASS1PRODUCT1,2,TRUE,TRUE,Comment
ORDER,$CUST1,$CUST1EXCHANGE,$CUST1EXECFIRM,KHB,233,JIN,*,$CUST1EXCHANGE,$CUST1,50,$CLASS1PRODUCT1,B,2,1,30,D,21/12/2003 6:00:00.0,1,1,0,00,0,-,-,-,$CUST1,$CUST1,C,FALSE,C,U,0,-,-,$SESSION1,TRUE,TRUE,Comment
ORDER,$MM5,$MM5EXCHANGE,$MM5EXECFIRM,OSU,1015,ABC,*,$MM5EXCHANGE,$MM5,5,$CLASS1PRODUCT1,B,2,1,10,D,21/12/2003 6:00:00.0,1,1,0,00,0,-,-,-,$MM5,$MM5,C,FALSE,M,U,0,-,-,$SESSION1,TRUE,TRUE,Comment
ORDER,$MM3,$MM3EXCHANGE,$MM3EXECFIRM,YOU,9224,ABC,*,$MM3EXCHANGE,$MM3,20,$CLASS1PRODUCT1,S,2,1,30,D,21/12/2003 6:00:00.0,1,1,0,00,0,-,-,-,$MM3,$MM3,C,FALSE,M,U,0,-,-,$SESSION1,TRUE,TRUE,Comment
ORDER,$MM7,$MM7EXCHANGE,$MM7EXECFIRM,SBB,7315,ABC,*,$MM7EXCHANGE,$MM7,10,$CLASS1PRODUCT1,S,2,1,30,D,21/12/2003 6:00:00.0,1,1,0,00,0,-,-,-,$MM7,$MM7,C,FALSE,C,U,0,-,-,$SESSION1,TRUE,TRUE,Comment
ORDER,$MM1,$MM1EXCHANGE,$MM1EXECFIRM,UMV,1223,ABC,*,$MM1EXCHANGE,$MM1,50,$CLASS1PRODUCT1,S,2,1,30,D,21/12/2003 6:00:00.0,1,1,0,00,0,-,-,-,$MM1,$MM1,C,FALSE,M,U,0,-,-,$SESSION1,TRUE,TRUE,Comment
QUOTE,$MM9,2,1,00,10,2,1,20,10,$CLASS1PRODUCT1,$SESSION1,User Assigned Id..,TRUE,TRUE,Comment
SETPRODUCTSTATEBYPRODUCT,$SA1,$SESSION1,$CLASS1PRODUCT1,$CLASS1,3,TRUE,TRUE,Comment
PRODUCTSTATEQUERY,$SA1,$SESSION1,$CLASS1PRODUCT1,3,TRUE,TRUE,Comment
PRODUCTSTATEQUERY,$SA1,$SESSION1,$CLASS1PRODUCT1,4,TRUE,TRUE,Comment
PAUSE,2000
ORDERFILLVERIFICATION,$CUST1,$CUST1EXCHANGE,$CUST1EXECFIRM,KHB,233,JIN,*,0,40,1,10,1,2,1,23,TRUE,TRUE,Comment
RFPQUERY,$MM1,$SESSION1,$CLASS1PRODUCT1,$AUCTION123,B,40,2,1,23,TRUE,TRUE,Comment
PAUSE,1100
ORDER,$MM5,$MM5EXCHANGE,$MM5EXECFIRM,TAO,5874,ABC,*,$MM5EXCHANGE,$MM5,20,$CLASS1PRODUCT1,S,2,1,15,D,21/12/2003 6:00:00.0,1,1,0,00,0,-,-,-,$MM5,$MM5,C,FALSE,I,U,0,-,-,$SESSION1,TRUE,TRUE,Comment
UPDATEBOTR,$SA1,$SESSION1,$CLASS1,$CLASS1PRODUCT1,B,1.00,NYSE=10,TRUE,TRUE,Comment
UPDATEBOTR,$SA1,$SESSION1,$CLASS1,$CLASS1PRODUCT1,S,1.31,NYSE=10,TRUE,TRUE,Comment
ORDERFILLVERIFICATION,$CUST1,$CUST1EXCHANGE,$CUST1EXECFIRM,KHB,233,JIN,*,0,20,1,20,1,2,1,15,TRUE,TRUE,Comment
ORDERFILLVERIFICATION,$CUST1,$CUST1EXCHANGE,$CUST1EXECFIRM,KHB,233,JIN,*,0,0,3,20,3,2,1,30,TRUE,TRUE,Comment
ORDERFILLVERIFICATION,$MM5,$MM5EXCHANGE,$MM5EXECFIRM,TAO,5874,ABC,*,0,0,3,20,1,2,1,15,TRUE,TRUE,Comment
ORDERFILLVERIFICATION,$MM7,$MM7EXCHANGE,$MM7EXECFIRM,SBB,7315,ABC,*,0,0,3,10,1,2,1,30,TRUE,TRUE,Comment
ORDERFILLVERIFICATION,$MM1,$MM1EXCHANGE,$MM1EXECFIRM,UMV,1223,ABC,*,0,45,1,5,1,2,1,30,TRUE,TRUE,Comment
ORDERFILLVERIFICATION,$MM3,$MM3EXCHANGE,$MM3EXECFIRM,YOU,9224,ABC,*,0,15,1,5,1,2,1,30,TRUE,TRUE,Comment
QUOTECANCEL,$MM9,$SESSION1,$CLASS1PRODUCT1,2,TRUE,TRUE,Comment
QUOTECANCELVERIFICATION,$MM9,$SESSION1,$CLASS1PRODUCT1,2,TRUE,TRUE,Comment
ORDERCANCELNOWAIT,$MM1,$MM1EXCHANGE,$MM1EXECFIRM,UMV,1223,ABC,*,45,$SESSION1,1,TRUE,TRUE,Comment
ORDERCANCELNOWAIT,$MM3,$MM3EXCHANGE,$MM3EXECFIRM,YOU,9224,ABC,*,15,$SESSION1,1,TRUE,TRUE,Comment
ORDERCANCELNOWAIT,$MM5,$MM5EXCHANGE,$MM5EXECFIRM,OSU,1015,ABC,*,5,$SESSION1,1,TRUE,TRUE,Comment
TOPOFBOOKVERIFICATION,$MM1,$SESSION1,$CLASS1PRODUCT1,0,1,0,00,0,1,0,00,TRUE,TRUE,Comment

COMMENT, Test Case 13:Limit order with valid and matching price. 2 PMM in different price point and PMM 1 will trade in HALO(opening state and PMM allocation takes place and PMM 2 will trade after HAL auction end. 50 PMM allocation takes place in both side
UPDATEBOTR,$SA1,$SESSION1,$CLASS1,$CLASS1PRODUCT1,B,1.00,NYSE=10,TRUE,TRUE,Comment
UPDATEBOTR,$SA1,$SESSION1,$CLASS1,$CLASS1PRODUCT1,S,1.31,NYSE=10,TRUE,TRUE,Comment
SETPRODUCTSTATEBYPRODUCT,$SA1,$SESSION1,$CLASS1PRODUCT1,$CLASS1,1,TRUE,TRUE,Comment
PRODUCTSTATEQUERY,$SA1,$SESSION1,$CLASS1PRODUCT1,1,TRUE,TRUE,Comment
SETPRODUCTSTATEBYPRODUCT,$SA1,$SESSION1,$CLASS1PRODUCT1,$CLASS1,2,TRUE,TRUE,Comment
PRODUCTSTATEQUERY,$SA1,$SESSION1,$CLASS1PRODUCT1,2,TRUE,TRUE,Comment
TOPOFBOOKVERIFICATION,$MM1,$SESSION1,$CLASS1PRODUCT1,0,1,0,00,0,1,0,00,TRUE,TRUE,Comment
ORDER,$CUST1,$CUST1EXCHANGE,$CUST1EXECFIRM,EIB,6028,JIN,*,$CUST1EXCHANGE,$CUST1,50,$CLASS1PRODUCT1,B,2,1,30,D,21/12/2003 6:00:00.0,1,1,0,00,0,-,-,-,$CUST1,$CUST1,C,FALSE,C,U,0,-,-,$SESSION1,TRUE,TRUE,Comment
ORDER,$CUST1,$CUST1EXCHANGE,$CUST1EXECFIRM,CNK,3200,JIN,*,$CUST1EXCHANGE,$CUST1,30,$CLASS1PRODUCT1,B,2,1,35,D,21/12/2003 6:00:00.0,1,1,0,00,0,-,-,-,$CUST1,$CUST1,C,FALSE,C,U,0,-,-,$SESSION1,TRUE,TRUE,Comment
ORDER,$MM5,$MM5EXCHANGE,$MM5EXECFIRM,YTT,3158,ABC,*,$MM5EXCHANGE,$MM5,5,$CLASS1PRODUCT1,B,2,1,10,D,21/12/2003 6:00:00.0,1,1,0,00,0,-,-,-,$MM5,$MM5,C,FALSE,M,U,0,-,-,$SESSION1,TRUE,TRUE,Comment
ORDER,$MM2,$MM2EXCHANGE,$MM2EXECFIRM,LNT,8729,ABC,*,$MM2EXCHANGE,$MM2,10,$CLASS1PRODUCT1,S,2,1,10,D,21/12/2003 6:00:00.0,1,1,0,00,0,-,-,-,$MM2,$MM2,C,FALSE,M,U,0,-,-,$SESSION1,TRUE,TRUE,Comment
ORDER,$MM1,$MM1EXCHANGE,$MM1EXECFIRM,NLQ,9534,ABC,*,$MM1EXCHANGE,$MM1,20,$CLASS1PRODUCT1,S,2,1,10,D,21/12/2003 6:00:00.0,1,1,0,00,0,-,-,-,$MM1,$MM1,C,FALSE,M,U,0,-,-,$SESSION1,TRUE,TRUE,Comment
ORDER,$MM7,$MM7EXCHANGE,$MM7EXECFIRM,EOY,3656,ABC,*,$MM7EXCHANGE,$MM7,50,$CLASS1PRODUCT1,S,2,1,30,D,21/12/2003 6:00:00.0,1,1,0,00,0,-,-,-,$MM7,$MM7,C,FALSE,M,U,0,-,-,$SESSION1,TRUE,TRUE,Comment
ORDER,$MM2,$MM2EXCHANGE,$MM2EXECFIRM,TCZ,6217,ABC,*,$MM2EXCHANGE,$MM2,50,$CLASS1PRODUCT1,S,2,1,30,D,21/12/2003 6:00:00.0,1,1,0,00,0,-,-,-,$MM2,$MM2,C,FALSE,M,U,0,-,-,$SESSION1,TRUE,TRUE,Comment
QUOTE,$MM8,2,1,00,10,2,1,20,10,$CLASS1PRODUCT1,$SESSION1,User Assigned Id..,TRUE,TRUE,Comment
SETPRODUCTSTATEBYPRODUCT,$SA1,$SESSION1,$CLASS1PRODUCT1,$CLASS1,3,TRUE,TRUE,Comment
PRODUCTSTATEQUERY,$SA1,$SESSION1,$CLASS1PRODUCT1,3,TRUE,TRUE,Comment
PRODUCTSTATEQUERY,$SA1,$SESSION1,$CLASS1PRODUCT1,4,TRUE,TRUE,Comment
PAUSE,2000
ORDERFILLVERIFICATION,$CUST1,$CUST1EXCHANGE,$CUST1EXECFIRM,CNK,3200,JIN,*,0,0,3,30,2,2,1,23,TRUE,TRUE,Comment
ORDERFILLVERIFICATION,$MM2,$MM2EXCHANGE,$MM2EXECFIRM,LNT,8729,ABC,*,0,0,3,10,1,2,1,23,TRUE,TRUE,Comment
ORDERFILLVERIFICATION,$MM1,$MM1EXCHANGE,$MM1EXECFIRM,NLQ,9534,ABC,*,0,0,3,20,1,2,1,23,TRUE,TRUE,Comment
RFPQUERY,$MM1,$SESSION1,$CLASS1PRODUCT1,$AUCTION123,B,40,2,1,23,TRUE,TRUE,Comment
PAUSE,1100
ORDERFILLVERIFICATION,$CUST1,$CUST1EXCHANGE,$CUST1EXECFIRM,EIB,6028,JIN,*,0,0,3,40,2,2,1,30,TRUE,TRUE,Comment
ORDERFILLVERIFICATION,$MM7,$MM7EXCHANGE,$MM7EXECFIRM,EOY,3656,ABC,*,0,30,1,20,1,2,1,30,TRUE,TRUE,Comment
ORDERFILLVERIFICATION,$MM2,$MM2EXCHANGE,$MM2EXECFIRM,TCZ,6217,ABC,*,0,30,1,20,1,2,1,30,TRUE,TRUE,Comment
ORDERCANCELNOWAIT,$MM2,$MM2EXCHANGE,$MM2EXECFIRM,TCZ,6217,ABC,*,30,$SESSION1,1,TRUE,TRUE,Comment
ORDERCANCELNOWAIT,$MM7,$MM7EXCHANGE,$MM7EXECFIRM,EOY,3656,ABC,*,30,$SESSION1,1,TRUE,TRUE,Comment
ORDERCANCELNOWAIT,$MM5,$MM5EXCHANGE,$MM5EXECFIRM,YTT,3158,ABC,*,5,$SESSION1,1,TRUE,TRUE,Comment
QUOTECANCEL,$MM8,$SESSION1,$CLASS1PRODUCT1,2,TRUE,TRUE,Comment
QUOTECANCELVERIFICATION,$MM8,$SESSION1,$CLASS1PRODUCT1,2,TRUE,TRUE,Comment
CURRENTMARKETV4BESTMARKETQUERY,$MM1,CBOE2,$CLASS1PRODUCT1,0,1,0,00,0,1,0,00,TRUE,TRUE,Comment
TOPOFBOOKVERIFICATION,$MM1,$SESSION1,$CLASS1PRODUCT1,0,1,0,00,0,1,0,00,TRUE,TRUE,Comment

COMMENT, Test Case 14:Enter a Non quote Like order during HALO auction CBEO becomes NBBO and Trades with ipdate cboe Quote. AON IOrder an pdpm MM orders will entered and booked in preopening state. After auction completed it will be traded according to PDPM allocation(40%)
UPDATEBOTR,$SA1,$SESSION1,$CLASS1,$CLASS1PRODUCT1,B,1.00,NYSE=10,TRUE,TRUE,Comment
UPDATEBOTR,$SA1,$SESSION1,$CLASS1,$CLASS1PRODUCT1,S,1.31,NYSE=10,TRUE,TRUE,Comment
SETAFFILIATEDFIRMFORUSER,$SA1,$MM1,$MM1EXCHANGE,$MM1AFFILIATE,TRUE,TRUE,$SA1 sets Firm Affiliation for user $MM1
SETAFFILIATEDFIRMFORUSER,$SA1,$MM2,$MM2EXCHANGE,$MM2AFFILIATE,TRUE,TRUE,$SA1 sets Firm Affiliation for user $MM2
SETPDPMASSIGNMENT,$SA1,$CUST1,$SESSION1,$MM3EXCHANGE,$CUST2EXECFIRM,$CLASS1,JIN,Default,ALL,TRUE,TRUE,Comment
PAUSE,2000
VERIFYPDPMASSIGNMENT,$SA1,$CUST1,$SESSION1,$MM3EXCHANGE,$CUST2EXECFIRM,$CLASS1,JIN,Default,ALL,TRUE,TRUE,Comment
SETPRODUCTSTATEBYPRODUCT,$SA1,$SESSION1,$CLASS1PRODUCT1,$CLASS1,1,TRUE,TRUE,Comment
PRODUCTSTATEQUERY,$SA1,$SESSION1,$CLASS1PRODUCT1,1,TRUE,TRUE,Comment
SETPRODUCTSTATEBYPRODUCT,$SA1,$SESSION1,$CLASS1PRODUCT1,$CLASS1,2,TRUE,TRUE,Comment
PRODUCTSTATEQUERY,$SA1,$SESSION1,$CLASS1PRODUCT1,2,TRUE,TRUE,Comment
ORDER,$CUST1,$CUST1EXCHANGE,$CUST1EXECFIRM,FQH,6402,JIN,*,$CUST1EXCHANGE,$CUST1,55,$CLASS1PRODUCT1,B,2,1,30,D,21/12/2003 6:00:00.0,1,1,0,00,0,-,-,-,$CUST1,$CUST1,C,FALSE,C,U,0,-,-,$SESSION1,TRUE,TRUE,Comment
ORDER,$MM4,$MM4EXCHANGE,$MM4EXECFIRM,KFJ,7510,ABC,*,$MM4EXCHANGE,$MM4,30,$CLASS1PRODUCT1,B,2,1,35,D,21/12/2003 6:00:00.0,1,1,0,00,0,-,-,-,$MM4,$MM4,C,FALSE,M,U,0,-,-,$SESSION1,TRUE,TRUE,Comment
ORDER,$MM3,$MM3EXCHANGE,$MM3EXECFIRM,CEF,4319,ABC,*,$MM3EXCHANGE,$MM3,25,$CLASS1PRODUCT1,S,2,1,10,D,21/12/2003 6:00:00.0,1,1,0,00,0,-,-,-,$MM3,$MM3,C,FALSE,M,U,0,-,-,$SESSION1,TRUE,TRUE,Comment
ORDER,$MM7,$MM7EXCHANGE,$MM7EXECFIRM,LXE,8262,ABC,*,$MM7EXCHANGE,$MM7,30,$CLASS1PRODUCT1,S,2,1,30,D,21/12/2003 6:00:00.0,1,1,0,00,0,-,-,-,$MM7,$MM7,C,FALSE,M,U,0,-,-,$SESSION1,TRUE,TRUE,Comment
ORDER,$MM8,$MM8EXCHANGE,$MM8EXECFIRM,FCC,3663,ABC,*,$MM8EXCHANGE,$MM8,30,$CLASS1PRODUCT1,S,2,1,30,D,21/12/2003 6:00:00.0,2,1,0,00,0,-,-,-,$MM8,$MM8,C,FALSE,C,U,0,-,-,$SESSION1,TRUE,TRUE,Comment
ORDER,$MM1,$MM1EXCHANGE,$MM1EXECFIRM,RUO,7677,ABC,*,$MM1EXCHANGE,$MM1,25,$CLASS1PRODUCT1,S,2,1,30,D,21/12/2003 6:00:00.0,1,1,0,00,0,-,-,-,$MM1,$MM1,C,FALSE,M,U,0,-,-,$SESSION1,TRUE,TRUE,Comment
ORDER,$MM5,$MM5EXCHANGE,$MM5EXECFIRM,DJJ,2443,ABC,*,$MM5EXCHANGE,$MM5,10,$CLASS1PRODUCT1,S,2,1,30,D,21/12/2003 6:00:00.0,1,1,0,00,0,-,-,-,$MM5,$MM5,C,FALSE,M,U,0,-,-,$SESSION1,TRUE,TRUE,Comment
PAUSE,2000
QUOTE,$MM3,2,1,00,10,2,1,20,10,$CLASS1PRODUCT1,$SESSION1,User Assigned Id..,TRUE,TRUE,Comment
SETPRODUCTSTATEBYPRODUCT,$SA1,$SESSION1,$CLASS1PRODUCT1,$CLASS1,3,TRUE,TRUE,Comment
PRODUCTSTATEQUERY,$SA1,$SESSION1,$CLASS1PRODUCT1,3,TRUE,TRUE,Comment
PRODUCTSTATEQUERY,$SA1,$SESSION1,$CLASS1PRODUCT1,4,TRUE,TRUE,Comment
PAUSE,2000
ORDERFILLVERIFICATION,$MM3,$MM3EXCHANGE,$MM3EXECFIRM,CEF,4319,ABC,*,0,0,3,25,1,2,1,23,TRUE,TRUE,Comment
ORDERFILLVERIFICATION,$MM4,$MM4EXCHANGE,$MM4EXECFIRM,KFJ,7510,ABC,*,0,0,3,30,2,2,1,23,TRUE,TRUE,Comment
RFPQUERY,$MM1,$SESSION1,$CLASS1PRODUCT1,$AUCTION123,B,50,2,1,23,TRUE,TRUE,Comment
PAUSE,1100
ORDER,$MM9,$MM9EXCHANGE,$MM9EXECFIRM,JBI,457,ABC,*,$MM9EXCHANGE,$MM9,20,$CLASS1PRODUCT1,S,2,1,30,D,21/12/2003 6:00:00.0,14,1,0,00,0,-,-,$AUCTION123,$MM9,$MM9,C,FALSE,M,U,0,-,-,$SESSION1,TRUE,TRUE,Comment
ORDERFILLVERIFICATION,$CUST1,$CUST1EXCHANGE,$CUST1EXECFIRM,FQH,6402,JIN,*,0,0,3,50,2,2,1,30,TRUE,TRUE,Comment
ORDERFILLVERIFICATION,$MM1,$MM1EXCHANGE,$MM1EXECFIRM,RUO,7677,ABC,*,0,5,1,20,1,2,1,30,TRUE,TRUE,Comment
ORDERFILLVERIFICATION,$MM7,$MM7EXCHANGE,$MM7EXECFIRM,LXE,8262,ABC,*,0,0,3,30,1,2,1,30,TRUE,TRUE,Comment
QUOTECANCEL,$MM3,$SESSION1,$CLASS1PRODUCT1,2,TRUE,TRUE,Comment
QUOTECANCELVERIFICATION,$MM3,$SESSION1,$CLASS1PRODUCT1,2,TRUE,TRUE,Comment
ORDERCANCELNOWAIT,$MM1,$MM1EXCHANGE,$MM1EXECFIRM,RUO,7677,ABC,*,5,$SESSION1,1,TRUE,TRUE,Comment
ORDERCANCELNOWAIT,$MM8,$MM8EXCHANGE,$MM8EXECFIRM,FCC,3663,ABC,*,30,$SESSION1,1,TRUE,TRUE,Comment
ORDERCANCELNOWAIT,$MM5,$MM5EXCHANGE,$MM5EXECFIRM,DJJ,2443,ABC,*,10,$SESSION1,1,TRUE,TRUE,Comment
TOPOFBOOKVERIFICATION,$MM1,$SESSION1,$CLASS1PRODUCT1,0,1,0,00,0,1,0,00,TRUE,TRUE,Comment

COMMENT, Test Case 15:Limit order with valid and matching price. 2 PMM in different price point and PMM 1 will trade in HALO(opening state and PMM allocation takes place and PMM 2 will trade after HAL auction end. 50 PMM allocation takes place in both side
UPDATEBOTR,$SA1,$SESSION1,$CLASS1,$CLASS1PRODUCT1,B,1.00,NYSE=10,TRUE,TRUE,Comment
UPDATEBOTR,$SA1,$SESSION1,$CLASS1,$CLASS1PRODUCT1,S,1.31,NYSE=10,TRUE,TRUE,Comment
SETPRODUCTSTATEBYPRODUCT,$SA1,$SESSION1,$CLASS1PRODUCT1,$CLASS1,1,TRUE,TRUE,Comment
PRODUCTSTATEQUERY,$SA1,$SESSION1,$CLASS1PRODUCT1,1,TRUE,TRUE,Comment
SETPRODUCTSTATEBYPRODUCT,$SA1,$SESSION1,$CLASS1PRODUCT1,$CLASS1,2,TRUE,TRUE,Comment
PRODUCTSTATEQUERY,$SA1,$SESSION1,$CLASS1PRODUCT1,2,TRUE,TRUE,Comment
TOPOFBOOKVERIFICATION,$MM1,$SESSION1,$CLASS1PRODUCT1,0,1,0,00,0,1,0,00,TRUE,TRUE,Comment
ORDER,$CUST1,$CUST1EXCHANGE,$CUST1EXECFIRM,FJU,3192,JIN,*,$CUST1EXCHANGE,$CUST1,100,$CLASS1PRODUCT1,B,2,1,30,D,21/12/2003 6:00:00.0,1,1,0,00,0,-,-,-,$CUST1,$CUST1,C,FALSE,C,U,0,-,-,$SESSION1,TRUE,TRUE,Comment
ORDER,$MM3,$MM3EXCHANGE,$MM3EXECFIRM,YZA,8594,ABC,*,$MM3EXCHANGE,$MM3,5,$CLASS1PRODUCT1,B,2,1,10,D,21/12/2003 6:00:00.0,1,1,0,00,0,-,-,-,$MM3,$MM3,C,FALSE,M,U,0,-,-,$SESSION1,TRUE,TRUE,Comment
ORDER,$MM4,$MM4EXCHANGE,$MM4EXECFIRM,VQH,5237,ABC,*,$MM4EXCHANGE,$MM4,10,$CLASS1PRODUCT1,S,2,1,10,D,21/12/2003 6:00:00.0,1,1,0,00,0,-,-,-,$MM4,$MM4,C,FALSE,M,U,0,-,-,$SESSION1,TRUE,TRUE,Comment
ORDER,$MM5,$MM5EXCHANGE,$MM5EXECFIRM,YTQ,9642,ABC,*,$MM5EXCHANGE,$MM5,50,$CLASS1PRODUCT1,S,2,1,30,D,21/12/2003 6:00:00.0,1,1,0,00,0,-,-,-,$MM5,$MM5,C,FALSE,M,U,0,-,-,$SESSION1,TRUE,TRUE,Comment
ORDER,$MM1,$MM1EXCHANGE,$MM1EXECFIRM,BVN,8549,ABC,*,$MM1EXCHANGE,$MM1,50,$CLASS1PRODUCT1,S,2,1,30,D,21/12/2003 6:00:00.0,1,1,0,00,0,-,-,-,$MM1,$MM1,C,FALSE,M,U,0,-,-,$SESSION1,TRUE,TRUE,Comment
ORDER,$MM6,$MM6EXCHANGE,$MM6EXECFIRM,ZAG,9777,ABC,*,$MM6EXCHANGE,$MM6,10,$CLASS1PRODUCT1,S,2,1,30,D,21/12/2003 6:00:00.0,1,1,0,00,0,-,-,-,$MM6,$MM6,C,FALSE,C,U,0,-,-,$SESSION1,TRUE,TRUE,Comment
ORDER,$MM2,$MM2EXCHANGE,$MM2EXECFIRM,EDZ,3718,ABC,*,$MM2EXCHANGE,$MM2,10,$CLASS1PRODUCT1,S,2,1,10,D,21/12/2003 6:00:00.0,1,1,0,00,0,-,-,-,$MM2,$MM2,C,FALSE,M,U,0,-,-,$SESSION1,TRUE,TRUE,Comment
QUOTE,$MM8,2,1,00,10,2,1,20,10,$CLASS1PRODUCT1,$SESSION1,User Assigned Id..,TRUE,TRUE,Comment
SETPRODUCTSTATEBYPRODUCT,$SA1,$SESSION1,$CLASS1PRODUCT1,$CLASS1,3,TRUE,TRUE,Comment
PRODUCTSTATEQUERY,$SA1,$SESSION1,$CLASS1PRODUCT1,3,TRUE,TRUE,Comment
PRODUCTSTATEQUERY,$SA1,$SESSION1,$CLASS1PRODUCT1,4,TRUE,TRUE,Comment
PAUSE,2000
ORDERFILLVERIFICATION,$MM4,$MM4EXCHANGE,$MM4EXECFIRM,VQH,5237,ABC,*,0,0,3,10,1,2,1,23,TRUE,TRUE,Comment
ORDERFILLVERIFICATION,$CUST1,$CUST1EXCHANGE,$CUST1EXECFIRM,FJU,3192,JIN,*,0,70,1,30,3,2,1,23,TRUE,TRUE,Comment
ORDERFILLVERIFICATION,$MM2,$MM2EXCHANGE,$MM2EXECFIRM,EDZ,3718,ABC,*,0,0,3,10,1,2,1,23,TRUE,TRUE,Comment
RFPQUERY,$MM1,$SESSION1,$CLASS1PRODUCT1,$AUCTION123,B,70,2,1,23,TRUE,TRUE,Comment
ORDERFILLVERIFICATION,$MM6,$MM6EXCHANGE,$MM6EXECFIRM,ZAG,9777,ABC,*,0,0,3,10,1,2,1,30,TRUE,TRUE,Comment
ORDERFILLVERIFICATION,$MM1,$MM1EXCHANGE,$MM1EXECFIRM,BVN,8549,ABC,*,0,20,1,30,1,2,1,30,TRUE,TRUE,Comment
ORDERFILLVERIFICATION,$MM5,$MM5EXCHANGE,$MM5EXECFIRM,YTQ,9642,ABC,*,0,20,1,30,1,2,1,30,TRUE,TRUE,Comment
ORDERCANCELNOWAIT,$MM1,$MM1EXCHANGE,$MM1EXECFIRM,BVN,8549,ABC,*,20,$SESSION1,1,TRUE,TRUE,Comment
ORDERCANCELNOWAIT,$MM5,$MM5EXCHANGE,$MM5EXECFIRM,YTQ,9642,ABC,*,20,$SESSION1,1,TRUE,TRUE,Comment
ORDERCANCELNOWAIT,$MM3,$MM3EXCHANGE,$MM3EXECFIRM,YZA,8594,ABC,*,10,$SESSION1,1,TRUE,TRUE,Comment
QUOTECANCEL,$MM8,$SESSION1,$CLASS1PRODUCT1,2,TRUE,TRUE,Comment
QUOTECANCELVERIFICATION,$MM8,$SESSION1,$CLASS1PRODUCT1,2,TRUE,TRUE,Comment
CURRENTMARKETV4BESTMARKETQUERY,$MM1,CBOE2,$CLASS1PRODUCT1,0,1,0,00,0,1,0,00,TRUE,TRUE,Comment
TOPOFBOOKVERIFICATION,$MM1,$SESSION1,$CLASS1PRODUCT1,0,1,0,00,0,1,0,00,TRUE,TRUE,Comment

COMMENT, Test Case 16:Limit order with valid quotes and matching resting customer orders in the book. Hal will trade at CBOE START HAL NO AUCTION RESPONSE). Incomming order will trade with Customer PMM based on PMM allocation (50%)and then with Price Time
UPDATEBOTR,$SA1,$SESSION1,$CLASS1,$CLASS1PRODUCT1,B,1.00,NYSE=10,TRUE,TRUE,Comment
UPDATEBOTR,$SA1,$SESSION1,$CLASS1,$CLASS1PRODUCT1,S,1.31,NYSE=10,TRUE,TRUE,Comment
UPDATEBOTR,$SA1,$SESSION1,$CLASS1,$CLASS1PRODUCT1,B,1.00,AMEX=10,TRUE,TRUE,Comment
UPDATEBOTR,$SA1,$SESSION1,$CLASS1,$CLASS1PRODUCT1,S,1.32,AMEX=10,TRUE,TRUE,Comment
SETPRODUCTSTATEBYPRODUCT,$SA1,$SESSION1,$CLASS1PRODUCT1,$CLASS1,1,TRUE,TRUE,Comment
PRODUCTSTATEQUERY,$SA1,$SESSION1,$CLASS1PRODUCT1,1,TRUE,TRUE,Comment
SETPRODUCTSTATEBYPRODUCT,$SA1,$SESSION1,$CLASS1PRODUCT1,$CLASS1,2,TRUE,TRUE,Comment
PRODUCTSTATEQUERY,$SA1,$SESSION1,$CLASS1PRODUCT1,2,TRUE,TRUE,Comment
ORDER,$CUST1,$CUST1EXCHANGE,$CUST1EXECFIRM,OQK,2469,JIN,*,$CUST1EXCHANGE,$CUST1,55,$CLASS1PRODUCT1,B,2,1,30,D,21/12/2003 6:00:00.0,1,1,0,00,0,-,-,-,$CUST1,$CUST1,C,FALSE,C,U,0,-,-,$SESSION1,TRUE,TRUE,Comment
ORDER,$CUST1,$CUST1EXCHANGE,$CUST1EXECFIRM,JPQ,5155,JIN,*,$CUST1EXCHANGE,$CUST1,30,$CLASS1PRODUCT1,B,2,1,35,D,21/12/2003 6:00:00.0,1,1,0,00,0,-,-,-,$CUST1,$CUST1,C,FALSE,C,U,0,-,-,$SESSION1,TRUE,TRUE,Comment
ORDER,$MM3,$MM3EXCHANGE,$MM3EXECFIRM,MTN,6091,ABC,*,$MM3EXCHANGE,$MM3,5,$CLASS1PRODUCT1,B,2,1,10,D,21/12/2003 6:00:00.0,1,1,0,00,0,-,-,-,$MM3,$MM3,C,FALSE,M,U,0,-,-,$SESSION1,TRUE,TRUE,Comment
ORDER,$MM4,$MM4EXCHANGE,$MM4EXECFIRM,MCD,7065,ABC,*,$MM4EXCHANGE,$MM4,10,$CLASS1PRODUCT1,S,2,1,10,D,21/12/2003 6:00:00.0,1,1,0,00,0,-,-,-,$MM4,$MM4,C,FALSE,M,U,0,-,-,$SESSION1,TRUE,TRUE,Comment
ORDER,$MM2,$MM2EXCHANGE,$MM2EXECFIRM,NHK,6285,ABC,*,$MM2EXCHANGE,$MM2,10,$CLASS1PRODUCT1,S,2,1,10,D,21/12/2003 6:00:00.0,1,1,0,00,0,-,-,-,$MM2,$MM2,C,FALSE,M,U,0,-,-,$SESSION1,TRUE,TRUE,Comment
ORDER,$MM5,$MM5EXCHANGE,$MM5EXECFIRM,KDT,4276,ABC,*,$MM5EXCHANGE,$MM5,10,$CLASS1PRODUCT1,S,2,1,30,D,21/12/2003 6:00:00.0,1,1,0,00,0,-,-,-,$MM5,$MM5,C,FALSE,M,U,0,-,-,$SESSION1,TRUE,TRUE,Comment
ORDER,$MM6,$MM6EXCHANGE,$MM6EXECFIRM,ELM,1391,ABC,*,$MM6EXCHANGE,$MM6,20,$CLASS1PRODUCT1,S,2,1,30,D,21/12/2003 6:00:00.0,1,1,0,00,0,-,-,-,$MM6,$MM6,C,FALSE,M,U,0,-,-,$SESSION1,TRUE,TRUE,Comment
ORDER,$MM1,$MM1EXCHANGE,$MM1EXECFIRM,VVX,2486,ABC,*,$MM1EXCHANGE,$MM1,20,$CLASS1PRODUCT1,S,2,1,30,D,21/12/2003 6:00:00.0,1,1,0,00,0,-,-,-,$MM1,$MM1,C,FALSE,M,U,0,-,-,$SESSION1,TRUE,TRUE,Comment
ORDER,$MM7,$MM7EXCHANGE,$MM7EXECFIRM,DEP,1786,ABC,*,$MM7EXCHANGE,$MM7,5,$CLASS1PRODUCT1,S,2,1,30,D,21/12/2003 6:00:00.0,1,1,0,00,0,-,-,-,$MM7,$MM7,C,FALSE,C,U,0,-,-,$SESSION1,TRUE,TRUE,Comment
QUOTE,$MM8,2,1,00,10,2,1,20,10,$CLASS1PRODUCT1,$SESSION1,User Assigned Id..,TRUE,TRUE,Comment
SETPRODUCTSTATEBYPRODUCT,$SA1,$SESSION1,$CLASS1PRODUCT1,$CLASS1,3,TRUE,TRUE,Comment
PRODUCTSTATEQUERY,$SA1,$SESSION1,$CLASS1PRODUCT1,3,TRUE,TRUE,Comment
PRODUCTSTATEQUERY,$SA1,$SESSION1,$CLASS1PRODUCT1,4,TRUE,TRUE,Comment
PAUSE,2000
ORDERFILLVERIFICATION,$MM2,$MM2EXCHANGE,$MM2EXECFIRM,NHK,6285,ABC,*,0,0,3,10,1,2,1,23,TRUE,TRUE,Comment
ORDERFILLVERIFICATION,$MM4,$MM4EXCHANGE,$MM4EXECFIRM,MCD,7065,ABC,*,0,0,3,10,1,2,1,23,TRUE,TRUE,Comment
ORDERFILLVERIFICATION,$CUST1,$CUST1EXCHANGE,$CUST1EXECFIRM,JPQ,5155,JIN,*,0,0,3,30,3,2,1,23,TRUE,TRUE,Comment
RFPQUERY,$MM1,$SESSION1,$CLASS1PRODUCT1,$AUCTION123,B,55,2,1,23,TRUE,TRUE,Comment
PAUSE,1100
ORDERFILLVERIFICATION,$MM7,$MM7EXCHANGE,$MM7EXECFIRM,DEP,1786,ABC,*,0,0,3,5,1,2,1,30,TRUE,TRUE,Comment
ORDERFILLVERIFICATION,$CUST1,$CUST1EXCHANGE,$CUST1EXECFIRM,OQK,2469,JIN,*,0,0,3,55,4,2,1,30,TRUE,TRUE,Comment
ORDERFILLVERIFICATION,$MM1,$MM1EXCHANGE,$MM1EXECFIRM,VVX,2486,ABC,*,0,0,3,20,1,2,1,30,TRUE,TRUE,Comment
ORDERFILLVERIFICATION,$MM5,$MM5EXCHANGE,$MM5EXECFIRM,KDT,4276,ABC,*,0,0,3,10,1,2,1,30,TRUE,TRUE,Comment
ORDERFILLVERIFICATION,$MM6,$MM6EXCHANGE,$MM6EXECFIRM,ELM,1391,ABC,*,0,0,3,20,1,2,1,30,TRUE,TRUE,Comment
QUOTECANCEL,$MM8,$SESSION1,$CLASS1PRODUCT1,2,TRUE,TRUE,Comment
QUOTECANCELVERIFICATION,$MM8,$SESSION1,$CLASS1PRODUCT1,2,TRUE,TRUE,Comment
ORDERCANCELNOWAIT,$MM3,$MM3EXCHANGE,$MM3EXECFIRM,MTN,6091,ABC,*,5,$SESSION1,1,TRUE,TRUE,Comment
TOPOFBOOKVERIFICATION,$MM1,$SESSION1,$CLASS1PRODUCT1,0,1,0,00,0,1,0,00,TRUE,TRUE,Comment

COMMENT, Test Case 17:Enter quote like order during HALO Auction CBOE becomes NBBO and trades with updated cboe quote Incomming order will trade with Customer PMM based on PMM allocation (40%)and then with Price Time. Incomming I order will not get any allocations
UPDATEBOTR,$SA1,$SESSION1,$CLASS1,$CLASS1PRODUCT1,B,1.00,NYSE=10,TRUE,TRUE,Comment
UPDATEBOTR,$SA1,$SESSION1,$CLASS1,$CLASS1PRODUCT1,S,1.31,NYSE=10,TRUE,TRUE,Comment
SETPRODUCTSTATEBYPRODUCT,$SA1,$SESSION1,$CLASS1PRODUCT1,$CLASS1,1,TRUE,TRUE,Comment
PRODUCTSTATEQUERY,$SA1,$SESSION1,$CLASS1PRODUCT1,1,TRUE,TRUE,Comment
SETPRODUCTSTATEBYPRODUCT,$SA1,$SESSION1,$CLASS1PRODUCT1,$CLASS1,2,TRUE,TRUE,Comment
PRODUCTSTATEQUERY,$SA1,$SESSION1,$CLASS1PRODUCT1,2,TRUE,TRUE,Comment
ORDER,$CUST1,$CUST1EXCHANGE,$CUST1EXECFIRM,BNG,5012,JIN,*,$CUST1EXCHANGE,$CUST1,50,$CLASS1PRODUCT1,B,2,1,30,D,21/12/2003 6:00:00.0,1,1,0,00,0,-,-,-,$CUST1,$CUST1,C,FALSE,C,U,0,-,-,$SESSION1,TRUE,TRUE,Comment
ORDER,$MM5,$MM5EXCHANGE,$MM5EXECFIRM,HLL,6424,ABC,*,$MM5EXCHANGE,$MM5,5,$CLASS1PRODUCT1,B,2,1,10,D,21/12/2003 6:00:00.0,1,1,0,00,0,-,-,-,$MM5,$MM5,C,FALSE,M,U,0,-,-,$SESSION1,TRUE,TRUE,Comment
ORDER,$MM3,$MM3EXCHANGE,$MM3EXECFIRM,NPJ,5589,ABC,*,$MM3EXCHANGE,$MM3,20,$CLASS1PRODUCT1,S,2,1,30,D,21/12/2003 6:00:00.0,1,1,0,00,0,-,-,-,$MM3,$MM3,C,FALSE,M,U,0,-,-,$SESSION1,TRUE,TRUE,Comment
ORDER,$MM7,$MM7EXCHANGE,$MM7EXECFIRM,ANP,2421,ABC,*,$MM7EXCHANGE,$MM7,10,$CLASS1PRODUCT1,S,2,1,30,D,21/12/2003 6:00:00.0,1,1,0,00,0,-,-,-,$MM7,$MM7,C,FALSE,C,U,0,-,-,$SESSION1,TRUE,TRUE,Comment
ORDER,$MM1,$MM1EXCHANGE,$MM1EXECFIRM,GPK,9308,ABC,*,$MM1EXCHANGE,$MM1,50,$CLASS1PRODUCT1,S,2,1,30,D,21/12/2003 6:00:00.0,1,1,0,00,0,-,-,-,$MM1,$MM1,C,FALSE,M,U,0,-,-,$SESSION1,TRUE,TRUE,Comment
QUOTE,$MM9,2,1,00,10,2,1,20,10,$CLASS1PRODUCT1,$SESSION1,User Assigned Id..,TRUE,TRUE,Comment
SETPRODUCTSTATEBYPRODUCT,$SA1,$SESSION1,$CLASS1PRODUCT1,$CLASS1,3,TRUE,TRUE,Comment
PRODUCTSTATEQUERY,$SA1,$SESSION1,$CLASS1PRODUCT1,3,TRUE,TRUE,Comment
PRODUCTSTATEQUERY,$SA1,$SESSION1,$CLASS1PRODUCT1,4,TRUE,TRUE,Comment
PAUSE,2000
ORDERFILLVERIFICATION,$CUST1,$CUST1EXCHANGE,$CUST1EXECFIRM,BNG,5012,JIN,*,0,40,1,10,1,2,1,23,TRUE,TRUE,Comment
RFPQUERY,$MM1,$SESSION1,$CLASS1PRODUCT1,$AUCTION123,B,40,2,1,23,TRUE,TRUE,Comment
PAUSE,1100
ORDER,$MM5,$MM5EXCHANGE,$MM5EXECFIRM,JWK,5990,ABC,*,$MM5EXCHANGE,$MM5,20,$CLASS1PRODUCT1,S,2,1,30,D,21/12/2003 6:00:00.0,1,1,0,00,0,-,-,-,$MM5,$MM5,C,FALSE,I,U,0,-,-,$SESSION1,TRUE,TRUE,Comment
ORDERFILLVERIFICATION,$CUST1,$CUST1EXCHANGE,$CUST1EXECFIRM,BNG,5012,JIN,*,0,0,3,40,3,2,1,30,TRUE,TRUE,Comment
ORDERFILLVERIFICATION,$MM7,$MM7EXCHANGE,$MM7EXECFIRM,ANP,2421,ABC,*,0,0,3,10,1,2,1,30,TRUE,TRUE,Comment
ORDERFILLVERIFICATION,$MM1,$MM1EXCHANGE,$MM1EXECFIRM,GPK,9308,ABC,*,0,38,1,12,1,2,1,30,TRUE,TRUE,Comment
ORDERFILLVERIFICATION,$MM3,$MM3EXCHANGE,$MM3EXECFIRM,NPJ,5589,ABC,*,0,2,1,18,1,2,1,30,TRUE,TRUE,Comment
QUOTECANCEL,$MM9,$SESSION1,$CLASS1PRODUCT1,2,TRUE,TRUE,Comment
QUOTECANCELVERIFICATION,$MM9,$SESSION1,$CLASS1PRODUCT1,2,TRUE,TRUE,Comment
ORDERCANCELNOWAIT,$MM1,$MM1EXCHANGE,$MM1EXECFIRM,GPK,9308,ABC,*,38,$SESSION1,1,TRUE,TRUE,Comment
ORDERCANCELNOWAIT,$MM3,$MM3EXCHANGE,$MM3EXECFIRM,NPJ,5589,ABC,*,2,$SESSION1,1,TRUE,TRUE,Comment
ORDERCANCELNOWAIT,$MM5,$MM5EXCHANGE,$MM5EXECFIRM,HLL,6424,ABC,*,5,$SESSION1,1,TRUE,TRUE,Comment
ORDERCANCELNOWAIT,$MM5,$MM5EXCHANGE,$MM5EXECFIRM,JWK,5990,ABC,*,20,$SESSION1,1,TRUE,TRUE,Comment
TOPOFBOOKVERIFICATION,$MM1,$SESSION1,$CLASS1PRODUCT1,0,1,0,00,0,1,0,00,TRUE,TRUE,Comment

COMMENT, Test Case 18:Enter non quote like order during HALO Auction CBOE becomes NBBO and trades with updated cboe quote Incomming order will trade with Customer PMM based on PMM allocation (50%)and then with Price Time. Incomming C order will get allocations
UPDATEBOTR,$SA1,$SESSION1,$CLASS1,$CLASS1PRODUCT1,B,1.00,NYSE=10,TRUE,TRUE,Comment
UPDATEBOTR,$SA1,$SESSION1,$CLASS1,$CLASS1PRODUCT1,S,1.31,NYSE=10,TRUE,TRUE,Comment
SETPRODUCTSTATEBYPRODUCT,$SA1,$SESSION1,$CLASS1PRODUCT1,$CLASS1,1,TRUE,TRUE,Comment
PRODUCTSTATEQUERY,$SA1,$SESSION1,$CLASS1PRODUCT1,1,TRUE,TRUE,Comment
SETPRODUCTSTATEBYPRODUCT,$SA1,$SESSION1,$CLASS1PRODUCT1,$CLASS1,2,TRUE,TRUE,Comment
PRODUCTSTATEQUERY,$SA1,$SESSION1,$CLASS1PRODUCT1,2,TRUE,TRUE,Comment
ORDER,$CUST1,$CUST1EXCHANGE,$CUST1EXECFIRM,LBR,6263,JIN,*,$CUST1EXCHANGE,$CUST1,50,$CLASS1PRODUCT1,B,2,1,30,D,21/12/2003 6:00:00.0,1,1,0,00,0,-,-,-,$CUST1,$CUST1,C,FALSE,C,U,0,-,-,$SESSION1,TRUE,TRUE,Comment
ORDER,$MM5,$MM5EXCHANGE,$MM5EXECFIRM,FPU,5556,ABC,*,$MM5EXCHANGE,$MM5,5,$CLASS1PRODUCT1,B,2,1,10,D,21/12/2003 6:00:00.0,1,1,0,00,0,-,-,-,$MM5,$MM5,C,FALSE,M,U,0,-,-,$SESSION1,TRUE,TRUE,Comment
ORDER,$MM3,$MM3EXCHANGE,$MM3EXECFIRM,FXD,4957,ABC,*,$MM3EXCHANGE,$MM3,20,$CLASS1PRODUCT1,S,2,1,30,D,21/12/2003 6:00:00.0,1,1,0,00,0,-,-,-,$MM3,$MM3,C,FALSE,M,U,0,-,-,$SESSION1,TRUE,TRUE,Comment
ORDER,$MM7,$MM7EXCHANGE,$MM7EXECFIRM,JEN,361,ABC,*,$MM7EXCHANGE,$MM7,10,$CLASS1PRODUCT1,S,2,1,30,D,21/12/2003 6:00:00.0,1,1,0,00,0,-,-,-,$MM7,$MM7,C,FALSE,C,U,0,-,-,$SESSION1,TRUE,TRUE,Comment
ORDER,$MM1,$MM1EXCHANGE,$MM1EXECFIRM,SGU,5068,ABC,*,$MM1EXCHANGE,$MM1,50,$CLASS1PRODUCT1,S,2,1,30,D,21/12/2003 6:00:00.0,1,1,0,00,0,-,-,-,$MM1,$MM1,C,FALSE,M,U,0,-,-,$SESSION1,TRUE,TRUE,Comment
QUOTE,$MM9,2,1,00,10,2,1,20,10,$CLASS1PRODUCT1,$SESSION1,User Assigned Id..,TRUE,TRUE,Comment
SETPRODUCTSTATEBYPRODUCT,$SA1,$SESSION1,$CLASS1PRODUCT1,$CLASS1,3,TRUE,TRUE,Comment
PRODUCTSTATEQUERY,$SA1,$SESSION1,$CLASS1PRODUCT1,3,TRUE,TRUE,Comment
PRODUCTSTATEQUERY,$SA1,$SESSION1,$CLASS1PRODUCT1,4,TRUE,TRUE,Comment
PAUSE,2000
ORDERFILLVERIFICATION,$CUST1,$CUST1EXCHANGE,$CUST1EXECFIRM,LBR,6263,JIN,*,0,40,1,10,1,2,1,23,TRUE,TRUE,Comment
RFPQUERY,$MM1,$SESSION1,$CLASS1PRODUCT1,$AUCTION123,B,40,2,1,23,TRUE,TRUE,Comment
PAUSE,1100
ORDER,$MM3,$MM3EXCHANGE,$MM3EXECFIRM,QRU,394,ABC,*,$MM3EXCHANGE,$MM3,20,$CLASS1PRODUCT1,S,2,1,30,D,21/12/2003 6:00:00.0,1,1,0,00,0,-,-,-,$MM3,$MM3,C,FALSE,C,U,0,-,-,$SESSION1,TRUE,TRUE,Comment
ORDERFILLVERIFICATION,$CUST1,$CUST1EXCHANGE,$CUST1EXECFIRM,LBR,6263,JIN,*,0,0,3,40,3,2,1,30,TRUE,TRUE,Comment
ORDERFILLVERIFICATION,$MM7,$MM7EXCHANGE,$MM7EXECFIRM,JEN,361,ABC,*,0,0,3,10,1,2,1,30,TRUE,TRUE,Comment
ORDERFILLVERIFICATION,$MM1,$MM1EXCHANGE,$MM1EXECFIRM,SGU,5068,ABC,*,0,35,1,15,1,2,1,30,TRUE,TRUE,Comment
ORDERFILLVERIFICATION,$MM3,$MM3EXCHANGE,$MM3EXECFIRM,FXD,4957,ABC,*,0,5,1,15,1,2,1,30,TRUE,TRUE,Comment
QUOTECANCEL,$MM9,$SESSION1,$CLASS1PRODUCT1,2,TRUE,TRUE,Comment
QUOTECANCELVERIFICATION,$MM9,$SESSION1,$CLASS1PRODUCT1,2,TRUE,TRUE,Comment
ORDERCANCELNOWAIT,$MM1,$MM1EXCHANGE,$MM1EXECFIRM,SGU,5068,ABC,*,35,$SESSION1,1,TRUE,TRUE,Comment
ORDERCANCELNOWAIT,$MM3,$MM3EXCHANGE,$MM3EXECFIRM,FXD,4957,ABC,*,5,$SESSION1,1,TRUE,TRUE,Comment
ORDERCANCELNOWAIT,$MM5,$MM5EXCHANGE,$MM5EXECFIRM,FPU,5556,ABC,*,5,$SESSION1,1,TRUE,TRUE,Comment
ORDERCANCELNOWAIT,$MM3,$MM3EXCHANGE,$MM3EXECFIRM,QRU,394,ABC,*,20,$SESSION1,1,TRUE,TRUE,Comment
TOPOFBOOKVERIFICATION,$MM1,$SESSION1,$CLASS1PRODUCT1,0,1,0,00,0,1,0,00,TRUE,TRUE,Comment

COMMENT, Test Case 19:Inbound CBOE Quote same side of auction is better than NBBO during HAK Auction. Acution premeturely ends and trades with away exchange
UPDATEBOTR,$SA1,$SESSION1,$CLASS1,$CLASS1PRODUCT1,B,1.00,NYSE=10,TRUE,TRUE,Comment
UPDATEBOTR,$SA1,$SESSION1,$CLASS1,$CLASS1PRODUCT1,S,1.31,NYSE=10,TRUE,TRUE,Comment
UPDATEBOTR,$SA1,$SESSION1,$CLASS1,$CLASS1PRODUCT1,B,1.00,AMEX=10,TRUE,TRUE,Comment
UPDATEBOTR,$SA1,$SESSION1,$CLASS1,$CLASS1PRODUCT1,S,1.32,AMEX=10,TRUE,TRUE,Comment
SETPRODUCTSTATEBYPRODUCT,$SA1,$SESSION1,$CLASS1PRODUCT1,$CLASS1,1,TRUE,TRUE,Comment
PRODUCTSTATEQUERY,$SA1,$SESSION1,$CLASS1PRODUCT1,1,TRUE,TRUE,Comment
SETPRODUCTSTATEBYPRODUCT,$SA1,$SESSION1,$CLASS1PRODUCT1,$CLASS1,2,TRUE,TRUE,Comment
PRODUCTSTATEQUERY,$SA1,$SESSION1,$CLASS1PRODUCT1,2,TRUE,TRUE,Comment
ORDER,$CUST1,$CUST1EXCHANGE,$CUST1EXECFIRM,NWW,1617,JIN,*,$CUST1EXCHANGE,$CUST1,55,$CLASS1PRODUCT1,B,2,1,30,D,21/12/2003 6:00:00.0,1,1,0,00,0,-,-,-,$CUST1,$CUST1,C,FALSE,C,U,0,-,-,$SESSION1,TRUE,TRUE,Comment
ORDER,$MM4,$MM4EXCHANGE,$MM4EXECFIRM,BYJ,5950,ABC,*,$MM4EXCHANGE,$MM4,30,$CLASS1PRODUCT1,B,3,0,00,D,21/12/2003 6:00:00.0,1,1,0,00,0,-,-,-,$MM4,$MM4,C,FALSE,M,U,0,-,-,$SESSION1,TRUE,TRUE,Comment
ORDER,$MM5,$MM5EXCHANGE,$MM5EXECFIRM,TGP,5127,ABC,*,$MM5EXCHANGE,$MM5,5,$CLASS1PRODUCT1,B,2,1,10,D,21/12/2003 6:00:00.0,1,1,0,00,0,-,-,-,$MM5,$MM5,C,FALSE,M,U,0,-,-,$SESSION1,TRUE,TRUE,Comment
ORDER,$MM3,$MM3EXCHANGE,$MM3EXECFIRM,MNI,7654,ABC,*,$MM3EXCHANGE,$MM3,25,$CLASS1PRODUCT1,S,2,1,10,D,21/12/2003 6:00:00.0,1,1,0,00,0,-,-,-,$MM3,$MM3,C,FALSE,M,U,0,-,-,$SESSION1,TRUE,TRUE,Comment
ORDER,$MM7,$MM7EXCHANGE,$MM7EXECFIRM,OPP,4837,ABC,*,$MM7EXCHANGE,$MM7,50,$CLASS1PRODUCT1,S,2,1,30,D,21/12/2003 6:00:00.0,1,1,0,00,0,-,-,-,$MM7,$MM7,C,FALSE,M,U,0,-,-,$SESSION1,TRUE,TRUE,Comment
ORDER,$MM1,$MM1EXCHANGE,$MM1EXECFIRM,UVV,254,ABC,*,$MM1EXCHANGE,$MM1,50,$CLASS1PRODUCT1,S,2,1,30,D,21/12/2003 6:00:00.0,1,1,0,00,0,-,-,-,$MM1,$MM1,C,FALSE,M,U,0,-,-,$SESSION1,TRUE,TRUE,Comment
ORDER,$MM3,$MM3EXCHANGE,$MM3EXECFIRM,VWZ,4535,ABC,*,$MM3EXCHANGE,$MM3,10,$CLASS1PRODUCT1,S,2,1,30,D,21/12/2003 6:00:00.0,1,1,0,00,0,-,-,-,$MM3,$MM3,C,FALSE,C,U,0,-,-,$SESSION1,TRUE,TRUE,Comment
QUOTE,$MM9,2,1,00,10,2,1,20,10,$CLASS1PRODUCT1,$SESSION1,User Assigned Id..,TRUE,TRUE,Comment
QUOTE,$MM4,2,1,00,10,2,1,30,10,$CLASS1PRODUCT1,$SESSION1,User Assigned Id..,TRUE,TRUE,Comment
SETPRODUCTSTATEBYPRODUCT,$SA1,$SESSION1,$CLASS1PRODUCT1,$CLASS1,3,TRUE,TRUE,Comment
PRODUCTSTATEQUERY,$SA1,$SESSION1,$CLASS1PRODUCT1,3,TRUE,TRUE,Comment
PRODUCTSTATEQUERY,$SA1,$SESSION1,$CLASS1PRODUCT1,4,TRUE,TRUE,Comment
PAUSE,2000
ORDERFILLVERIFICATION,$CUST1,$CUST1EXCHANGE,$CUST1EXECFIRM,NWW,1617,JIN,*,0,50,1,5,1,2,1,23,TRUE,TRUE,Comment
ORDERFILLVERIFICATION,$MM4,$MM4EXCHANGE,$MM4EXECFIRM,BYJ,5950,ABC,*,0,0,3,30,2,2,1,23,TRUE,TRUE,Comment
RFPQUERY,$MM1,$SESSION1,$CLASS1PRODUCT1,$AUCTION123,B,50,2,1,23,TRUE,TRUE,Comment
PAUSE,1100
QUOTE,$MM4,2,1,00,100,2,1,30,100,$CLASS1PRODUCT1,$SESSION1,User Assigned Id..,TRUE,TRUE,Comment
PAUSE,2000
ORDERFILLVERIFICATION,$MM3,$MM3EXCHANGE,$MM3EXECFIRM,VWZ,4535,ABC,*,0,0,3,10,1,2,1,30,TRUE,TRUE,Comment
ORDERFILLVERIFICATION,$CUST1,$CUST1EXCHANGE,$CUST1EXECFIRM,NWW,1617,JIN,*,0,0,3,50,3,2,1,30,TRUE,TRUE,Comment
ORDERFILLVERIFICATION,$MM1,$MM1EXCHANGE,$MM1EXECFIRM,UVV,254,ABC,*,0,34,1,16,1,2,1,30,TRUE,TRUE,Comment
ORDERFILLVERIFICATION,$MM7,$MM7EXCHANGE,$MM7EXECFIRM,OPP,4837,ABC,*,0,26,1,24,1,2,1,30,TRUE,TRUE,Comment
QUOTECANCEL,$MM9,$SESSION1,$CLASS1PRODUCT1,2,TRUE,TRUE,Comment
QUOTECANCELVERIFICATION,$MM9,$SESSION1,$CLASS1PRODUCT1,2,TRUE,TRUE,Comment
QUOTECANCEL,$MM4,$SESSION1,$CLASS1PRODUCT1,2,TRUE,TRUE,Comment
QUOTECANCELVERIFICATION,$MM4,$SESSION1,$CLASS1PRODUCT1,2,TRUE,TRUE,Comment
ORDERCANCELNOWAIT,$MM1,$MM1EXCHANGE,$MM1EXECFIRM,UVV,254,ABC,*,34,$SESSION1,1,TRUE,TRUE,Comment
ORDERCANCELNOWAIT,$MM7,$MM7EXCHANGE,$MM7EXECFIRM,OPP,4837,ABC,*,26,$SESSION1,1,TRUE,TRUE,Comment
ORDERCANCELNOWAIT,$MM5,$MM5EXCHANGE,$MM5EXECFIRM,TGP,5127,ABC,*,5,$SESSION1,1,TRUE,TRUE,Comment
TOPOFBOOKVERIFICATION,$MM1,$SESSION1,$CLASS1PRODUCT1,0,1,0,00,0,1,0,00,TRUE,TRUE,Comment

COMMENT, Test Case:Cleaning Up Task
TRADERLOGOUT,$MM3,TRUE,TRUE,Comment
TRADERLOGOUT,$MM2,TRUE,TRUE,Comment
TRADERLOGOUT,$MM1,TRUE,TRUE,Comment
TRADERLOGOUT,$MM6,TRUE,TRUE,Comment
TRADERLOGOUT,$MM7,TRUE,TRUE,Comment
TRADERLOGOUT,$MM4,TRUE,TRUE,Comment
TRADERLOGOUT,$MM5,TRUE,TRUE,Comment
TRADERLOGOUT,$CUST2,TRUE,TRUE,Comment
OMTLOGOUT,$HOMT1,TRUE,TRUE,Comment
TRADERLOGOUT,$CUST1,TRUE,TRUE,Comment
TRADERLOGOUT,$MM8,TRUE,TRUE,Comment
TRADERLOGOUT,$MM9,TRUE,TRUE,Comment

SALOGOUT,$SA1,TRUE,TRUE,Comment
ENDPOINT,
PRINTOUTPUTSUMMARY,